# Blender 4.1.1
# www.blender.org
mtllib car.mtl
o glr-wheel.Ft.R
v -0.677203 0.654037 1.024372
v -0.874713 0.654037 1.024372
v -0.677203 0.640899 0.932999
v -0.874713 0.640899 0.932999
v -0.677203 0.602551 0.849028
v -0.874713 0.602551 0.849028
v -0.677203 0.542099 0.779263
v -0.874713 0.542099 0.779263
v -0.677203 0.464440 0.729355
v -0.874713 0.464440 0.729355
v -0.677203 0.375866 0.703347
v -0.874713 0.375866 0.703347
v -0.677203 0.283553 0.703347
v -0.874713 0.283553 0.703347
v -0.677203 0.194980 0.729355
v -0.874713 0.194980 0.729355
v -0.677203 0.117321 0.779263
v -0.874713 0.117321 0.779263
v -0.677203 0.056869 0.849029
v -0.874713 0.056869 0.849029
v -0.677203 0.018521 0.933000
v -0.874713 0.018521 0.933000
v -0.677203 0.005384 1.024373
v -0.874713 0.005384 1.024373
v -0.677203 0.018521 1.115746
v -0.874713 0.018521 1.115746
v -0.677203 0.056870 1.199717
v -0.874713 0.056870 1.199717
v -0.677203 0.117322 1.269482
v -0.874713 0.117322 1.269482
v -0.677203 0.194980 1.319390
v -0.874713 0.194980 1.319390
v -0.677203 0.283554 1.345398
v -0.874713 0.283554 1.345398
v -0.677203 0.375867 1.345398
v -0.874713 0.375867 1.345398
v -0.677203 0.464441 1.319390
v -0.874713 0.464441 1.319390
v -0.677203 0.542099 1.269482
v -0.874713 0.542099 1.269482
v -0.677203 0.602551 1.199717
v -0.874713 0.602551 1.199717
v -0.677203 0.640899 1.115746
v -0.874713 0.640899 1.115746
v -0.888709 0.562891 0.955904
v -0.888709 0.572735 1.024372
v -0.888709 0.534155 0.892983
v -0.888709 0.488857 0.840707
v -0.888709 0.430666 0.803309
v -0.888709 0.364296 0.783821
v -0.888709 0.295124 0.783822
v -0.888709 0.228754 0.803310
v -0.888709 0.170563 0.840707
v -0.888709 0.125265 0.892984
v -0.888709 0.096530 0.955905
v -0.888709 0.086685 1.024373
v -0.888709 0.096530 1.092841
v -0.888709 0.125265 1.155762
v -0.888709 0.170563 1.208039
v -0.888709 0.228754 1.245436
v -0.888709 0.295124 1.264924
v -0.888709 0.364296 1.264924
v -0.888709 0.430667 1.245435
v -0.888709 0.488858 1.208038
v -0.888709 0.534156 1.155762
v -0.888709 0.562891 1.092840
v -0.665842 0.640181 1.024372
v -0.665842 0.627605 0.936902
v -0.665842 0.590895 0.856519
v -0.665842 0.533025 0.789734
v -0.665842 0.458684 0.741958
v -0.665842 0.373894 0.717062
v -0.665842 0.285525 0.717062
v -0.665842 0.200735 0.741958
v -0.665842 0.126394 0.789735
v -0.665842 0.068525 0.856520
v -0.665842 0.031815 0.936903
v -0.665842 0.019239 1.024373
v -0.665842 0.031815 1.111843
v -0.665842 0.068525 1.192226
v -0.665842 0.126395 1.259011
v -0.665842 0.200736 1.306787
v -0.665842 0.285526 1.331684
v -0.665842 0.373895 1.331683
v -0.665842 0.458685 1.306787
v -0.665842 0.533026 1.259011
v -0.665842 0.590895 1.192226
v -0.665842 0.627605 1.111842
v -0.888709 0.627605 0.936902
v -0.888709 0.640181 1.024372
v -0.888709 0.590895 0.856519
v -0.888709 0.533025 0.789734
v -0.888709 0.458684 0.741958
v -0.888709 0.373894 0.717062
v -0.888709 0.285525 0.717062
v -0.888709 0.200735 0.741958
v -0.888709 0.126394 0.789735
v -0.888709 0.068525 0.856520
v -0.888709 0.031815 0.936903
v -0.888709 0.019239 1.024373
v -0.888709 0.031815 1.111843
v -0.888709 0.068525 1.192226
v -0.888709 0.126395 1.259011
v -0.888709 0.200736 1.306787
v -0.888709 0.285526 1.331684
v -0.888709 0.373895 1.331683
v -0.888709 0.458685 1.306787
v -0.888709 0.533026 1.259011
v -0.888709 0.590895 1.192226
v -0.888709 0.627605 1.111842
v -0.866748 0.548278 0.960195
v -0.866748 0.557505 1.024372
v -0.866748 0.521344 0.901217
v -0.866748 0.478884 0.852216
v -0.866748 0.424339 0.817163
v -0.866748 0.362128 0.798896
v -0.866748 0.297291 0.798896
v -0.866748 0.235080 0.817163
v -0.866748 0.180536 0.852217
v -0.866748 0.138076 0.901218
v -0.866748 0.111142 0.960196
v -0.866748 0.101915 1.024373
v -0.866748 0.111142 1.088550
v -0.866748 0.138077 1.147528
v -0.866748 0.180536 1.196529
v -0.866748 0.235081 1.231582
v -0.866748 0.297292 1.249849
v -0.866748 0.362129 1.249849
v -0.866748 0.424340 1.231582
v -0.866748 0.478884 1.196529
v -0.866748 0.521344 1.147528
v -0.866748 0.548278 1.088550
v -0.866742 0.520891 0.968236
v -0.866742 0.528963 1.024372
v -0.866742 0.497332 0.916648
v -0.866742 0.460193 0.873787
v -0.866742 0.412482 0.843126
v -0.866742 0.358066 0.827148
v -0.866742 0.301353 0.827148
v -0.866742 0.246937 0.843126
v -0.866742 0.199227 0.873788
v -0.866742 0.162088 0.916649
v -0.866742 0.138529 0.968237
v -0.866742 0.130458 1.024373
v -0.866742 0.138529 1.080509
v -0.866742 0.162088 1.132097
v -0.866742 0.199228 1.174958
v -0.866742 0.246938 1.205619
v -0.866742 0.301354 1.221597
v -0.866742 0.358067 1.221597
v -0.866742 0.412483 1.205619
v -0.866742 0.460193 1.174957
v -0.866742 0.497332 1.132097
v -0.866742 0.520892 1.080508
v -0.822951 0.357683 1.016159
v -0.831615 0.379890 0.966461
v -0.831615 0.361542 0.954670
v -0.831615 0.340615 0.948525
v -0.831615 0.297878 0.954670
v -0.831615 0.265247 0.982945
v -0.831615 0.256187 1.002784
v -0.831615 0.253083 1.024373
v -0.831615 0.279530 1.082284
v -0.831615 0.361542 1.094075
v -0.831615 0.379891 1.082284
v -0.831615 0.403234 1.002784
v -0.831615 0.406338 1.024373
v -0.822951 0.348802 1.002340
v -0.822951 0.341821 0.997854
v -0.822951 0.305185 1.008611
v -0.822951 0.301738 1.016159
v -0.822951 0.300557 1.024373
v -0.822951 0.301738 1.032586
v -0.822951 0.305185 1.040134
v -0.822951 0.317600 1.050892
v -0.822951 0.325561 1.053229
v -0.822951 0.341821 1.050891
v -0.822951 0.348802 1.046405
v -0.808514 0.394173 0.982945
v -0.808514 0.403234 1.045961
v -0.808514 0.394173 1.065801
v -0.808514 0.379890 0.966461
v -0.808513 0.318805 0.948525
v -0.808513 0.297878 0.954670
v -0.808514 0.253083 1.024373
v -0.808514 0.256187 1.045961
v -0.808514 0.279530 1.082284
v -0.808514 0.340616 1.100220
v -0.808514 0.379891 1.082284
v -0.831615 0.394173 0.982945
v -0.822951 0.354236 1.008611
v -0.822951 0.333859 0.995516
v -0.822951 0.325561 0.995516
v -0.822951 0.317599 0.997854
v -0.822951 0.310619 1.002340
v -0.822951 0.310619 1.046405
v -0.822951 0.333859 1.053229
v -0.822951 0.354236 1.040134
v -0.831615 0.403234 1.045961
v -0.831615 0.394173 1.065801
v -0.822951 0.358864 1.024373
v -0.831615 0.318805 0.948525
v -0.831615 0.279530 0.966462
v -0.831615 0.256187 1.045961
v -0.831615 0.265247 1.065801
v -0.831615 0.297878 1.094076
v -0.831615 0.318805 1.100220
v -0.831615 0.340616 1.100220
v -0.822951 0.357683 1.032586
v -0.808514 0.403234 1.002784
v -0.808514 0.406338 1.024373
v -0.808514 0.361542 0.954670
v -0.808514 0.340615 0.948525
v -0.808513 0.279530 0.966462
v -0.808513 0.265247 0.982945
v -0.808513 0.256187 1.002784
v -0.808514 0.265247 1.065801
v -0.808514 0.297878 1.094076
v -0.808514 0.318805 1.100220
v -0.808514 0.361542 1.094075
v -0.807146 0.394173 0.982945
v -0.807146 0.394173 1.065800
v -0.843276 0.560956 1.024372
v -0.828412 0.406338 1.024372
v -0.828412 0.394173 0.982945
v -0.868653 0.560956 1.024372
v -0.868653 0.560956 1.060606
v -0.834633 0.420655 1.043254
v -0.834240 0.413995 0.988139
v -0.807146 0.406338 1.024372
v -0.807146 0.403234 1.045961
v -0.868653 0.531688 0.993775
v -0.807146 0.403234 1.002784
v -0.843276 0.560956 1.005490
v -0.843276 0.560955 0.988138
v -0.843276 0.560956 1.043254
v -0.843276 0.560956 1.060606
v -0.828412 0.403234 1.002784
v -0.812449 0.413995 1.060606
v -0.843276 0.531688 0.993775
v -0.812449 0.413995 0.988139
v -0.834240 0.413995 1.060606
v -0.843276 0.531688 1.054970
v -0.828412 0.394173 1.065800
v -0.828412 0.403234 1.045961
v -0.868653 0.560956 1.043254
v -0.868653 0.560956 1.005490
v -0.868653 0.560955 0.988138
v -0.837521 0.422937 1.024372
v -0.868653 0.533014 1.008428
v -0.868653 0.533014 1.040317
v -0.871625 0.533469 1.024372
v -0.834633 0.420655 1.005491
v -0.868653 0.531688 1.054970
v -0.807148 0.341929 0.948726
v -0.807148 0.403597 1.004062
v -0.843276 0.484151 0.852261
v -0.828415 0.380887 0.967340
v -0.828415 0.341929 0.948726
v -0.868653 0.484151 0.852261
v -0.868653 0.511119 0.876461
v -0.834611 0.404503 0.969295
v -0.834207 0.359033 0.937442
v -0.807148 0.380887 0.967340
v -0.807148 0.394882 0.984069
v -0.868653 0.441831 0.853609
v -0.807148 0.362746 0.955232
v -0.843276 0.470098 0.839651
v -0.843276 0.457183 0.828062
v -0.843276 0.498205 0.864872
v -0.843276 0.511119 0.876461
v -0.828415 0.362746 0.955232
v -0.812484 0.412969 0.985840
v -0.843276 0.441831 0.853609
v -0.812418 0.359033 0.937442
v -0.834278 0.412969 0.985840
v -0.843276 0.487378 0.894480
v -0.828415 0.403597 1.004062
v -0.828415 0.394882 0.984069
v -0.868653 0.498205 0.864872
v -0.868653 0.470098 0.839651
v -0.868653 0.457183 0.828062
v -0.837523 0.391973 0.954986
v -0.868653 0.453623 0.862408
v -0.868653 0.477358 0.883706
v -0.871625 0.465794 0.872719
v -0.834660 0.376396 0.944074
v -0.868653 0.487378 0.894480
v -0.807151 0.277940 0.967878
v -0.807151 0.359593 0.953812
v -0.843276 0.290452 0.796484
v -0.828419 0.316701 0.948857
v -0.828419 0.277940 0.967878
v -0.868653 0.290452 0.796484
v -0.868653 0.326160 0.790333
v -0.834678 0.332879 0.931543
v -0.834277 0.279694 0.947463
v -0.807151 0.316701 0.948857
v -0.807151 0.338504 0.948251
v -0.868653 0.265268 0.830521
v -0.807151 0.295953 0.955581
v -0.843276 0.271845 0.799690
v -0.843276 0.254745 0.802635
v -0.843276 0.309060 0.793279
v -0.843276 0.326160 0.790333
v -0.828419 0.295953 0.955581
v -0.812402 0.351109 0.935160
v -0.843276 0.265268 0.830521
v -0.812483 0.279694 0.947463
v -0.834189 0.351109 0.935160
v -0.843276 0.325575 0.820132
v -0.828419 0.359593 0.953812
v -0.828419 0.338504 0.948251
v -0.868653 0.309060 0.793279
v -0.868653 0.271845 0.799690
v -0.868653 0.254745 0.802635
v -0.837527 0.313884 0.932500
v -0.868653 0.279483 0.826727
v -0.868653 0.310909 0.821313
v -0.871625 0.295119 0.823572
v -0.834601 0.295663 0.937953
v -0.868653 0.325575 0.820132
v -0.807236 0.253549 1.032816
v -0.807236 0.290392 0.958602
v -0.843276 0.122584 0.921548
v -0.828512 0.261075 0.990300
v -0.828512 0.253549 1.032816
v -0.868653 0.122584 0.921548
v -0.868653 0.138695 0.889093
v -0.834653 0.256647 0.967021
v -0.834141 0.238105 1.019349
v -0.807236 0.261075 0.990300
v -0.807236 0.273455 0.972343
v -0.868653 0.135193 0.961968
v -0.807236 0.254256 1.011017
v -0.843276 0.114188 0.938460
v -0.843276 0.106472 0.954002
v -0.843276 0.130980 0.904635
v -0.843276 0.138695 0.889093
v -0.828512 0.254256 1.011017
v -0.812336 0.270328 0.954440
v -0.843276 0.135193 0.961968
v -0.812359 0.238105 1.019349
v -0.834116 0.270328 0.954440
v -0.843276 0.162404 0.907155
v -0.828512 0.290392 0.958602
v -0.828512 0.273455 0.972343
v -0.868653 0.130980 0.904635
v -0.868653 0.114188 0.938460
v -0.868653 0.106472 0.954003
v -0.837626 0.246207 0.982919
v -0.868653 0.140521 0.948254
v -0.868653 0.154701 0.919690
v -0.871625 0.147204 0.933770
v -0.834584 0.239855 1.000846
v -0.868653 0.162404 0.907155
v -0.807147 0.297046 1.093689
v -0.807147 0.253088 1.023455
v -0.843276 0.133692 1.147055
v -0.828414 0.264756 1.065026
v -0.828414 0.297046 1.093689
v -0.868653 0.133692 1.147055
v -0.868653 0.114468 1.116341
v -0.834617 0.242602 1.056616
v -0.834216 0.277488 1.099802
v -0.807147 0.264756 1.065026
v -0.807147 0.255934 1.045079
v -0.868653 0.174734 1.157465
v -0.807147 0.278840 1.081679
v -0.843276 0.143709 1.163061
v -0.843276 0.152915 1.177770
v -0.843276 0.123674 1.131050
v -0.843276 0.114468 1.116341
v -0.828414 0.278840 1.081679
v -0.812472 0.239042 1.038374
v -0.843276 0.174734 1.157465
v -0.812427 0.277488 1.099802
v -0.834266 0.239042 1.038374
v -0.843276 0.142268 1.105591
v -0.828414 0.253088 1.023455
v -0.828414 0.255934 1.045079
v -0.868653 0.123674 1.131050
v -0.868653 0.143709 1.163061
v -0.868653 0.152915 1.177770
v -0.837522 0.250686 1.073832
v -0.868653 0.165836 1.145747
v -0.868653 0.148917 1.118716
v -0.871625 0.156991 1.132473
v -0.834651 0.262637 1.088627
v -0.868653 0.142268 1.105591
v -0.807146 0.361436 1.094124
v -0.807146 0.279441 1.082207
v -0.843276 0.296450 1.253213
v -0.828412 0.318689 1.100203
v -0.828412 0.361436 1.094124
v -0.868653 0.296450 1.253213
v -0.868653 0.260593 1.248002
v -0.834631 0.297944 1.111656
v -0.834237 0.353445 1.112993
v -0.807146 0.318689 1.100203
v -0.807146 0.297771 1.094026
v -0.868653 0.330939 1.228651
v -0.807146 0.340499 1.100237
v -0.843276 0.315136 1.255929
v -0.843276 0.332307 1.258425
v -0.843276 0.277765 1.250498
v -0.843276 0.260593 1.248002
v -0.828412 0.340499 1.100237
v -0.812452 0.281730 1.102569
v -0.843276 0.330939 1.228651
v -0.812446 0.353445 1.112993
v -0.834243 0.281730 1.102569
v -0.843276 0.270380 1.219849
v -0.828412 0.279441 1.082207
v -0.828412 0.297771 1.094026
v -0.868653 0.277765 1.250498
v -0.868653 0.315136 1.255929
v -0.868653 0.332307 1.258425
v -0.837521 0.316302 1.116629
v -0.868653 0.316248 1.227856
v -0.868653 0.284690 1.223269
v -0.871625 0.300404 1.226012
v -0.834635 0.335315 1.117087
v -0.868653 0.270380 1.219849
v -0.807146 0.403197 1.046087
v -0.807146 0.340485 1.100239
v -0.843276 0.480843 1.199396
v -0.828412 0.379791 1.082370
v -0.828412 0.403197 1.046087
v -0.868653 0.480843 1.199396
v -0.868653 0.453419 1.223077
v -0.834630 0.374857 1.105546
v -0.834237 0.412220 1.064484
v -0.807146 0.379791 1.082370
v -0.807146 0.361423 1.094130
v -0.868653 0.484874 1.157246
v -0.807146 0.394102 1.065911
v -0.843276 0.495135 1.187055
v -0.843276 0.508268 1.175715
v -0.843276 0.466552 1.211736
v -0.843276 0.453419 1.223077
v -0.828413 0.394102 1.065911
v -0.812452 0.357371 1.111846
v -0.843276 0.484874 1.157246
v -0.812446 0.412220 1.064484
v -0.834243 0.357371 1.111846
v -0.843276 0.438557 1.197242
v -0.828412 0.340485 1.100239
v -0.828412 0.361423 1.094130
v -0.868653 0.466552 1.211736
v -0.868653 0.495135 1.187055
v -0.868653 0.508268 1.175715
v -0.837521 0.390640 1.094933
v -0.868653 0.474650 1.167827
v -0.868653 0.450514 1.188669
v -0.871625 0.462879 1.178592
v -0.834635 0.403439 1.080866
v -0.868653 0.438557 1.197242
v -0.831615 0.403234 1.002784
v -0.831615 0.406338 1.024373
v -0.831615 0.361542 0.954670
v -0.831615 0.379890 0.966461
v -0.831615 0.340615 0.948525
v -0.831615 0.256187 1.002784
v -0.831615 0.265247 0.982945
v -0.831615 0.253083 1.024373
v -0.831615 0.379891 1.082284
v -0.831615 0.361542 1.094075
v -0.831615 0.403234 1.045961
v -0.831615 0.394173 1.065801
v -0.831615 0.265247 1.065801
v -0.831615 0.256187 1.045961
v -0.831615 0.318805 1.100220
v -0.831615 0.297878 1.094076
v -0.831615 0.340616 1.100220
v -0.831615 0.394173 0.982945
v -0.831615 0.318805 0.948525
v -0.831615 0.297878 0.954670
v -0.831615 0.279530 0.966462
v -0.831615 0.279530 1.082284
v -0.828412 0.394173 0.982945
v -0.807146 0.394173 0.982945
v -0.834240 0.413995 0.988139
v -0.868653 0.531688 0.993775
v -0.868653 0.560955 0.988138
v -0.868653 0.560955 0.988138
v -0.868653 0.560956 1.005490
v -0.834240 0.413995 1.060606
v -0.828412 0.394173 1.065800
v -0.868653 0.531688 1.054970
v -0.843276 0.560955 0.988138
v -0.807146 0.394173 1.065800
v -0.843276 0.560956 1.060606
v -0.868653 0.560956 1.060606
v -0.868653 0.560956 1.060606
v -0.868653 0.560956 1.024372
v -0.868653 0.560956 1.043254
v -0.828415 0.341929 0.948726
v -0.807148 0.341929 0.948726
v -0.834207 0.359033 0.937442
v -0.868653 0.441831 0.853609
v -0.868653 0.457183 0.828062
v -0.868653 0.457183 0.828062
v -0.868653 0.470098 0.839651
v -0.834278 0.412969 0.985840
v -0.828415 0.403597 1.004062
v -0.868653 0.487378 0.894480
v -0.843276 0.457183 0.828062
v -0.807148 0.403597 1.004062
v -0.843276 0.511119 0.876461
v -0.868653 0.511119 0.876461
v -0.868653 0.511119 0.876461
v -0.868653 0.484151 0.852261
v -0.868653 0.498205 0.864872
v -0.828419 0.277940 0.967878
v -0.807151 0.277940 0.967878
v -0.834277 0.279694 0.947463
v -0.868653 0.265268 0.830521
v -0.868653 0.254745 0.802635
v -0.868653 0.254745 0.802635
v -0.868653 0.271845 0.799690
v -0.834189 0.351109 0.935160
v -0.828419 0.359593 0.953812
v -0.868653 0.325575 0.820132
v -0.843276 0.254745 0.802635
v -0.807151 0.359593 0.953812
v -0.843276 0.326160 0.790333
v -0.868653 0.326160 0.790333
v -0.868653 0.326160 0.790333
v -0.868653 0.290452 0.796484
v -0.868653 0.309060 0.793279
v -0.828512 0.253549 1.032816
v -0.807236 0.253549 1.032816
v -0.834141 0.238105 1.019349
v -0.868653 0.135193 0.961968
v -0.868653 0.106472 0.954003
v -0.868653 0.106472 0.954003
v -0.868653 0.114188 0.938460
v -0.834116 0.270328 0.954440
v -0.828512 0.290392 0.958602
v -0.868653 0.162404 0.907155
v -0.843276 0.106472 0.954002
v -0.807236 0.290392 0.958602
v -0.843276 0.138695 0.889093
v -0.868653 0.138695 0.889093
v -0.868653 0.138695 0.889093
v -0.868653 0.122584 0.921548
v -0.868653 0.130980 0.904635
v -0.828414 0.297046 1.093689
v -0.807147 0.297046 1.093689
v -0.834216 0.277488 1.099802
v -0.868653 0.174734 1.157465
v -0.868653 0.152915 1.177770
v -0.868653 0.152915 1.177770
v -0.868653 0.143709 1.163061
v -0.834266 0.239042 1.038374
v -0.828414 0.253088 1.023455
v -0.868653 0.142268 1.105591
v -0.843276 0.152915 1.177770
v -0.807147 0.253088 1.023455
v -0.843276 0.114468 1.116341
v -0.868653 0.114468 1.116341
v -0.868653 0.114468 1.116341
v -0.868653 0.133692 1.147055
v -0.868653 0.123674 1.131050
v -0.828412 0.361436 1.094124
v -0.807146 0.361436 1.094124
v -0.834237 0.353445 1.112993
v -0.868653 0.330939 1.228651
v -0.868653 0.332307 1.258425
v -0.868653 0.332307 1.258425
v -0.868653 0.315136 1.255929
v -0.834243 0.281730 1.102569
v -0.828412 0.279441 1.082207
v -0.868653 0.270380 1.219849
v -0.843276 0.332307 1.258425
v -0.807146 0.279441 1.082207
v -0.843276 0.260593 1.248002
v -0.868653 0.260593 1.248002
v -0.868653 0.260593 1.248002
v -0.868653 0.296450 1.253213
v -0.868653 0.277765 1.250498
v -0.828412 0.403197 1.046087
v -0.807146 0.403197 1.046087
v -0.834237 0.412220 1.064484
v -0.868653 0.484874 1.157246
v -0.868653 0.508268 1.175715
v -0.868653 0.508268 1.175715
v -0.868653 0.495135 1.187055
v -0.834243 0.357371 1.111846
v -0.828412 0.340485 1.100239
v -0.868653 0.438557 1.197242
v -0.843276 0.508268 1.175715
v -0.807146 0.340485 1.100239
v -0.843276 0.453419 1.223077
v -0.868653 0.453419 1.223077
v -0.868653 0.453419 1.223077
v -0.868653 0.480843 1.199396
v -0.868653 0.466552 1.211736
vn -0.4135 -0.9105 -0.0000
vn 0.3687 -0.9295 -0.0000
vn 0.3687 -0.8919 0.2619
vn -0.4135 -0.8736 0.2565
vn 0.3687 -0.7820 0.5025
vn -0.4135 -0.7660 0.4923
vn 0.3687 -0.6087 0.7025
vn -0.4135 -0.5963 0.6881
vn 0.3687 -0.3861 0.8455
vn -0.4135 -0.3782 0.8282
vn 0.3687 -0.1323 0.9201
vn -0.4135 -0.1296 0.9013
vn 0.3687 0.1323 0.9201
vn -0.4135 0.1296 0.9013
vn 0.3687 0.3861 0.8455
vn -0.4135 0.3782 0.8282
vn 0.3687 0.6087 0.7025
vn -0.4135 0.5963 0.6881
vn 0.3687 0.7820 0.5025
vn -0.4135 0.7660 0.4923
vn 0.3687 0.8919 0.2619
vn -0.4135 0.8736 0.2565
vn 0.3687 0.9295 -0.0000
vn -0.4135 0.9105 -0.0000
vn 0.3687 0.8919 -0.2619
vn -0.4135 0.8736 -0.2565
vn 0.3687 0.7820 -0.5025
vn -0.4135 0.7660 -0.4923
vn 0.3687 0.6087 -0.7025
vn -0.4135 0.5963 -0.6881
vn 0.3687 0.3861 -0.8455
vn -0.4135 0.3782 -0.8282
vn 0.3687 0.1323 -0.9201
vn -0.4135 0.1296 -0.9013
vn 0.3687 -0.1323 -0.9201
vn -0.4135 -0.1296 -0.9013
vn 0.3687 -0.3861 -0.8455
vn -0.4135 -0.3782 -0.8282
vn 0.3687 -0.6087 -0.7025
vn -0.4135 -0.5963 -0.6881
vn 0.3687 -0.7820 -0.5025
vn -0.4135 -0.7660 -0.4923
vn 0.9103 -0.0589 0.4098
vn 0.9103 0.0589 0.4098
vn 0.3687 -0.8919 -0.2619
vn -0.4135 -0.8736 -0.2565
vn -0.9317 -0.1509 0.3304
vn -0.9317 -0.2379 0.2745
vn 0.9031 0.3613 -0.2322
vn 0.9031 0.4120 -0.1210
vn 0.8685 0.4756 -0.1396
vn 0.8685 0.4169 -0.2680
vn 0.9103 0.3972 0.1166
vn 0.9103 0.4140 -0.0000
vn 0.9103 0.1720 -0.3766
vn 0.9103 0.0589 -0.4098
vn 0.9103 -0.3483 -0.2238
vn 0.9103 -0.3972 -0.1166
vn 0.9103 -0.2711 0.3129
vn 0.9103 -0.1720 0.3766
vn 0.9103 0.2711 0.3129
vn 0.9103 0.3483 0.2238
vn 0.9103 0.3483 -0.2238
vn 0.9103 0.2711 -0.3129
vn 0.9103 -0.1720 -0.3766
vn 0.9103 -0.2711 -0.3129
vn 0.9103 -0.3972 0.1166
vn 0.9103 -0.3483 0.2238
vn 0.9103 0.1720 0.3766
vn 0.9103 0.3972 -0.1166
vn 0.9103 -0.0589 -0.4098
vn 0.9103 -0.4140 -0.0000
vn -0.9317 -0.3632 -0.0000
vn -0.9317 -0.3485 0.1023
vn -0.9317 -0.3056 0.1964
vn -0.9317 -0.0517 0.3595
vn -0.9317 0.0517 0.3595
vn -0.9317 0.1509 0.3304
vn -0.9317 0.2379 0.2745
vn -0.9317 0.3056 0.1964
vn -0.9317 0.3485 0.1023
vn -0.9317 0.3632 -0.0000
vn -0.9317 0.3485 -0.1023
vn -0.9317 0.3056 -0.1964
vn -0.9317 0.2379 -0.2745
vn -0.9317 0.1509 -0.3304
vn -0.9317 0.0517 -0.3595
vn -0.9317 -0.0517 -0.3595
vn -0.9317 -0.1509 -0.3304
vn -0.9317 -0.2379 -0.2745
vn -0.9317 -0.3056 -0.1964
vn -0.9317 -0.3485 -0.1023
vn 0.9031 0.4294 -0.0000
vn 0.9031 0.2812 -0.3245
vn 0.9031 0.1784 -0.3906
vn 0.9031 0.0611 -0.4250
vn 0.9031 -0.0611 -0.4250
vn 0.9031 -0.1784 -0.3906
vn 0.9031 -0.2812 -0.3245
vn 0.9031 -0.3613 -0.2322
vn 0.9031 -0.4120 -0.1210
vn 0.9031 -0.4294 -0.0000
vn 0.9031 -0.4120 0.1210
vn 0.9031 -0.3613 0.2322
vn 0.9031 -0.2812 0.3245
vn 0.9031 -0.1784 0.3906
vn 0.9031 -0.0611 0.4250
vn 0.9031 0.0611 0.4250
vn 0.9031 0.1784 0.3906
vn 0.9031 0.2812 0.3245
vn 0.9031 0.3613 0.2322
vn 0.9031 0.4120 0.1210
vn 0.8685 -0.4756 -0.1396
vn 0.8685 -0.4169 -0.2680
vn 1.0000 -0.0002 -0.0001
vn 0.8685 -0.0705 0.4906
vn 0.8685 0.0705 0.4906
vn 0.8685 0.3246 -0.3746
vn 0.8685 0.2059 0.4508
vn 0.8685 -0.4956 -0.0000
vn 0.8685 0.2059 -0.4508
vn 0.8685 0.3246 0.3746
vn 0.8685 -0.4756 0.1396
vn 0.8685 0.0705 -0.4906
vn 0.8685 0.4169 0.2680
vn 0.8685 -0.4169 0.2680
vn 0.8685 -0.0705 -0.4906
vn 0.8685 0.4756 0.1396
vn 0.8685 -0.3246 0.3746
vn 0.8685 -0.2059 -0.4508
vn 0.8685 0.4956 -0.0000
vn 0.8685 -0.2059 0.4508
vn 0.8685 -0.3246 -0.3746
vn 1.0000 0.0002 -0.0001
vn 1.0000 0.0001 -0.0002
vn 1.0000 -0.0000 0.0002
vn 1.0000 0.0001 0.0002
vn 1.0000 -0.0002 -0.0000
vn 1.0000 -0.0002 0.0001
vn 1.0000 -0.0000 -0.0002
vn 1.0000 0.0002 0.0001
vn 1.0000 -0.0001 0.0002
vn 1.0000 -0.0001 -0.0002
vn 1.0000 0.0002 -0.0000
vn 0.9712 0.2295 -0.0640
vn 0.9712 0.2382 0.0032
vn 0.9901 0.1261 -0.0614
vn 0.9901 0.1383 -0.0234
vn 0.9712 0.1536 0.1822
vn 0.9712 0.0960 0.2180
vn 0.9712 0.0307 0.2363
vn 0.9712 -0.0371 0.2353
vn 0.9712 -0.1019 0.2154
vn 0.9712 -0.1584 0.1779
vn 0.9712 -0.2022 0.1261
vn 0.9712 -0.2295 0.0640
vn 0.9712 -0.2382 -0.0032
vn 0.9712 -0.2277 -0.0702
vn 0.9712 -0.1987 -0.1315
vn 0.9712 -0.1536 -0.1822
vn 0.9712 -0.0960 -0.2180
vn 0.9712 -0.0307 -0.2363
vn 0.9712 0.0371 -0.2353
vn 0.9712 0.1019 -0.2154
vn 0.9712 0.1584 -0.1779
vn 0.9712 0.2022 -0.1261
vn 0.9844 0.1698 -0.0466
vn 0.9839 0.1789 0.0047
vn 0.9844 0.1498 -0.0926
vn 0.9844 0.1177 -0.1310
vn 0.9844 0.0760 -0.1588
vn 0.9844 0.0282 -0.1738
vn 0.9844 -0.0219 -0.1747
vn 0.9844 -0.0703 -0.1615
vn 0.9844 -0.1129 -0.1351
vn 0.9844 -0.1464 -0.0978
vn 0.9844 -0.1680 -0.0526
vn 0.9844 -0.1761 -0.0032
vn 0.9844 -0.1698 0.0466
vn 0.9844 -0.1498 0.0926
vn 0.9844 -0.1177 0.1310
vn 0.9845 -0.0752 0.1584
vn 0.9845 -0.0275 0.1732
vn 0.9844 0.0219 0.1747
vn 0.9844 0.0703 0.1615
vn 0.9844 0.1129 0.1351
vn 0.9843 0.1464 0.0987
vn 0.9845 0.1675 0.0519
vn 0.0031 -0.9604 0.2787
vn -0.0000 -0.9595 0.2817
vn -0.0000 -1.0000 -0.0000
vn -0.0000 -1.0000 -0.0044
vn 0.0030 0.8395 0.5433
vn -0.0000 0.8413 0.5406
vn -0.0000 0.6549 0.7557
vn 0.0030 0.6525 0.7578
vn 0.0031 -0.1392 -0.9903
vn -0.0000 -0.1423 -0.9898
vn -0.0000 0.1423 -0.9898
vn 0.0038 0.1449 -0.9894
vn 0.0030 -0.8429 0.5380
vn -0.0000 -0.8413 0.5406
vn 0.0031 0.9586 0.2848
vn -0.0000 0.9595 0.2817
vn 0.0031 -0.6573 0.7537
vn -0.0000 -0.6549 0.7558
vn 0.0031 -0.4125 -0.9109
vn -0.0000 -0.4154 -0.9096
vn 0.0031 1.0000 0.0032
vn -0.0000 1.0000 -0.0000
vn 0.0031 -0.4183 0.9083
vn -0.0000 -0.4154 0.9096
vn 0.0030 -0.6525 -0.7578
vn -0.0000 -0.6549 -0.7557
vn 0.0031 0.9604 -0.2787
vn -0.0000 0.9595 -0.2817
vn 0.0031 -0.1455 0.9894
vn -0.0000 -0.1423 0.9898
vn 0.0025 -0.8391 -0.5439
vn -0.0000 -0.8413 -0.5406
vn 0.0030 0.8429 -0.5380
vn -0.0000 0.8413 -0.5406
vn 0.0031 0.1392 0.9903
vn -0.0000 0.1423 0.9898
vn 0.0038 -0.9587 -0.2842
vn -0.0000 -0.9595 -0.2817
vn 0.0030 0.6572 -0.7537
vn -0.0000 0.6549 -0.7557
vn 0.0031 0.4125 0.9109
vn -0.0000 0.4154 0.9096
vn 0.0039 0.4178 -0.9085
vn -0.0000 0.4154 -0.9096
vn 0.0064 -0.9998 0.0192
vn 0.0116 -0.9996 -0.0250
vn -0.0000 0.9096 -0.4154
vn 0.1199 0.9868 -0.1090
vn 0.6573 0.7045 -0.2677
vn -0.0000 -0.2535 0.9673
vn -0.0000 -0.1682 0.9857
vn 0.0406 -0.1212 0.9918
vn 0.5188 -0.2167 0.8270
vn -0.0000 -0.1682 -0.9857
vn -0.0000 -0.2535 -0.9673
vn -0.1419 0.2660 -0.9535
vn 0.0341 -0.1150 -0.9928
vn 0.5731 0.8195 0.0075
vn 0.6573 0.7045 0.2677
vn -0.0000 -0.9944 -0.1060
vn 0.9877 0.1562 -0.0085
vn 0.9908 0.1288 -0.0423
vn 0.9993 -0.0344 -0.0151
vn 0.9944 -0.1041 -0.0200
vn 0.9900 0.1346 0.0427
vn 0.9942 0.1024 -0.0317
vn 0.9964 -0.0531 0.0666
vn 0.9994 -0.0291 0.0209
vn 0.9483 0.3105 -0.0655
vn 0.9429 0.3328 -0.0134
vn 0.7511 0.6031 0.2687
vn 0.9446 0.3282 0.0043
vn 0.9502 0.3034 0.0710
vn -0.0000 0.0621 0.9981
vn -0.0000 0.1891 0.9820
vn 0.0590 0.1281 0.9900
vn 0.0006 0.1321 0.9912
vn -0.0000 0.9096 0.4154
vn -0.0000 0.1891 -0.9820
vn -0.0000 0.0621 -0.9981
vn 0.0448 0.0827 -0.9956
vn 0.1060 0.1880 -0.9764
vn 0.9928 0.1194 -0.0002
vn 0.9988 -0.0490 -0.0000
vn 0.9439 0.3302 0.0002
vn 0.0614 -0.9964 0.0590
vn -0.0000 -0.6679 0.7443
vn 0.0064 -0.6535 0.7569
vn 0.0116 -0.6862 0.7273
vn -0.0000 0.4311 -0.9023
vn -0.0000 0.2983 -0.9545
vn 0.1205 0.5784 -0.8068
vn 0.6574 0.2716 -0.7029
vn -0.0000 0.5507 0.8347
vn -0.0000 0.6213 0.7835
vn 0.0406 0.6571 0.7527
vn 0.5188 0.4708 0.7136
vn -0.0000 -0.8460 -0.5331
vn -0.0000 -0.8893 -0.4574
vn -0.1427 -0.5321 -0.8345
vn 0.0341 -0.8157 -0.5775
vn -0.0000 0.8505 -0.5260
vn -0.0000 0.6679 -0.7443
vn 0.5731 0.5526 -0.6052
vn 0.6571 0.6701 -0.3452
vn -0.0000 -0.7430 0.6693
vn 0.9877 0.0986 -0.1213
vn 0.9908 0.0548 -0.1240
vn 0.9993 -0.0342 0.0155
vn 0.9944 -0.0844 0.0641
vn 0.9900 0.1218 -0.0715
vn 0.9943 0.0454 -0.0968
vn 0.9964 0.0141 0.0840
vn 0.9994 -0.0039 0.0357
vn 0.9486 0.1597 -0.2734
vn 0.9429 0.2127 -0.2563
vn 0.7511 0.6029 -0.2690
vn 0.9446 0.2228 -0.2410
vn 0.9500 0.2570 -0.1775
vn -0.0000 0.7843 0.6203
vn -0.0000 0.8571 0.5151
vn 0.0590 0.8224 0.5658
vn 0.0006 0.8260 0.5637
vn -0.0000 0.9167 -0.3996
vn -0.0000 -0.6046 -0.7966
vn -0.0000 -0.7013 -0.7128
vn 0.0448 -0.6858 -0.7264
vn 0.1060 -0.6012 -0.7921
vn 0.9928 0.0794 -0.0892
vn 0.9988 -0.0327 0.0365
vn 0.9439 0.2202 -0.2461
vn 0.0614 -0.6215 0.7810
vn -0.0000 0.1698 0.9855
vn 0.0064 0.1886 0.9820
vn 0.0116 0.1451 0.9894
vn -0.0000 -0.4405 -0.8977
vn -0.0000 -0.5638 -0.8259
vn 0.1194 -0.2757 -0.9538
vn 0.6573 -0.3838 -0.6486
vn -0.0000 0.9963 0.0856
vn -0.0000 1.0000 -0.0015
vn 0.0406 0.9980 -0.0490
vn 0.5188 0.8518 0.0732
vn -0.0000 -0.9429 0.3331
vn -0.0000 -0.9103 0.4140
vn -0.1406 -0.9849 -0.1006
vn 0.0341 -0.9588 0.2820
vn -0.0000 0.1148 -0.9934
vn -0.0000 -0.1698 -0.9855
vn 0.5730 -0.1311 -0.8090
vn 0.6575 0.1435 -0.7397
vn -0.0000 0.0644 0.9979
vn 0.9877 -0.0363 -0.1522
vn 0.9908 -0.0639 -0.1196
vn 0.9993 -0.0091 0.0365
vn 0.9944 -0.0021 0.1060
vn 0.9900 0.0190 -0.1399
vn 0.9942 -0.0497 -0.0953
vn 0.9964 0.0746 0.0410
vn 0.9994 0.0256 0.0252
vn 0.9482 -0.1191 -0.2946
vn 0.9430 -0.0701 -0.3254
vn 0.7511 0.1617 -0.6401
vn 0.9446 -0.0523 -0.3241
vn 0.9506 0.0157 -0.3100
vn -0.0000 0.9730 -0.2307
vn -0.0000 0.9356 -0.3531
vn 0.0590 0.9539 -0.2944
vn 0.0006 0.9544 -0.2984
vn -0.0000 0.2550 -0.9670
vn -0.0000 -0.9998 -0.0196
vn -0.0000 -0.9941 0.1082
vn 0.0448 -0.9952 0.0875
vn 0.1060 -0.9942 -0.0195
vn 0.9928 -0.0199 -0.1177
vn 0.9988 0.0083 0.0483
vn 0.9439 -0.0548 -0.3256
vn 0.0614 0.2273 0.9719
vn -0.0000 0.8957 0.4447
vn 0.0064 0.9040 0.4274
vn 0.0116 0.8843 0.4669
vn -0.0000 -0.9847 -0.1743
vn -0.0000 -0.9995 -0.0324
vn 0.1246 -0.9312 -0.3426
vn 0.6604 -0.7472 -0.0746
vn -0.0000 0.6572 -0.7537
vn -0.0000 0.5888 -0.8083
vn 0.0406 0.5500 -0.8342
vn 0.5188 0.5618 -0.6444
vn -0.0000 -0.2879 0.9577
vn -0.0000 -0.2031 0.9792
vn -0.1369 -0.6636 0.7355
vn 0.0342 -0.3380 0.9405
vn -0.0000 -0.7341 -0.6790
vn -0.0000 -0.8957 -0.4447
vn 0.5743 -0.7296 -0.3713
vn 0.6601 -0.5117 -0.5499
vn -0.0000 0.8435 0.5371
vn 0.9877 -0.1447 -0.0600
vn 0.9907 -0.1348 -0.0179
vn 0.9993 0.0241 0.0289
vn 0.9944 0.0843 0.0642
vn 0.9899 -0.1010 -0.0994
vn 0.9942 -0.1058 -0.0178
vn 0.9964 0.0771 -0.0360
vn 0.9994 0.0354 -0.0058
vn 0.9504 -0.3006 -0.0803
vn 0.9438 -0.3004 -0.1379
vn 0.7520 -0.4208 -0.5074
vn 0.9453 -0.2919 -0.1456
vn 0.9523 -0.2383 -0.1907
vn -0.0000 0.3882 -0.9216
vn -0.0000 0.2673 -0.9636
vn 0.0590 0.3254 -0.9437
vn 0.0006 0.3225 -0.9466
vn -0.0000 -0.6300 -0.7766
vn -0.0000 -0.6060 0.7955
vn -0.0000 -0.4994 0.8664
vn 0.0448 -0.5168 0.8549
vn 0.1060 -0.6026 0.7910
vn 0.9929 -0.1066 -0.0532
vn 0.9988 0.0439 0.0218
vn 0.9444 -0.2940 -0.1472
vn 0.0614 0.9187 0.3902
vn -0.0000 0.8477 -0.5305
vn 0.0064 0.8373 -0.5467
vn 0.0116 0.8606 -0.5092
vn -0.0000 -0.6639 0.7479
vn -0.0000 -0.5507 0.8347
vn 0.1203 -0.7789 0.6155
vn 0.6574 -0.4553 0.6004
vn -0.0000 -0.2983 -0.9545
vn -0.0000 -0.3804 -0.9248
vn 0.0406 -0.4234 -0.9051
vn 0.5188 -0.2551 -0.8160
vn -0.0000 0.6656 0.7463
vn -0.0000 0.7281 0.6855
vn -0.1425 0.2805 0.9492
vn 0.0341 0.6241 0.7806
vn -0.0000 -0.9628 0.2702
vn -0.0000 -0.8477 0.5305
vn 0.5731 -0.6985 0.4286
vn 0.6572 -0.7394 0.1465
vn -0.0000 0.8991 -0.4377
vn 0.9877 -0.1282 0.0895
vn 0.9908 -0.0869 0.1040
vn 0.9993 0.0372 -0.0054
vn 0.9944 0.0989 -0.0382
vn 0.9900 -0.1368 0.0351
vn 0.9943 -0.0703 0.0807
vn 0.9964 0.0097 -0.0846
vn 0.9994 0.0136 -0.0332
vn 0.9485 -0.2289 0.2191
vn 0.9429 -0.2752 0.1876
vn 0.7511 -0.6538 0.0919
vn 0.9446 -0.2807 0.1701
vn 0.9500 -0.2957 0.0999
vn -0.0000 -0.5822 -0.8131
vn -0.0000 -0.6813 -0.7320
vn 0.0590 -0.6339 -0.7712
vn 0.0006 -0.6378 -0.7702
vn -0.0000 -0.9915 0.1305
vn -0.0000 0.3607 0.9327
vn -0.0000 0.4768 0.8790
vn 0.0448 0.4581 0.8878
vn 0.1060 0.3586 0.9274
vn 0.9928 -0.1010 0.0637
vn 0.9988 0.0415 -0.0260
vn 0.9439 -0.2798 0.1754
vn 0.0614 0.8133 -0.5786
vn -0.0000 0.1438 -0.9896
vn 0.0064 0.1248 -0.9922
vn 0.0116 0.1685 -0.9856
vn -0.0000 0.1408 0.9900
vn -0.0000 0.2803 0.9599
vn 0.1199 -0.0341 0.9922
vn 0.6573 0.1636 0.7357
vn -0.0000 -0.9208 -0.3900
vn -0.0000 -0.9513 -0.3083
vn 0.0406 -0.9640 -0.2626
vn 0.5188 -0.7872 -0.3334
vn -0.0000 0.9997 -0.0247
vn -0.0000 0.9937 -0.1117
vn -0.1420 0.9053 0.4003
vn 0.0341 0.9990 0.0290
vn -0.0000 -0.4168 0.9090
vn -0.0000 -0.1438 0.9896
vn 0.5731 -0.1253 0.8099
vn 0.6572 -0.3663 0.6587
vn -0.0000 0.2479 -0.9688
vn 0.9877 -0.0141 0.1557
vn 0.9908 0.0233 0.1336
vn 0.9993 0.0199 -0.0319
vn 0.9944 0.0348 -0.1001
vn 0.9900 -0.0616 0.1271
vn 0.9942 0.0166 0.1059
vn 0.9964 -0.0582 -0.0621
vn 0.9994 -0.0165 -0.0318
vn 0.9483 0.0200 0.3166
vn 0.9429 -0.0347 0.3313
vn 0.7511 -0.3527 0.5582
vn 0.9446 -0.0515 0.3242
vn 0.9502 -0.1140 0.2901
vn -0.0000 -0.9966 -0.0821
vn -0.0000 -0.9989 0.0459
vn 0.0590 -0.9981 -0.0156
vn 0.0006 -0.9999 -0.0119
vn -0.0000 -0.5419 0.8404
vn -0.0000 0.9446 0.3284
vn -0.0000 0.9788 0.2051
vn 0.0448 0.9733 0.2250
vn 0.1060 0.9392 0.3265
vn 0.9928 -0.0170 0.1182
vn 0.9988 0.0070 -0.0485
vn 0.9439 -0.0476 0.3268
vn 0.0614 0.0849 -0.9945
vn -0.0000 -0.6536 -0.7569
vn 0.0064 -0.6679 -0.7442
vn 0.0116 -0.6344 -0.7729
vn -0.0000 0.8403 0.5421
vn -0.0000 0.9089 0.4170
vn 0.1199 0.7274 0.6757
vn 0.6573 0.6630 0.3583
vn -0.0000 -0.8978 0.4404
vn -0.0000 -0.8560 0.5169
vn 0.0406 -0.8299 0.5564
vn 0.5188 -0.7676 0.3765
vn -0.0000 0.6361 -0.7716
vn -0.0000 0.5665 -0.8241
vn -0.1420 0.8955 -0.4219
vn 0.0341 0.6763 -0.7359
vn -0.0000 0.4139 0.9103
vn -0.0000 0.6536 0.7569
vn 0.5731 0.5299 0.6251
vn 0.6572 0.2578 0.7082
vn -0.0000 -0.5697 -0.8219
vn 0.9877 0.1084 0.1127
vn 0.9908 0.1162 0.0699
vn 0.9993 -0.0110 -0.0359
vn 0.9944 -0.0528 -0.0919
vn 0.9900 0.0557 0.1298
vn 0.9942 0.0909 0.0568
vn 0.9964 -0.0851 0.0033
vn 0.9994 -0.0349 -0.0084
vn 0.9483 0.2523 0.1923
vn 0.9429 0.2276 0.2432
vn 0.7511 0.1908 0.6321
vn 0.9446 0.2112 0.2513
vn 0.9502 0.1445 0.2762
vn -0.0000 -0.7148 0.6993
vn -0.0000 -0.6196 0.7849
vn 0.0590 -0.6656 0.7440
vn 0.0006 -0.6639 0.7478
vn -0.0000 0.2801 0.9600
vn -0.0000 0.8668 -0.4986
vn -0.0000 0.7960 -0.6053
vn 0.0448 0.8076 -0.5881
vn 0.1060 0.8619 -0.4958
vn 0.9928 0.0782 0.0903
vn 0.9988 -0.0320 -0.0371
vn 0.9439 0.2157 0.2500
vn 0.0614 -0.6958 -0.7156
vt 1.000000 0.500000
vt 1.000000 1.000000
vt 0.954545 1.000000
vt 0.954545 0.500000
vt 0.909091 1.000000
vt 0.909091 0.500000
vt 0.863636 1.000000
vt 0.863636 0.500000
vt 0.818182 1.000000
vt 0.818182 0.500000
vt 0.772727 1.000000
vt 0.772727 0.500000
vt 0.727273 1.000000
vt 0.727273 0.500000
vt 0.681818 1.000000
vt 0.681818 0.500000
vt 0.636364 1.000000
vt 0.636364 0.500000
vt 0.590909 1.000000
vt 0.590909 0.500000
vt 0.545454 1.000000
vt 0.545454 0.500000
vt 0.500000 1.000000
vt 0.500000 0.500000
vt 0.454545 1.000000
vt 0.454545 0.500000
vt 0.409091 1.000000
vt 0.409091 0.500000
vt 0.363636 1.000000
vt 0.363636 0.500000
vt 0.318182 1.000000
vt 0.318182 0.500000
vt 0.272727 1.000000
vt 0.272727 0.500000
vt 0.227272 1.000000
vt 0.227272 0.500000
vt 0.181818 1.000000
vt 0.181818 0.500000
vt 0.136363 1.000000
vt 0.136363 0.500000
vt 0.090909 1.000000
vt 0.090909 0.500000
vt 0.045454 1.000000
vt 0.045454 0.500000
vt -0.000000 1.000000
vt -0.000000 0.500000
vt 0.351566 0.408040
vt 0.302927 0.430253
vt 0.750000 0.490000
vt 0.817616 0.480278
vt 0.879754 0.451901
vt 0.931380 0.407167
vt 0.968312 0.349700
vt 0.987557 0.284156
vt 0.987557 0.215844
vt 0.968312 0.150300
vt 0.931380 0.092833
vt 0.879754 0.048099
vt 0.817616 0.019722
vt 0.750000 0.010000
vt 0.682384 0.019722
vt 0.620246 0.048099
vt 0.568620 0.092833
vt 0.531688 0.150300
vt 0.512443 0.215844
vt 0.512443 0.284155
vt 0.531688 0.349699
vt 0.568620 0.407166
vt 0.620246 0.451901
vt 0.682384 0.480278
vt 0.250000 0.437863
vt 0.317616 0.480278
vt 0.250000 0.490000
vt 0.379754 0.451901
vt 0.391977 0.373024
vt 0.431380 0.407167
vt 0.420886 0.328041
vt 0.468312 0.349700
vt 0.435950 0.276736
vt 0.487557 0.284156
vt 0.435950 0.223264
vt 0.487557 0.215844
vt 0.420886 0.171959
vt 0.468312 0.150300
vt 0.391977 0.126976
vt 0.431380 0.092833
vt 0.351566 0.091960
vt 0.379754 0.048099
vt 0.302927 0.069747
vt 0.317616 0.019722
vt 0.250000 0.062137
vt 0.250000 0.010000
vt 0.197073 0.069747
vt 0.182384 0.019722
vt 0.148434 0.091960
vt 0.120246 0.048099
vt 0.108023 0.126976
vt 0.068620 0.092833
vt 0.079114 0.171959
vt 0.031688 0.150300
vt 0.064049 0.223264
vt 0.012443 0.215844
vt 0.064049 0.276735
vt 0.012443 0.284155
vt 0.079114 0.328041
vt 0.031688 0.349699
vt 0.108023 0.373024
vt 0.068620 0.407166
vt 0.148434 0.408040
vt 0.120246 0.451901
vt 0.197073 0.430253
vt 0.182384 0.480278
vt 0.283336 0.363533
vt 0.250000 0.368326
vt 0.216663 0.363533
vt 0.186028 0.349543
vt 0.160575 0.327487
vt 0.142366 0.299154
vt 0.132878 0.266840
vt 0.132878 0.233160
vt 0.142366 0.200845
vt 0.160575 0.172513
vt 0.186028 0.150458
vt 0.216664 0.136467
vt 0.250000 0.131674
vt 0.283336 0.136467
vt 0.313972 0.150458
vt 0.339425 0.172513
vt 0.357633 0.200845
vt 0.367122 0.233160
vt 0.367122 0.266840
vt 0.357634 0.299155
vt 0.339425 0.327487
vt 0.313972 0.349543
vt 0.000000 0.000000
vt 0.302927 0.430253
vt 0.250000 0.437863
s 1
usemtl Material.006
f 1/1/1 2/2/2 4/3/3 3/4/4
f 3/4/4 4/3/3 6/5/5 5/6/6
f 5/6/6 6/5/5 8/7/7 7/8/8
f 7/8/8 8/7/7 10/9/9 9/10/10
f 9/10/10 10/9/9 12/11/11 11/12/12
f 11/12/12 12/11/11 14/13/13 13/14/14
f 13/14/14 14/13/13 16/15/15 15/16/16
f 15/16/16 16/15/15 18/17/17 17/18/18
f 17/18/18 18/17/17 20/19/19 19/20/20
f 19/20/20 20/19/19 22/21/21 21/22/22
f 21/22/22 22/21/21 24/23/23 23/24/24
f 23/24/24 24/23/23 26/25/25 25/26/26
f 25/26/26 26/25/25 28/27/27 27/28/28
f 27/28/28 28/27/27 30/29/29 29/30/30
f 29/30/30 30/29/29 32/31/31 31/32/32
f 31/32/32 32/31/31 34/33/33 33/34/34
f 33/34/34 34/33/33 36/35/35 35/36/36
f 35/36/36 36/35/35 38/37/37 37/38/38
f 37/38/38 38/37/37 40/39/39 39/40/40
f 39/40/40 40/39/39 42/41/41 41/42/42
f 14/13/13 12/11/11 94/11/43 95/13/44
f 41/42/42 42/41/41 44/43/45 43/44/46
f 43/44/46 44/43/45 2/45/2 1/46/1
f 7/8/8 9/10/10 71/10/47 70/8/48
f 24/23/23 22/21/21 99/21/53 100/23/54
f 34/33/33 32/31/31 104/31/55 105/33/56
f 44/43/45 42/41/41 109/41/57 110/43/58
f 10/9/9 8/7/7 92/7/59 93/9/60
f 20/19/19 18/17/17 97/17/61 98/19/62
f 30/29/29 28/27/27 102/27/63 103/29/64
f 40/39/39 38/37/37 107/37/65 108/39/66
f 6/5/5 4/3/3 89/3/67 91/5/68
f 16/15/15 14/13/13 95/13/44 96/15/69
f 26/25/25 24/23/23 100/23/54 101/25/70
f 36/35/35 34/33/33 105/33/56 106/35/71
f 2/45/2 44/43/45 110/43/58 90/45/72
f 12/11/11 10/9/9 93/9/60 94/11/43
f 22/21/21 20/19/19 98/19/62 99/21/53
f 32/31/31 30/29/29 103/29/64 104/31/55
f 42/41/41 40/39/39 108/39/66 109/41/57
f 8/7/7 6/5/5 91/5/68 92/7/59
f 18/17/17 16/15/15 96/15/69 97/17/61
f 4/3/3 2/2/2 90/2/72 89/3/67
f 28/27/27 26/25/25 101/25/70 102/27/63
f 38/37/37 36/35/35 106/35/71 107/37/65
f 67/49/73 68/50/74 69/51/75 70/52/48 71/53/47 72/54/76 73/55/77 74/56/78 75/57/79 76/58/80 77/59/81 78/60/82 79/61/83 80/62/84 81/63/85 82/64/86 83/65/87 84/66/88 85/67/89 86/68/90 87/69/91 88/70/92
f 17/18/18 19/20/20 76/20/80 75/18/79
f 27/28/28 29/30/30 81/30/85 80/28/84
f 37/38/38 39/40/40 86/40/90 85/38/89
f 3/4/4 5/6/6 69/6/75 68/4/74
f 13/14/14 15/16/16 74/16/78 73/14/77
f 23/24/24 25/26/26 79/26/83 78/24/82
f 33/34/34 35/36/36 84/36/88 83/34/87
f 43/44/46 1/46/1 67/46/73 88/44/92
f 9/10/10 11/12/12 72/12/76 71/10/47
f 19/20/20 21/22/22 77/22/81 76/20/80
f 29/30/30 31/32/32 82/32/86 81/30/85
f 39/40/40 41/42/42 87/42/91 86/40/90
f 5/6/6 7/8/8 70/8/48 69/6/75
f 15/16/16 17/18/18 75/18/79 74/16/78
f 1/1/1 3/4/4 68/4/74 67/1/73
f 25/26/26 27/28/28 80/28/84 79/26/83
f 35/36/36 37/38/38 85/38/89 84/36/88
f 11/12/12 13/14/14 73/14/77 72/12/76
f 21/22/22 23/24/24 78/24/82 77/22/81
f 31/32/32 33/34/34 83/34/87 82/32/86
f 41/42/42 43/44/46 88/44/92 87/42/91
f 46/71/93 45/48/50 89/72/67 90/73/72
f 45/48/50 47/47/49 91/74/68 89/72/67
f 47/47/49 48/75/94 92/76/59 91/74/68
f 48/75/94 49/77/95 93/78/60 92/76/59
f 49/77/95 50/79/96 94/80/43 93/78/60
f 50/79/96 51/81/97 95/82/44 94/80/43
f 51/81/97 52/83/98 96/84/69 95/82/44
f 52/83/98 53/85/99 97/86/61 96/84/69
f 53/85/99 54/87/100 98/88/62 97/86/61
f 54/87/100 55/89/101 99/90/53 98/88/62
f 55/89/101 56/91/102 100/92/54 99/90/53
f 56/91/102 57/93/103 101/94/70 100/92/54
f 57/93/103 58/95/104 102/96/63 101/94/70
f 58/95/104 59/97/105 103/98/64 102/96/63
f 59/97/105 60/99/106 104/100/55 103/98/64
f 60/99/106 61/101/107 105/102/56 104/100/55
f 61/101/107 62/103/108 106/104/71 105/102/56
f 62/103/108 63/105/109 107/106/65 106/104/71
f 63/105/109 64/107/110 108/108/66 107/106/65
f 64/107/110 65/109/111 109/110/57 108/108/66
f 65/109/111 66/111/112 110/112/58 109/110/57
f 66/111/112 46/71/93 90/73/72 110/112/58
f 155/113/145 201/114/146 209/115/147 198/116/148 178/117/149 177/118/150 197/119/151 176/120/152 175/121/153 196/122/154 174/123/155 173/124/156 172/125/157 171/126/158 170/127/159 195/128/160 194/129/161 193/130/162 192/131/163 169/132/164 168/133/165 191/134/166
f 228/111/260 249/137/273 252/137/271 251/111/250
f 249/137/273 253/48/258 250/136/253 252/137/271
f 262/111/306 283/137/319 286/137/317 285/111/296
f 283/137/319 287/48/304 284/136/299 286/137/317
f 296/111/352 317/137/365 320/137/363 319/111/342
f 317/137/365 321/48/350 318/136/345 320/137/363
f 330/111/398 351/137/411 354/137/409 353/111/388
f 351/137/411 355/48/396 352/136/391 354/137/409
f 364/111/444 385/137/457 388/137/455 387/111/434
f 385/137/457 389/48/442 386/136/437 388/137/455
f 398/111/490 419/137/503 422/137/501 421/111/480
f 419/137/503 423/48/488 420/136/483 422/137/501
f 432/111/536 453/137/549 456/137/547 455/111/526
f 453/137/549 457/48/534 454/136/529 456/137/547
usemtl Material.007
f 47/47/49 45/48/50 111/48/51 113/47/52
f 121/89/113 120/87/114 142/87/115 143/89/115
f 62/103/108 61/101/107 127/101/116 128/103/117
f 55/89/101 54/87/100 120/87/114 121/89/113
f 48/75/94 47/47/49 113/47/52 114/75/118
f 63/105/109 62/103/108 128/103/117 129/105/119
f 56/91/102 55/89/101 121/89/113 122/91/120
f 49/77/95 48/75/94 114/75/118 115/77/121
f 64/107/110 63/105/109 129/105/119 130/107/122
f 57/93/103 56/91/102 122/91/120 123/93/123
f 50/79/96 49/77/95 115/77/121 116/79/124
f 65/109/111 64/107/110 130/107/122 131/109/125
f 58/95/104 57/93/103 123/93/123 124/95/126
f 51/81/97 50/79/96 116/79/124 117/81/127
f 66/111/112 65/109/111 131/109/125 132/111/128
f 59/97/105 58/95/104 124/95/126 125/97/129
f 52/83/98 51/81/97 117/81/127 118/83/130
f 46/71/93 66/111/112 132/111/128 112/71/131
f 60/99/106 59/97/105 125/97/129 126/99/132
f 53/85/99 52/83/98 118/83/130 119/85/133
f 45/48/50 46/71/93 112/71/131 111/48/51
f 61/101/107 60/99/106 126/99/132 127/101/116
f 54/87/100 53/85/99 119/85/133 120/87/114
f 114/75/118 113/47/52 135/47/134 136/75/135
f 129/105/119 128/103/117 150/103/136 151/105/137
f 122/91/120 121/89/113 143/89/115 144/91/138
f 115/77/121 114/75/118 136/75/135 137/77/135
f 130/107/122 129/105/119 151/105/137 152/107/137
f 123/93/123 122/91/120 144/91/138 145/93/139
f 116/79/124 115/77/121 137/77/135 138/79/140
f 131/109/125 130/107/122 152/107/137 153/109/141
f 124/95/126 123/93/123 145/93/139 146/95/139
f 117/81/127 116/79/124 138/79/140 139/81/140
f 132/111/128 131/109/125 153/109/141 154/111/141
f 125/97/129 124/95/126 146/95/139 147/97/142
f 118/83/130 117/81/127 139/81/140 140/83/143
f 112/71/131 132/111/128 154/111/141 134/71/144
f 126/99/132 125/97/129 147/97/142 148/99/142
f 119/85/133 118/83/130 140/83/143 141/85/143
f 111/48/51 112/71/131 134/71/144 133/48/134
f 127/101/116 126/99/132 148/99/142 149/101/136
f 120/87/114 119/85/133 141/85/143 142/87/115
f 113/47/52 111/48/51 133/48/134 135/47/134
f 128/103/117 127/101/116 149/101/136 150/103/136
f 201/114/146 155/113/145 459/48/167 460/71/168
f 155/113/145 191/134/166 476/47/169 459/48/167
f 191/134/166 168/133/165 462/75/170 476/47/169
f 168/133/165 169/132/164 461/77/171 462/75/170
f 169/132/164 192/131/163 463/79/172 461/77/171
f 192/131/163 193/130/162 477/81/173 463/79/172
f 193/130/162 194/129/161 159/83/174 477/81/173
f 194/129/161 195/128/160 479/85/175 159/83/174
f 195/128/160 170/127/159 465/87/176 479/85/175
f 170/127/159 171/126/158 464/89/177 465/87/176
f 171/126/158 172/125/157 466/91/178 464/89/177
f 172/125/157 173/124/156 472/93/179 466/91/178
f 173/124/156 174/123/155 471/95/180 472/93/179
f 174/123/155 196/122/154 163/97/181 471/95/180
f 196/122/154 175/121/153 474/99/182 163/97/181
f 175/121/153 176/120/152 473/101/183 474/99/182
f 176/120/152 197/119/151 475/103/184 473/101/183
f 197/119/151 177/118/150 468/105/185 475/103/184
f 177/118/150 178/117/149 467/107/186 468/105/185
f 178/117/149 198/116/148 200/109/187 467/107/186
f 209/115/147 201/114/146 460/71/168 199/111/188
f 166/48/189 210/48/190 211/71/191 167/71/192
f 160/87/193 215/87/194 214/85/195 203/85/196
f 208/103/197 188/103/198 219/101/199 207/101/200
f 190/47/201 179/47/202 210/48/190 166/48/189
f 161/89/203 216/89/204 215/87/194 160/87/193
f 156/75/205 182/75/206 179/47/202 190/47/201
f 164/105/207 220/105/208 188/103/198 208/103/197
f 162/91/209 185/91/210 216/89/204 161/89/203
f 157/77/211 212/77/212 182/75/206 156/75/205
f 165/107/213 189/107/214 220/105/208 164/105/207
f 204/93/215 186/93/216 185/91/210 162/91/209
f 158/79/217 213/79/218 212/77/212 157/77/211
f 470/109/219 181/109/220 189/107/214 165/107/213
f 205/95/221 217/95/222 186/93/216 204/93/215
f 202/81/223 183/81/224 213/79/218 158/79/217
f 469/111/225 180/111/226 181/109/220 470/109/219
f 480/97/227 187/97/228 217/95/222 205/95/221
f 478/83/229 184/83/230 183/81/224 202/81/223
f 167/71/192 211/71/191 180/111/226 469/111/225
f 206/99/231 218/99/232 187/97/228 480/97/227
f 203/85/196 214/85/195 184/83/230 478/83/229
f 198/116/148 209/115/147 199/111/188 200/109/187
f 207/101/200 219/101/199 218/99/232 206/99/231
f 234/135/191 223/135/191 496/135/191 247/135/233
f 223/135/191 236/135/191 497/135/234 496/135/191
f 233/48/216 482/47/235 481/47/236 238/48/237
f 221/135/238 241/135/239 483/135/240 225/135/241
f 239/135/242 222/135/243 244/135/244 488/135/245
f 231/111/204 230/71/210 224/71/246 245/111/247
f 236/135/191 493/135/191 494/135/248 497/135/234
f 490/109/249 251/111/250 246/111/251 495/109/252
f 250/136/253 232/47/254 485/47/255 487/48/256
f 238/48/237 481/47/236 229/47/257 253/48/258
f 489/109/259 245/111/247 228/111/260 242/109/261
f 240/135/262 235/135/263 486/135/264 484/135/265
f 492/109/266 231/111/204 245/111/247 489/109/259
f 230/71/210 233/48/216 238/48/237 224/71/246
f 241/135/239 240/135/262 484/135/265 483/135/240
f 253/48/258 229/47/257 232/47/254 250/136/253
f 242/109/261 228/111/260 251/111/250 490/109/249
f 237/135/267 243/135/268 254/135/269 227/135/270
f 243/135/268 239/135/242 488/135/245 254/135/269
f 252/137/271 250/136/253 487/48/256 226/71/272
f 251/111/250 252/137/271 226/71/272 246/111/251
f 245/111/247 224/71/246 249/137/273 228/111/260
f 224/71/246 238/48/237 253/48/258 249/137/273
f 491/135/191 234/135/191 247/135/233 248/135/274
f 268/135/275 257/135/275 513/135/275 281/135/276
f 257/135/275 270/135/275 514/135/277 513/135/275
f 267/48/278 499/47/279 498/47/280 272/48/281
f 255/135/282 275/135/283 500/135/284 259/135/285
f 273/135/286 256/135/287 278/135/288 505/135/289
f 265/111/290 264/71/291 258/71/292 279/111/293
f 270/135/275 510/135/275 511/135/294 514/135/277
f 507/109/295 285/111/296 280/111/297 512/109/298
f 284/136/299 266/47/300 502/47/301 504/48/302
f 272/48/281 498/47/280 263/47/303 287/48/304
f 506/109/305 279/111/293 262/111/306 276/109/307
f 274/135/308 269/135/309 503/135/310 501/135/311
f 509/109/312 265/111/290 279/111/293 506/109/305
f 264/71/291 267/48/278 272/48/281 258/71/292
f 275/135/283 274/135/308 501/135/311 500/135/284
f 287/48/304 263/47/303 266/47/300 284/136/299
f 276/109/307 262/111/306 285/111/296 507/109/295
f 271/135/313 277/135/314 288/135/315 261/135/316
f 277/135/314 273/135/286 505/135/289 288/135/315
f 286/137/317 284/136/299 504/48/302 260/71/318
f 285/111/296 286/137/317 260/71/318 280/111/297
f 279/111/293 258/71/292 283/137/319 262/111/306
f 258/71/292 272/48/281 287/48/304 283/137/319
f 508/135/275 268/135/275 281/135/276 282/135/320
f 302/135/321 291/135/321 530/135/321 315/135/322
f 291/135/321 304/135/321 531/135/323 530/135/321
f 301/48/324 516/47/325 515/47/326 306/48/327
f 289/135/328 309/135/329 517/135/330 293/135/331
f 307/135/332 290/135/333 312/135/334 522/135/335
f 299/111/336 298/71/337 292/71/338 313/111/339
f 304/135/321 527/135/321 528/135/340 531/135/323
f 524/109/341 319/111/342 314/111/343 529/109/344
f 318/136/345 300/47/346 519/47/347 521/48/348
f 306/48/327 515/47/326 297/47/349 321/48/350
f 523/109/351 313/111/339 296/111/352 310/109/353
f 308/135/354 303/135/355 520/135/356 518/135/357
f 526/109/358 299/111/336 313/111/339 523/109/351
f 298/71/337 301/48/324 306/48/327 292/71/338
f 309/135/329 308/135/354 518/135/357 517/135/330
f 321/48/350 297/47/349 300/47/346 318/136/345
f 310/109/353 296/111/352 319/111/342 524/109/341
f 305/135/359 311/135/360 322/135/361 295/135/362
f 311/135/360 307/135/332 522/135/335 322/135/361
f 320/137/363 318/136/345 521/48/348 294/71/364
f 319/111/342 320/137/363 294/71/364 314/111/343
f 313/111/339 292/71/338 317/137/365 296/111/352
f 292/71/338 306/48/327 321/48/350 317/137/365
f 525/135/321 302/135/321 315/135/322 316/135/366
f 336/135/367 325/135/367 547/135/367 349/135/368
f 325/135/367 338/135/367 548/135/369 547/135/367
f 335/48/370 533/47/371 532/47/372 340/48/373
f 323/135/374 343/135/375 534/135/376 327/135/377
f 341/135/378 324/135/379 346/135/380 539/135/381
f 333/111/382 332/71/383 326/71/384 347/111/385
f 338/135/367 544/135/367 545/135/386 548/135/369
f 541/109/387 353/111/388 348/111/389 546/109/390
f 352/136/391 334/47/392 536/47/393 538/48/394
f 340/48/373 532/47/372 331/47/395 355/48/396
f 540/109/397 347/111/385 330/111/398 344/109/399
f 342/135/400 337/135/401 537/135/402 535/135/403
f 543/109/404 333/111/382 347/111/385 540/109/397
f 332/71/383 335/48/370 340/48/373 326/71/384
f 343/135/375 342/135/400 535/135/403 534/135/376
f 355/48/396 331/47/395 334/47/392 352/136/391
f 344/109/399 330/111/398 353/111/388 541/109/387
f 339/135/405 345/135/406 356/135/407 329/135/408
f 345/135/406 341/135/378 539/135/381 356/135/407
f 354/137/409 352/136/391 538/48/394 328/71/410
f 353/111/388 354/137/409 328/71/410 348/111/389
f 347/111/385 326/71/384 351/137/411 330/111/398
f 326/71/384 340/48/373 355/48/396 351/137/411
f 542/135/367 336/135/367 349/135/368 350/135/412
f 370/135/413 359/135/413 564/135/413 383/135/414
f 359/135/413 372/135/413 565/135/415 564/135/413
f 369/48/416 550/47/417 549/47/418 374/48/419
f 357/135/420 377/135/421 551/135/422 361/135/423
f 375/135/424 358/135/425 380/135/426 556/135/427
f 367/111/428 366/71/429 360/71/430 381/111/431
f 372/135/413 561/135/413 562/135/432 565/135/415
f 558/109/433 387/111/434 382/111/435 563/109/436
f 386/136/437 368/47/438 553/47/439 555/48/440
f 374/48/419 549/47/418 365/47/441 389/48/442
f 557/109/443 381/111/431 364/111/444 378/109/445
f 376/135/446 371/135/447 554/135/448 552/135/449
f 560/109/450 367/111/428 381/111/431 557/109/443
f 366/71/429 369/48/416 374/48/419 360/71/430
f 377/135/421 376/135/446 552/135/449 551/135/422
f 389/48/442 365/47/441 368/47/438 386/136/437
f 378/109/445 364/111/444 387/111/434 558/109/433
f 373/135/451 379/135/452 390/135/453 363/135/454
f 379/135/452 375/135/424 556/135/427 390/135/453
f 388/137/455 386/136/437 555/48/440 362/71/456
f 387/111/434 388/137/455 362/71/456 382/111/435
f 381/111/431 360/71/430 385/137/457 364/111/444
f 360/71/430 374/48/419 389/48/442 385/137/457
f 559/135/413 370/135/413 383/135/414 384/135/458
f 404/135/459 393/135/459 581/135/459 417/135/460
f 393/135/459 406/135/459 582/135/461 581/135/459
f 403/48/462 567/47/463 566/47/464 408/48/465
f 391/135/466 411/135/467 568/135/468 395/135/469
f 409/135/470 392/135/471 414/135/472 573/135/473
f 401/111/474 400/71/475 394/71/476 415/111/477
f 406/135/459 578/135/459 579/135/478 582/135/461
f 575/109/479 421/111/480 416/111/481 580/109/482
f 420/136/483 402/47/484 570/47/485 572/48/486
f 408/48/465 566/47/464 399/47/487 423/48/488
f 574/109/489 415/111/477 398/111/490 412/109/491
f 410/135/492 405/135/493 571/135/494 569/135/495
f 577/109/496 401/111/474 415/111/477 574/109/489
f 400/71/475 403/48/462 408/48/465 394/71/476
f 411/135/467 410/135/492 569/135/495 568/135/468
f 423/48/488 399/47/487 402/47/484 420/136/483
f 412/109/491 398/111/490 421/111/480 575/109/479
f 407/135/497 413/135/498 424/135/499 397/135/500
f 413/135/498 409/135/470 573/135/473 424/135/499
f 422/137/501 420/136/483 572/48/486 396/71/502
f 421/111/480 422/137/501 396/71/502 416/111/481
f 415/111/477 394/71/476 419/137/503 398/111/490
f 394/71/476 408/48/465 423/48/488 419/137/503
f 576/135/459 404/135/459 417/135/460 418/135/504
f 438/135/505 427/135/505 598/135/505 451/135/506
f 427/135/505 440/135/505 599/135/507 598/135/505
f 437/48/508 584/47/509 583/47/510 442/48/511
f 425/135/512 445/135/513 585/135/514 429/135/515
f 443/135/516 426/135/517 448/135/518 590/135/519
f 435/111/520 434/71/521 428/71/522 449/111/523
f 440/135/505 595/135/505 596/135/524 599/135/507
f 592/109/525 455/111/526 450/111/527 597/109/528
f 454/136/529 436/47/530 587/47/531 589/48/532
f 442/48/511 583/47/510 433/47/533 457/48/534
f 591/109/535 449/111/523 432/111/536 446/109/537
f 444/135/538 439/135/539 588/135/540 586/135/541
f 594/109/542 435/111/520 449/111/523 591/109/535
f 434/71/521 437/48/508 442/48/511 428/71/522
f 445/135/513 444/135/538 586/135/541 585/135/514
f 457/48/534 433/47/533 436/47/530 454/136/529
f 446/109/537 432/111/536 455/111/526 592/109/525
f 441/135/543 447/135/544 458/135/545 431/135/546
f 447/135/544 443/135/516 590/135/519 458/135/545
f 456/137/547 454/136/529 589/48/532 430/71/548
f 455/111/526 456/137/547 430/71/548 450/111/527
f 449/111/523 428/71/522 453/137/549 432/111/536
f 428/71/522 442/48/511 457/48/534 453/137/549
f 593/135/505 438/135/505 451/135/506 452/135/550
o glr-body
v 0.680282 0.165358 1.855282
v 0.218760 0.293073 1.970785
v 0.218759 0.165358 -2.065744
v 0.890489 0.165358 0.601541
v 0.833899 0.165358 1.397350
v 0.736872 0.293073 1.793127
v 0.218760 0.450423 2.032941
v 0.890489 0.425565 0.612359
v 0.890489 0.419784 1.402311
v 0.442669 0.165203 1.964526
v 0.442669 0.910918 -2.086628
v 0.442669 0.450423 1.964526
v 0.442669 0.165358 -2.039075
v 0.442669 0.646008 1.585836
v 0.442669 0.499543 -2.182654
v 0.687606 0.165358 -1.955513
v 0.778123 0.879885 -1.687603
v 0.763862 0.851626 -1.926851
v 0.761482 0.499543 -2.046162
v 0.890489 0.495484 -1.827134
v 0.218760 0.165203 2.032941
v 0.218760 0.733248 1.408423
v 0.218759 0.499543 -2.209324
v 0.805475 0.786513 1.017056
v 0.798276 0.727814 1.348247
v 0.743280 0.786299 0.554731
v 0.740741 0.805288 0.828563
v 0.644681 0.861795 -0.483243
v 0.218760 0.749596 1.325182
v 0.442669 0.762326 1.260360
v 0.722030 0.799016 1.017056
v 0.586213 0.773050 1.180104
v 0.088249 1.115440 -0.682244
v 0.508606 1.082001 -0.671594
v 0.312159 1.115440 0.244246
v 0.088249 1.115440 0.264473
v 0.564768 1.102579 0.077738
v 0.574748 1.066460 0.180154
v 0.529384 1.083151 -0.426289
v 0.461425 1.115440 0.228824
v 0.461937 0.960910 -1.648723
v 0.088248 1.136019 0.098456
v 0.088248 1.138591 -0.377600
v 0.306129 1.136019 0.088983
v 0.275237 1.115440 -0.677506
v 0.287376 1.138591 -0.376317
v 0.432056 1.115440 -0.673533
v 0.370349 0.910918 -2.092210
v 0.364512 0.499543 -2.191963
v 0.456661 1.136019 0.082438
v 0.441762 1.138591 -0.375321
v 0.388924 0.972483 -1.643170
v 0.480964 0.920590 -1.668071
v 0.890489 0.680176 1.014413
v 0.890489 0.421964 1.377306
v 0.867830 0.738716 0.613997
v 0.866263 0.680445 1.334887
v 0.839539 0.710847 1.333189
v 0.890489 0.741003 1.016318
v 0.864001 0.771391 1.017056
v 0.890489 0.165358 0.661224
v 0.890489 0.429491 0.666488
v 0.874137 0.304071 1.392073
v 0.890489 0.331717 0.650506
v 0.890489 0.538930 0.718386
v 0.890489 0.610383 0.789839
v 0.890489 0.656827 0.875582
v 0.890489 0.676476 0.950607
v 0.890489 0.678263 1.091726
v 0.890489 0.653254 1.175683
v 0.890489 0.613955 1.245349
v 0.890489 0.562152 1.297152
v 0.890489 0.499631 1.343597
v 0.890489 0.360443 1.389929
v 0.890489 0.294151 1.401115
v 0.890489 0.591337 1.357936
v 0.697360 0.487343 1.790219
v 0.218760 0.485115 1.956337
v 0.442669 0.493590 1.895798
v 0.714188 0.450423 1.867837
v 0.846336 0.572033 1.475595
v 0.890489 0.550542 1.368488
v 0.858579 0.538244 1.444052
v 0.890489 0.475950 -1.145575
v 0.890489 0.165358 -1.120534
v 0.795314 0.165358 -1.836618
v 0.890489 0.605373 -1.253264
v 0.890489 0.670238 -1.373604
v 0.890489 0.683100 -1.500076
v 0.890489 0.665951 -1.600824
v 0.890489 0.618792 -1.701572
v 0.890489 0.565203 -1.761592
v 0.872353 0.365850 -1.860197
v 0.890489 0.293611 -1.105100
v 0.762917 0.711820 -1.972246
v 0.442669 0.728165 -2.110116
v 0.367770 0.729185 -2.118714
v 0.832783 0.643483 -1.773412
v 0.218759 0.731213 -2.135819
v 0.890489 0.468471 -0.884637
v 0.876328 0.681433 -1.011618
v 0.890489 0.296176 -0.755697
v 0.890489 0.705573 0.834222
v 0.865969 0.734296 0.809853
v 0.739947 0.797392 0.768706
v 0.890489 0.720934 1.121895
v 0.863885 0.741587 1.172680
v 0.885554 0.705560 1.202767
v 0.807706 0.755993 1.186041
v 0.772293 0.886677 -1.478273
v 0.396989 0.999214 -1.461863
v 0.509603 0.931285 -1.472881
v 0.470773 0.983836 -1.463721
v 0.770755 0.875183 -1.332746
v 0.531693 0.921552 -1.322324
v 0.478663 1.004309 -1.298521
v 0.404451 1.023947 -1.294107
v 0.586233 0.974490 -0.454905
v 0.424096 1.089057 -0.852486
v 0.268002 1.089240 -0.857020
v 0.489792 1.033186 -1.065499
v 0.104613 1.089797 -0.857350
v 0.653304 0.942327 0.539137
v 0.657746 0.165358 1.376490
v 0.657746 0.165358 0.999445
v 0.657746 0.454218 1.007335
v 0.657746 0.429491 0.666488
v 0.657746 0.495484 -1.827134
v 0.657746 0.165358 -1.685166
v 0.657746 0.165358 -1.120534
v 0.657746 0.421964 1.377306
v 0.657746 0.165358 0.661224
v 0.657746 0.331717 0.650506
v 0.657746 0.680176 1.014413
v 0.657746 0.538930 0.718386
v 0.657746 0.610383 0.789839
v 0.657746 0.656827 0.875582
v 0.657746 0.676476 0.950607
v 0.657746 0.678263 1.091726
v 0.657746 0.653254 1.175683
v 0.657746 0.613955 1.245349
v 0.657746 0.562152 1.297152
v 0.657746 0.499631 1.343597
v 0.657746 0.360443 1.389929
v 0.657746 0.475950 -1.145575
v 0.657746 0.165358 -1.836618
v 0.657746 0.605373 -1.253264
v 0.657746 0.670238 -1.373604
v 0.657746 0.683100 -1.500076
v 0.657746 0.665951 -1.600824
v 0.657746 0.618792 -1.701572
v 0.657746 0.565203 -1.761592
v 0.657746 0.365850 -1.860197
v 0.657746 0.293611 -1.105100
v 0.818412 0.466192 -0.830132
v 0.890489 0.664766 0.624491
v 0.890489 0.240900 0.604681
v 0.804251 0.679155 -0.957113
v 0.815333 0.662488 0.624788
v 0.818412 0.293897 -0.701192
v 0.806407 0.675911 -0.649264
v 0.799707 0.822705 -0.752131
v 0.890489 0.209870 0.603391
v 0.834816 0.456946 -0.501837
v 0.890489 0.208369 0.658453
v 0.879470 0.677735 -0.648589
v 0.890489 0.235951 -0.353044
v 0.890489 0.249415 -1.110418
v 0.890489 0.281049 -0.383408
v 0.522846 0.487883 1.868518
v 0.772656 0.655562 1.478885
v 0.643743 0.643122 1.528076
v 0.393707 0.919954 -1.452334
v 0.385642 0.916559 -1.623622
v 0.401169 0.923096 -1.293850
v 0.264719 0.932126 -0.880815
v 0.101330 0.932720 -0.881055
v 0.420813 0.931366 -0.876633
v 0.540329 0.916143 -1.263466
v 0.515329 1.008192 -0.954493
v 0.554568 0.917386 -1.106682
v 0.520967 0.986175 -1.025133
v 0.537343 0.949069 -1.085126
v 0.515077 0.974627 -1.164545
v 0.579483 0.981846 -0.488805
v 0.528205 1.081081 -0.462377
v 0.644421 0.957145 0.546668
v 0.747601 0.795411 0.888242
v 0.749228 0.781012 0.770216
v 0.752205 0.769679 0.554336
v 0.639738 0.863886 -0.525124
v 0.564768 1.082001 0.184985
v 0.573906 1.086092 0.076025
v 0.583100 0.978395 -0.472374
v 0.520268 1.099993 -0.440923
v 0.650399 0.847203 -0.513277
v 0.559176 0.904338 -1.135011
v 0.506571 1.023333 -0.958098
v 0.512327 1.000101 -1.032419
v 0.530018 0.959785 -1.097545
v 0.644818 0.928627 0.316037
v 0.560238 1.086092 0.076025
v 0.729612 0.786299 0.554731
v 0.572565 0.974490 -0.454905
v 0.639636 0.942327 0.539137
v 0.565815 0.981846 -0.488805
v 0.501661 1.008192 -0.954493
v 0.515716 1.083151 -0.426289
v 0.727073 0.805288 0.828563
v 0.726279 0.797392 0.768706
v 0.631013 0.861795 -0.483243
v 0.561080 1.066460 0.180154
v 0.514537 1.081081 -0.462377
v 0.626070 0.863886 -0.525124
v 0.540900 0.917386 -1.106682
v 0.507299 0.986175 -1.025133
v 0.523675 0.949069 -1.085126
v 0.529125 1.093534 0.218626
v 0.619443 0.962990 0.582602
v 0.362659 0.985372 0.678742
v 0.436434 0.785761 1.205586
v 0.561753 0.978537 0.636722
v 0.692792 0.819430 0.982317
v 0.568158 0.795603 1.131940
v 0.230962 0.774080 1.265071
v 0.111198 1.109799 0.291705
v 0.316670 1.109799 0.277229
v 0.154621 0.988076 0.695369
v 0.499946 0.982762 0.662695
v 0.457395 1.105247 0.261801
v 0.598652 0.969902 0.583638
v 0.515771 1.089697 0.249633
v 0.206083 0.901784 -1.700502
v 0.180243 0.909162 -1.602028
v 0.352309 0.914197 -1.470463
v 0.345980 0.907375 -1.604875
v 0.231968 0.915560 -1.470140
v 0.226260 0.908959 -1.603914
v 0.341584 0.900055 -1.698237
v 0.358164 0.922489 -1.346098
v 0.154874 0.923964 -1.345597
v 0.167189 0.915799 -1.470084
v 0.237278 0.923660 -1.345700
v 0.251091 0.929574 -1.021985
v 0.122878 0.930040 -1.022174
v 0.373579 0.928978 -1.018704
v 0.731012 0.713448 -1.985982
v 0.442669 0.560779 -2.163225
v 0.218759 0.562124 -2.189468
v 0.365388 0.561243 -2.172282
v 0.725404 0.576331 -2.035092
v 0.708255 0.559183 -2.048355
v 0.734871 0.831596 -1.945004
v 0.386431 0.728931 -2.116572
v 0.442669 0.851246 -2.072449
v 0.415121 0.820878 -2.083982
v 0.343389 0.561375 -2.174861
v 0.252061 1.074839 -0.858059
v 0.249017 0.947015 -0.880123
v 0.100560 1.075292 -0.858365
v 0.097516 0.947498 -0.880345
v 0.393753 0.946397 -0.876245
v 0.396797 1.074690 -0.853855
v 0.408012 0.851081 -2.079126
v 0.218759 0.850545 -2.102031
v 0.394107 0.820920 -2.089453
v 0.218759 0.821058 -2.107906
v 0.331946 0.850899 -2.084363
v 0.218759 0.456976 -2.191035
v 0.236529 0.298576 -2.120864
v 0.442669 0.454559 -2.163327
v 0.442669 0.311056 -2.101672
v 0.650944 0.296748 -2.013424
v 0.709755 0.451676 -2.047742
v 0.407691 0.297920 -2.100195
v 0.325310 0.298236 -2.110143
v 0.354792 0.455508 -2.174202
v 0.714339 0.286286 -1.988315
v 0.844767 0.230632 -1.844294
v 0.747601 0.229802 -1.929801
v 0.657746 0.233230 -1.844600
v 0.442669 0.454559 -2.072541
v 0.442669 0.311056 -2.010886
v 0.666026 0.310200 -1.922301
v 0.709755 0.451676 -1.956956
v 0.408810 0.311186 -2.014975
v 0.218759 0.456976 -2.152107
v 0.218759 0.311914 -2.089782
v 0.354792 0.455508 -2.135273
v 0.326429 0.311501 -2.076781
v 0.315575 0.293073 1.941204
v 0.442669 0.373782 1.934252
v 0.716671 0.293073 1.800628
v 0.360897 0.356990 1.952604
v 0.694342 0.425465 1.864336
v 0.672013 0.194733 1.848890
v 0.716671 0.293073 1.769140
v 0.482040 0.293073 1.875614
v 0.482040 0.227482 1.925595
v 0.391849 0.293073 1.896051
v 0.694342 0.425465 1.832847
v 0.672013 0.194733 1.817401
v 0.218760 0.357080 1.996069
v 0.218760 0.165203 1.990635
v 0.315575 0.293073 1.898899
v 0.218760 0.293073 1.928480
v 0.442669 0.165203 1.922221
v 0.391896 0.746445 -2.110364
v 0.442669 0.746049 -2.104442
v 0.731547 0.729833 -1.980149
v 0.472754 0.393604 -2.057787
v 0.466431 0.399339 -1.985391
v 0.483438 0.402402 -2.057845
v 0.479450 0.410061 -1.985462
v 0.496543 0.407084 -2.057905
v 0.495419 0.415766 -1.985534
v 0.510489 0.407084 -2.057958
v 0.512414 0.415766 -1.985598
v 0.523594 0.402402 -2.057997
v 0.528383 0.410061 -1.985645
v 0.534277 0.393603 -2.058018
v 0.541402 0.399339 -1.985672
v 0.541251 0.381749 -2.058019
v 0.549900 0.384893 -1.985674
v 0.543672 0.368268 -2.058000
v 0.552851 0.368466 -1.985650
v 0.541251 0.354787 -2.057963
v 0.549900 0.352038 -1.985604
v 0.534278 0.342933 -2.057911
v 0.541403 0.337593 -1.985542
v 0.523595 0.334134 -2.057853
v 0.528384 0.326870 -1.985471
v 0.510490 0.329452 -2.057794
v 0.512415 0.321165 -1.985398
v 0.496543 0.329452 -2.057741
v 0.495420 0.321165 -1.985334
v 0.483438 0.334134 -2.057702
v 0.479451 0.326870 -1.985286
v 0.472755 0.342933 -2.057680
v 0.466432 0.337592 -1.985260
v 0.465782 0.354787 -2.057679
v 0.457934 0.352039 -1.985258
v 0.463360 0.368268 -2.057698
v 0.454983 0.368466 -1.985282
v 0.457934 0.384893 -1.985328
v 0.465781 0.381749 -2.057736
v 0.552383 0.368235 -2.070061
v 0.549432 0.351808 -2.070016
v 0.540935 0.337362 -2.069953
v 0.527917 0.326640 -2.069881
v 0.511947 0.320935 -2.069810
v 0.494953 0.320935 -2.069746
v 0.478983 0.326640 -2.069697
v 0.465964 0.337362 -2.069671
v 0.457467 0.351808 -2.069670
v 0.454516 0.368235 -2.069694
v 0.549432 0.384662 -2.070085
v 0.540935 0.399108 -2.070084
v 0.527916 0.409831 -2.070057
v 0.511946 0.415536 -2.070009
v 0.494952 0.415536 -2.069945
v 0.478982 0.409831 -2.069873
v 0.465964 0.399108 -2.069801
v 0.457467 0.384662 -2.069739
v 0.547574 0.368235 -2.070043
v 0.544913 0.353423 -2.070002
v 0.537251 0.340396 -2.069945
v 0.525512 0.330728 -2.069881
v 0.511112 0.325584 -2.069816
v 0.495788 0.325584 -2.069758
v 0.481388 0.330728 -2.069715
v 0.469649 0.340396 -2.069691
v 0.461987 0.353422 -2.069690
v 0.459325 0.368235 -2.069712
v 0.544913 0.383048 -2.070064
v 0.537250 0.396074 -2.070063
v 0.525511 0.405742 -2.070039
v 0.511111 0.410887 -2.069996
v 0.495787 0.410887 -2.069939
v 0.481387 0.405742 -2.069873
v 0.469648 0.396074 -2.069809
v 0.461986 0.383048 -2.069753
v -0.880191 0.813703 0.536108
v -0.793871 0.747892 0.456229
v -0.936338 0.813703 0.503220
v -0.764122 0.750408 0.463679
v -0.936338 0.887547 0.503220
v -0.880191 0.887547 0.536108
v -1.009340 0.819577 0.431098
v -1.009340 0.885728 0.431098
v -0.833124 0.816890 0.537251
v -0.858431 0.874433 0.537251
v -0.971055 0.813357 0.484029
v -0.971055 0.886358 0.484029
v -0.899410 0.819270 0.425013
v -0.840212 0.819270 0.448547
v -0.824780 0.747892 0.490667
v -0.789218 0.750408 0.497058
v -0.899077 0.905516 0.425144
v -0.843719 0.905516 0.447153
v -1.002867 0.889878 0.383882
v -1.002867 0.828781 0.383882
v -0.961742 0.818700 0.400232
v -0.960868 0.903572 0.400578
v -0.818238 0.828774 0.452751
v -0.833948 0.896377 0.451038
v -0.876769 0.807234 0.532380
v -0.911922 0.807234 0.506184
v -0.852786 0.807234 0.464947
v -0.890085 0.807234 0.449097
v -0.899335 0.813703 0.425042
v -0.899335 0.911084 0.425042
v -0.838414 0.911084 0.449263
v -1.012423 0.893142 0.380083
v -1.012423 0.825083 0.380083
v -0.963598 0.813115 0.399492
v -0.963598 0.909062 0.399492
v -0.824392 0.897970 0.454838
v -0.828531 0.799037 0.468085
v -0.789444 0.802225 0.470165
v -0.819472 0.802225 0.519548
v -0.866010 0.799037 0.520303
v 0.572628 0.393604 -2.029250
v 0.566305 0.399339 -1.956854
v 0.583311 0.402402 -2.029309
v 0.579324 0.410061 -1.956925
v 0.596417 0.407084 -2.029368
v 0.595293 0.415766 -1.956997
v 0.610363 0.407084 -2.029421
v 0.612288 0.415766 -1.957061
v 0.623468 0.402402 -2.029460
v 0.628258 0.410061 -1.957108
v 0.634152 0.393603 -2.029481
v 0.641276 0.399339 -1.957135
v 0.641125 0.381749 -2.029482
v 0.649774 0.384893 -1.957137
v 0.643546 0.368268 -2.029463
v 0.652725 0.368466 -1.957113
v 0.641125 0.354787 -2.029426
v 0.649774 0.352038 -1.957067
v 0.634152 0.342933 -2.029374
v 0.641277 0.337593 -1.957005
v 0.623469 0.334134 -2.029316
v 0.628258 0.326870 -1.956934
v 0.610364 0.329452 -2.029257
v 0.612289 0.321165 -1.956861
v 0.596417 0.329452 -2.029204
v 0.595294 0.321165 -1.956797
v 0.583312 0.334134 -2.029165
v 0.579325 0.326870 -1.956750
v 0.572629 0.342933 -2.029143
v 0.566306 0.337592 -1.956723
v 0.565656 0.354787 -2.029142
v 0.557809 0.352039 -1.956721
v 0.563234 0.368268 -2.029162
v 0.554857 0.368466 -1.956745
v 0.557808 0.384893 -1.956791
v 0.565655 0.381749 -2.029199
v 0.652257 0.368235 -2.041524
v 0.649306 0.351808 -2.041479
v 0.640809 0.337362 -2.041417
v 0.627791 0.326640 -2.041344
v 0.611821 0.320935 -2.041273
v 0.594827 0.320935 -2.041209
v 0.578857 0.326640 -2.041160
v 0.565838 0.337362 -2.041135
v 0.557341 0.351808 -2.041133
v 0.554390 0.368235 -2.041157
v 0.649306 0.384662 -2.041548
v 0.640809 0.399108 -2.041547
v 0.627790 0.409831 -2.041520
v 0.611820 0.415536 -2.041472
v 0.594826 0.415536 -2.041408
v 0.578856 0.409831 -2.041336
v 0.565838 0.399108 -2.041265
v 0.557341 0.384662 -2.041203
v 0.647448 0.368235 -2.041507
v 0.644787 0.353423 -2.041465
v 0.637125 0.340396 -2.041409
v 0.625386 0.330728 -2.041344
v 0.610986 0.325584 -2.041279
v 0.595662 0.325584 -2.041221
v 0.581262 0.330728 -2.041178
v 0.569523 0.340396 -2.041155
v 0.561861 0.353422 -2.041154
v 0.559199 0.368235 -2.041175
v 0.644787 0.383048 -2.041527
v 0.637124 0.396074 -2.041527
v 0.625385 0.405742 -2.041502
v 0.610985 0.410887 -2.041460
v 0.595661 0.410887 -2.041402
v 0.581261 0.405742 -2.041337
v 0.569522 0.396074 -2.041272
v 0.561860 0.383048 -2.041216
v 0.697360 0.487343 1.790219
v 0.522846 0.487883 1.868518
v 0.772656 0.655562 1.478885
v 0.643743 0.643122 1.528076
v 0.690850 0.496513 1.770201
v 0.547736 0.496980 1.837996
v 0.742688 0.635545 1.472844
v 0.654688 0.622805 1.515332
v 0.712099 0.629792 1.491982
v 0.585558 0.537624 1.682258
v 0.685116 0.536898 1.637084
v 0.554233 0.505278 1.818639
v 0.648430 0.625598 1.512176
v 0.721416 0.633300 1.481721
v 0.668088 0.505222 1.765662
v 0.693964 0.583850 1.568291
v 0.621981 0.578717 1.601775
v 0.703052 0.608052 1.540304
v 0.637686 0.601115 1.570952
v 0.487249 0.490416 1.880630
v 0.341455 0.756571 1.289661
v 0.414522 0.646008 1.585836
v 0.442669 0.589905 1.699929
v 0.754560 0.754430 0.519051
v 0.640154 0.953333 0.518848
v 0.696547 0.855559 0.518377
v 0.693772 0.854878 0.502342
v 0.631374 0.964203 0.502373
v 0.760739 0.735343 0.496259
v 0.685117 0.849933 0.504101
v 0.622720 0.959258 0.504131
v 0.752084 0.730398 0.498018
v 0.687892 0.850614 0.520136
v 0.631499 0.948388 0.520607
v 0.745905 0.749485 0.520810
v 0.728547 0.709361 -1.973201
v 0.440204 0.724078 -2.097335
v 0.365305 0.725098 -2.105933
v 0.216294 0.727126 -2.123038
v 0.440204 0.556692 -2.150444
v 0.216294 0.558038 -2.176687
v 0.722938 0.572245 -2.022311
v 0.705790 0.555096 -2.035574
v 0.340923 0.557289 -2.162080
v 0.362922 0.557156 -2.159502
v 0.383965 0.724844 -2.103791
v 0.682693 0.983464 -2.110426
v 0.682693 0.983464 -1.979934
v 0.414127 1.010301 -2.110426
v 0.414127 1.010301 -1.951396
v 0.676500 0.971077 -2.110426
v 0.676500 0.971077 -1.979934
v 0.407934 0.997915 -2.110426
v 0.407934 0.997915 -1.951396
v 0.138554 1.007350 -2.106640
v 0.138554 1.007350 -2.009816
v 0.163980 1.007350 -2.106640
v 0.163980 1.007350 -2.009816
v 0.163980 0.864325 -2.048816
v 0.138554 0.864325 -2.048816
v 0.163980 0.864325 -1.951993
v 0.138554 0.864325 -1.951993
v 0.902943 0.165358 0.601541
v 0.902943 0.165358 0.661224
v 0.902943 0.165358 -1.120534
v 0.444351 0.178832 -2.044080
v 0.218759 0.311914 -2.128711
v 0.236529 0.178624 -2.069327
v 0.668962 0.178801 -1.967546
v 0.440753 0.297569 -2.096737
v 0.666026 0.310200 -2.013088
v 0.408810 0.311186 -2.105761
v 0.326429 0.311501 -2.115709
v 0.196037 0.180274 -2.074859
v 0.017572 0.180274 -2.096116
v 0.017572 0.297769 -2.146597
v 0.196037 0.297085 -2.125046
v 0.439975 0.190204 -2.017224
v 0.232153 0.189996 -2.042472
v 0.436377 0.308941 -2.069882
v 0.664586 0.190173 -1.940691
v 0.320934 0.309608 -2.083288
v 0.403315 0.309293 -2.073340
v 0.232153 0.309948 -2.094009
v 0.646568 0.308120 -1.986569
v 0.191661 0.191646 -2.048004
v 0.013196 0.191646 -2.069261
v 0.013196 0.309141 -2.119741
v 0.191661 0.308457 -2.098191
v 0.218760 0.427170 2.023755
v 0.442669 0.426877 1.955225
v 0.877342 0.692742 -1.369118
v 0.818600 0.704826 -1.751146
v 0.882513 0.696837 -1.498604
v 0.872335 0.700514 -1.614844
v -0.690582 0.165358 1.855282
v -0.229060 0.293073 1.970785
v -0.229060 0.165358 -2.065744
v -0.005150 0.165203 2.071345
v -0.005150 0.450423 2.071345
v -0.005150 0.165358 -2.092414
v -0.900790 0.165358 0.601541
v -0.844199 0.165358 1.397350
v -0.005150 0.733248 1.408423
v -0.747173 0.293073 1.793127
v -0.229060 0.450423 2.032941
v -0.005150 0.499543 -2.235993
v -0.005150 0.293073 2.009189
v -0.900790 0.425565 0.612359
v -0.900790 0.419784 1.402311
v -0.452970 0.165203 1.964526
v -0.452970 0.910918 -2.086628
v -0.452970 0.450423 1.964526
v -0.452970 0.165358 -2.039075
v -0.452970 0.646008 1.585836
v -0.452970 0.499543 -2.182654
v -0.697907 0.165358 -1.955513
v -0.788424 0.879885 -1.687603
v -0.774163 0.851626 -1.926851
v -0.771783 0.499543 -2.046162
v -0.900790 0.495484 -1.827134
v -0.229060 0.165203 2.032941
v -0.229060 0.733248 1.408423
v -0.229060 0.499543 -2.209324
v -0.815776 0.786513 1.017056
v -0.808576 0.727814 1.348247
v -0.753581 0.786299 0.554731
v -0.751042 0.805288 0.828563
v -0.654981 0.861795 -0.483243
v -0.229060 0.749596 1.325182
v -0.452970 0.762326 1.260360
v -0.732331 0.799016 1.017056
v -0.596514 0.773050 1.180104
v -0.005150 0.745958 1.343702
v -0.005150 1.115440 -0.692894
v -0.098550 1.115440 -0.682244
v -0.518907 1.082001 -0.671594
v -0.322459 1.115440 0.244246
v -0.098549 1.115440 0.264473
v -0.575068 1.102579 0.077738
v -0.585048 1.066460 0.180154
v -0.539685 1.083151 -0.426289
v -0.471726 1.115440 0.228824
v -0.472238 0.960910 -1.648723
v -0.005150 1.115440 0.271869
v -0.005150 1.138591 -0.378203
v -0.005150 1.136019 0.102517
v -0.098549 1.136019 0.098456
v -0.098549 1.138591 -0.377600
v -0.316430 1.136019 0.088983
v -0.285538 1.115440 -0.677506
v -0.297677 1.138591 -0.376317
v -0.442357 1.115440 -0.673533
v -0.380650 0.910918 -2.092210
v -0.374813 0.499543 -2.191963
v -0.466962 1.136019 0.082438
v -0.452063 1.138591 -0.375321
v -0.399225 0.972483 -1.643170
v -0.491265 0.920590 -1.668071
v -0.900790 0.680176 1.014413
v -0.900790 0.421964 1.377306
v -0.878130 0.738716 0.613997
v -0.876563 0.680445 1.334887
v -0.849840 0.710847 1.333189
v -0.900790 0.741003 1.016318
v -0.874301 0.771391 1.017056
v -0.900790 0.165358 0.661224
v -0.900790 0.429491 0.666488
v -0.884437 0.304071 1.392073
v -0.900790 0.331717 0.650506
v -0.900790 0.538930 0.718386
v -0.900790 0.610383 0.789839
v -0.900790 0.656827 0.875582
v -0.900790 0.676476 0.950607
v -0.900790 0.678263 1.091726
v -0.900790 0.653254 1.175683
v -0.900790 0.613955 1.245349
v -0.900790 0.562152 1.297152
v -0.900790 0.499631 1.343597
v -0.900790 0.360443 1.389929
v -0.900790 0.294151 1.401115
v -0.900790 0.591337 1.357936
v -0.707661 0.487343 1.790219
v -0.229060 0.485115 1.956337
v -0.005150 0.482279 1.996677
v -0.452970 0.493590 1.895798
v -0.724488 0.450423 1.867837
v -0.856637 0.572033 1.475595
v -0.900790 0.550542 1.368488
v -0.868879 0.538244 1.444052
v -0.900790 0.475950 -1.145575
v -0.900790 0.165358 -1.120534
v -0.805615 0.165358 -1.836618
v -0.900790 0.605373 -1.253264
v -0.900790 0.670238 -1.373604
v -0.900790 0.683100 -1.500076
v -0.900790 0.665951 -1.600824
v -0.900790 0.618792 -1.701572
v -0.900790 0.565203 -1.761592
v -0.882654 0.365850 -1.860197
v -0.900790 0.293611 -1.105100
v -0.773218 0.711820 -1.972246
v -0.452970 0.728165 -2.110116
v -0.378071 0.729185 -2.118714
v -0.005150 0.734260 -2.161522
v -0.843084 0.643483 -1.773412
v -0.229060 0.731213 -2.135819
v -0.900790 0.468471 -0.884637
v -0.886629 0.681433 -1.011618
v -0.900790 0.296176 -0.755697
v -0.900790 0.705573 0.834222
v -0.876270 0.734296 0.809853
v -0.750248 0.797392 0.768706
v -0.900790 0.720934 1.121895
v -0.874186 0.741587 1.172680
v -0.895855 0.705560 1.202767
v -0.818006 0.755993 1.186041
v -0.782594 0.886677 -1.478273
v -0.407290 0.999214 -1.461863
v -0.519904 0.931285 -1.472881
v -0.481073 0.983836 -1.463721
v -0.781056 0.875183 -1.332746
v -0.541994 0.921552 -1.322324
v -0.488964 1.004309 -1.298521
v -0.414752 1.023947 -1.294107
v -0.596533 0.974490 -0.454905
v -0.434397 1.089057 -0.852486
v -0.278303 1.089240 -0.857020
v -0.500093 1.033186 -1.065499
v -0.005150 1.090988 -0.861777
v -0.114913 1.089797 -0.857350
v -0.663604 0.942327 0.539137
v -0.668047 0.165358 1.376490
v -0.668047 0.165358 0.999445
v -0.668047 0.454218 1.007335
v -0.668047 0.429491 0.666488
v -0.668047 0.495484 -1.827134
v -0.668047 0.165358 -1.685166
v -0.668047 0.165358 -1.120534
v -0.668047 0.421964 1.377306
v -0.668047 0.165358 0.661224
v -0.668047 0.331717 0.650506
v -0.668047 0.680176 1.014413
v -0.668047 0.538930 0.718386
v -0.668047 0.610383 0.789839
v -0.668047 0.656827 0.875582
v -0.668047 0.676476 0.950607
v -0.668047 0.678263 1.091726
v -0.668047 0.653254 1.175683
v -0.668047 0.613955 1.245349
v -0.668047 0.562152 1.297152
v -0.668047 0.499631 1.343597
v -0.668047 0.360443 1.389929
v -0.668047 0.475950 -1.145575
v -0.668047 0.165358 -1.836618
v -0.668047 0.605373 -1.253264
v -0.668047 0.670238 -1.373604
v -0.668047 0.683100 -1.500076
v -0.668047 0.665951 -1.600824
v -0.668047 0.618792 -1.701572
v -0.668047 0.565203 -1.761592
v -0.668047 0.365850 -1.860197
v -0.668047 0.293611 -1.105100
v -0.828713 0.466192 -0.830132
v -0.900790 0.664766 0.624492
v -0.900790 0.240900 0.604682
v -0.814551 0.679155 -0.957113
v -0.825634 0.662488 0.624788
v -0.828713 0.293897 -0.701192
v -0.816708 0.675911 -0.649264
v -0.810008 0.822705 -0.752131
v -0.900790 0.209870 0.603391
v -0.845116 0.456946 -0.501837
v -0.900790 0.208369 0.658453
v -0.889771 0.677735 -0.648588
v -0.900790 0.235951 -0.353044
v -0.900790 0.249415 -1.110418
v -0.900790 0.281049 -0.383408
v -0.533146 0.487883 1.868518
v -0.782956 0.655562 1.478885
v -0.654043 0.643122 1.528076
v -0.404007 0.919954 -1.452334
v -0.395942 0.916559 -1.623622
v -0.411470 0.923096 -1.293850
v -0.275020 0.932126 -0.880815
v -0.111631 0.932720 -0.881055
v -0.005150 0.934466 -0.885018
v -0.431114 0.931366 -0.876633
v -0.550630 0.916143 -1.263466
v -0.525630 1.008192 -0.954493
v -0.564869 0.917386 -1.106682
v -0.531268 0.986175 -1.025133
v -0.547643 0.949069 -1.085126
v -0.525377 0.974627 -1.164545
v -0.589784 0.981846 -0.488805
v -0.538506 1.081081 -0.462377
v -0.654721 0.957145 0.546668
v -0.757902 0.795411 0.888242
v -0.759529 0.781012 0.770216
v -0.762505 0.769679 0.554336
v -0.650038 0.863886 -0.525124
v -0.575068 1.082001 0.184985
v -0.584206 1.086092 0.076025
v -0.593400 0.978395 -0.472374
v -0.530568 1.099993 -0.440923
v -0.660699 0.847203 -0.513277
v -0.569477 0.904338 -1.135011
v -0.516872 1.023333 -0.958098
v -0.522628 1.000101 -1.032419
v -0.540319 0.959785 -1.097545
v -0.655119 0.928627 0.316037
v -0.570538 1.086092 0.076025
v -0.739913 0.786299 0.554731
v -0.582865 0.974490 -0.454905
v -0.649936 0.942327 0.539137
v -0.576116 0.981846 -0.488805
v -0.511962 1.008192 -0.954493
v -0.526017 1.083151 -0.426289
v -0.737374 0.805288 0.828563
v -0.736580 0.797392 0.768706
v -0.641313 0.861795 -0.483243
v -0.571380 1.066460 0.180154
v -0.524838 1.081081 -0.462377
v -0.636370 0.863886 -0.525124
v -0.551201 0.917386 -1.106682
v -0.517600 0.986175 -1.025133
v -0.533975 0.949069 -1.085126
v -0.539425 1.093534 0.218626
v -0.629744 0.962990 0.582602
v -0.372959 0.985372 0.678742
v -0.446735 0.785761 1.205586
v -0.572053 0.978537 0.636722
v -0.703092 0.819430 0.982317
v -0.005150 0.988848 0.700110
v -0.005150 1.109799 0.298492
v -0.578459 0.795603 1.131940
v -0.005150 0.770742 1.282066
v -0.241263 0.774080 1.265071
v -0.121499 1.109799 0.291705
v -0.326971 1.109799 0.277229
v -0.164922 0.988076 0.695369
v -0.510247 0.982762 0.662695
v -0.467695 1.105247 0.261801
v -0.608952 0.969902 0.583638
v -0.526071 1.089697 0.249633
v -0.005150 0.904406 -1.702896
v -0.216383 0.901784 -1.700502
v -0.190544 0.909162 -1.602028
v -0.005150 0.911672 -1.597495
v -0.362609 0.914197 -1.470463
v -0.356281 0.907375 -1.604875
v -0.242269 0.915560 -1.470140
v -0.236561 0.908959 -1.603914
v -0.351885 0.900055 -1.698237
v -0.368465 0.922489 -1.346098
v -0.005150 0.925962 -1.344917
v -0.005150 0.918011 -1.469560
v -0.165175 0.923964 -1.345597
v -0.177490 0.915799 -1.470084
v -0.247579 0.923660 -1.345700
v -0.261391 0.929574 -1.021985
v -0.133178 0.930040 -1.022174
v -0.005150 0.931411 -1.025283
v -0.383880 0.928978 -1.018704
v -0.741313 0.713448 -1.985982
v -0.452970 0.560779 -2.163225
v -0.005150 0.563470 -2.215710
v -0.229060 0.562124 -2.189468
v -0.375688 0.561243 -2.172282
v -0.735705 0.576331 -2.035092
v -0.718556 0.559183 -2.048355
v -0.745172 0.831596 -1.945004
v -0.396731 0.728931 -2.116572
v -0.452970 0.851246 -2.072449
v -0.425421 0.820878 -2.083982
v -0.353690 0.561375 -2.174861
v -0.262361 1.074839 -0.858059
v -0.259318 0.947015 -0.880123
v -0.005150 0.948919 -0.884019
v -0.005150 1.076262 -0.862470
v -0.110861 1.075292 -0.858365
v -0.107817 0.947498 -0.880345
v -0.404054 0.946397 -0.876245
v -0.407098 1.074690 -0.853855
v -0.005150 0.849845 -2.124849
v -0.418313 0.851081 -2.079126
v -0.229060 0.850545 -2.102031
v -0.005150 0.821264 -2.133917
v -0.404408 0.820920 -2.089453
v -0.229060 0.821058 -2.107906
v -0.342247 0.850899 -2.084363
v -0.229060 0.456976 -2.191035
v -0.246830 0.298576 -2.120864
v -0.452970 0.454559 -2.163327
v -0.452970 0.311056 -2.101672
v -0.005150 0.459393 -2.218743
v -0.005150 0.312772 -2.155749
v -0.661245 0.296748 -2.013424
v -0.720056 0.451676 -2.047742
v -0.417992 0.297920 -2.100195
v -0.335611 0.298236 -2.110143
v -0.365093 0.455508 -2.174202
v -0.724640 0.286286 -1.988315
v -0.855067 0.230632 -1.844294
v -0.757902 0.229802 -1.929801
v -0.668047 0.233230 -1.844600
v -0.452970 0.454559 -2.072541
v -0.452970 0.311056 -2.010886
v -0.676327 0.310200 -1.922301
v -0.720056 0.451676 -1.956956
v -0.419111 0.311186 -2.014975
v -0.229060 0.456976 -2.152107
v -0.229060 0.311914 -2.089782
v -0.005150 0.459393 -2.179815
v -0.005150 0.312772 -2.116820
v -0.365093 0.455508 -2.135273
v -0.336730 0.311501 -2.076781
v -0.325875 0.293073 1.941204
v -0.452970 0.373782 1.934252
v -0.726972 0.293073 1.800628
v -0.371197 0.356990 1.952604
v -0.704643 0.425465 1.864336
v -0.682314 0.194733 1.848890
v -0.726972 0.293073 1.769140
v -0.492340 0.293073 1.875614
v -0.492340 0.227482 1.925595
v -0.402150 0.293073 1.896051
v -0.704643 0.425465 1.832847
v -0.682314 0.194733 1.817401
v -0.229060 0.357080 1.996069
v -0.005150 0.357221 2.034529
v -0.005150 0.293073 1.966884
v -0.005150 0.165203 2.029040
v -0.229060 0.165203 1.990635
v -0.325875 0.293073 1.898899
v -0.229060 0.293073 1.928480
v -0.452970 0.165203 1.922221
v -0.402196 0.746445 -2.110364
v -0.452970 0.746049 -2.104442
v -0.741848 0.729833 -1.980149
v -0.483055 0.393604 -2.057787
v -0.476732 0.399339 -1.985391
v -0.493738 0.402402 -2.057845
v -0.489751 0.410061 -1.985462
v -0.506843 0.407084 -2.057905
v -0.505720 0.415766 -1.985534
v -0.520790 0.407084 -2.057958
v -0.522715 0.415766 -1.985598
v -0.533895 0.402402 -2.057997
v -0.538684 0.410061 -1.985645
v -0.544578 0.393603 -2.058018
v -0.551703 0.399339 -1.985672
v -0.551551 0.381749 -2.058019
v -0.560200 0.384893 -1.985674
v -0.553973 0.368268 -2.058000
v -0.563152 0.368466 -1.985650
v -0.551552 0.354787 -2.057963
v -0.560201 0.352038 -1.985604
v -0.544579 0.342933 -2.057911
v -0.551704 0.337593 -1.985542
v -0.533896 0.334134 -2.057853
v -0.538685 0.326870 -1.985471
v -0.520791 0.329452 -2.057794
v -0.522716 0.321165 -1.985398
v -0.506844 0.329452 -2.057741
v -0.505721 0.321165 -1.985334
v -0.493739 0.334134 -2.057702
v -0.489752 0.326870 -1.985286
v -0.483056 0.342933 -2.057680
v -0.476733 0.337592 -1.985260
v -0.476083 0.354787 -2.057679
v -0.468235 0.352039 -1.985258
v -0.473661 0.368268 -2.057698
v -0.465284 0.368466 -1.985282
v -0.468235 0.384893 -1.985328
v -0.476082 0.381749 -2.057736
v -0.562684 0.368235 -2.070061
v -0.559733 0.351808 -2.070016
v -0.551236 0.337362 -2.069953
v -0.538218 0.326640 -2.069881
v -0.522248 0.320935 -2.069810
v -0.505254 0.320935 -2.069746
v -0.489284 0.326640 -2.069697
v -0.476265 0.337362 -2.069671
v -0.467768 0.351808 -2.069670
v -0.464817 0.368235 -2.069694
v -0.559733 0.384662 -2.070085
v -0.551236 0.399108 -2.070084
v -0.538217 0.409831 -2.070057
v -0.522247 0.415536 -2.070009
v -0.505252 0.415536 -2.069945
v -0.489283 0.409831 -2.069873
v -0.476264 0.399108 -2.069801
v -0.467768 0.384662 -2.069739
v -0.557875 0.368235 -2.070043
v -0.555214 0.353423 -2.070002
v -0.547552 0.340396 -2.069945
v -0.535813 0.330728 -2.069881
v -0.521413 0.325584 -2.069816
v -0.506089 0.325584 -2.069758
v -0.491689 0.330728 -2.069715
v -0.479949 0.340396 -2.069691
v -0.472287 0.353422 -2.069690
v -0.469626 0.368235 -2.069712
v -0.555213 0.383048 -2.070064
v -0.547551 0.396074 -2.070063
v -0.535812 0.405742 -2.070039
v -0.521412 0.410887 -2.069996
v -0.506088 0.410887 -2.069939
v -0.491688 0.405742 -2.069873
v -0.479949 0.396074 -2.069809
v -0.472287 0.383048 -2.069753
v 0.869890 0.813703 0.536108
v 0.783570 0.747892 0.456229
v 0.926037 0.813703 0.503220
v 0.753821 0.750408 0.463679
v 0.926037 0.887547 0.503220
v 0.869890 0.887547 0.536108
v 0.999039 0.819577 0.431098
v 0.999039 0.885728 0.431098
v 0.822824 0.816890 0.537251
v 0.848130 0.874433 0.537251
v 0.960755 0.813357 0.484029
v 0.960755 0.886358 0.484029
v 0.889109 0.819270 0.425013
v 0.829912 0.819270 0.448546
v 0.814480 0.747892 0.490667
v 0.778917 0.750408 0.497058
v 0.888777 0.905516 0.425144
v 0.833419 0.905516 0.447153
v 0.992566 0.889878 0.383882
v 0.992566 0.828781 0.383882
v 0.951442 0.818700 0.400232
v 0.950567 0.903572 0.400578
v 0.807937 0.828774 0.452751
v 0.823648 0.896377 0.451038
v 0.866469 0.807234 0.532380
v 0.901621 0.807234 0.506184
v 0.842485 0.807234 0.464947
v 0.879784 0.807234 0.449097
v 0.889034 0.813703 0.425042
v 0.889034 0.911084 0.425042
v 0.828113 0.911084 0.449263
v 1.002122 0.893142 0.380082
v 1.002122 0.825083 0.380082
v 0.953298 0.813115 0.399492
v 0.953298 0.909062 0.399492
v 0.814092 0.897970 0.454838
v 0.818231 0.799037 0.468085
v 0.779144 0.802225 0.470165
v 0.809171 0.802225 0.519547
v 0.855710 0.799037 0.520303
v -0.582929 0.393604 -2.029250
v -0.576606 0.399339 -1.956854
v -0.593612 0.402402 -2.029309
v -0.589625 0.410061 -1.956925
v -0.606717 0.407084 -2.029368
v -0.605594 0.415766 -1.956997
v -0.620664 0.407084 -2.029421
v -0.622589 0.415766 -1.957061
v -0.633769 0.402402 -2.029460
v -0.638558 0.410061 -1.957108
v -0.644452 0.393603 -2.029481
v -0.651577 0.399339 -1.957135
v -0.651425 0.381749 -2.029482
v -0.660074 0.384893 -1.957137
v -0.653847 0.368268 -2.029463
v -0.663026 0.368466 -1.957113
v -0.651426 0.354787 -2.029426
v -0.660075 0.352038 -1.957067
v -0.644453 0.342933 -2.029374
v -0.651578 0.337593 -1.957005
v -0.633770 0.334134 -2.029316
v -0.638559 0.326870 -1.956934
v -0.620665 0.329452 -2.029257
v -0.622590 0.321165 -1.956861
v -0.606718 0.329452 -2.029204
v -0.605595 0.321165 -1.956797
v -0.593613 0.334134 -2.029165
v -0.589626 0.326870 -1.956750
v -0.582930 0.342933 -2.029143
v -0.576607 0.337592 -1.956723
v -0.575957 0.354787 -2.029142
v -0.568109 0.352039 -1.956721
v -0.573535 0.368268 -2.029162
v -0.565158 0.368466 -1.956745
v -0.568109 0.384893 -1.956791
v -0.575956 0.381749 -2.029199
v -0.662558 0.368235 -2.041524
v -0.659607 0.351808 -2.041479
v -0.651110 0.337362 -2.041417
v -0.638092 0.326640 -2.041344
v -0.622122 0.320935 -2.041273
v -0.605128 0.320935 -2.041209
v -0.589158 0.326640 -2.041160
v -0.576139 0.337362 -2.041135
v -0.567642 0.351808 -2.041133
v -0.564691 0.368235 -2.041157
v -0.659607 0.384662 -2.041548
v -0.651110 0.399108 -2.041547
v -0.638091 0.409831 -2.041520
v -0.622121 0.415536 -2.041472
v -0.605127 0.415536 -2.041408
v -0.589157 0.409831 -2.041336
v -0.576138 0.399108 -2.041265
v -0.567642 0.384662 -2.041203
v -0.657749 0.368235 -2.041507
v -0.655088 0.353423 -2.041465
v -0.647426 0.340396 -2.041409
v -0.635687 0.330728 -2.041344
v -0.621287 0.325584 -2.041279
v -0.605963 0.325584 -2.041221
v -0.591563 0.330728 -2.041178
v -0.579823 0.340396 -2.041155
v -0.572161 0.353422 -2.041154
v -0.569500 0.368235 -2.041175
v -0.655087 0.383048 -2.041527
v -0.647425 0.396074 -2.041527
v -0.635686 0.405742 -2.041502
v -0.621286 0.410887 -2.041460
v -0.605962 0.410887 -2.041402
v -0.591562 0.405742 -2.041337
v -0.579823 0.396074 -2.041272
v -0.572161 0.383048 -2.041216
v -0.707661 0.487343 1.790219
v -0.533146 0.487883 1.868518
v -0.782956 0.655562 1.478885
v -0.654043 0.643122 1.528076
v -0.701151 0.496513 1.770201
v -0.558037 0.496980 1.837996
v -0.752989 0.635545 1.472844
v -0.664988 0.622805 1.515332
v -0.722400 0.629792 1.491982
v -0.595859 0.537624 1.682258
v -0.695416 0.536898 1.637084
v -0.564533 0.505278 1.818639
v -0.658731 0.625598 1.512176
v -0.731717 0.633300 1.481721
v -0.678388 0.505222 1.765662
v -0.704264 0.583850 1.568291
v -0.632281 0.578717 1.601775
v -0.713353 0.608052 1.540304
v -0.647987 0.601115 1.570952
v -0.497549 0.490416 1.880630
v -0.351755 0.756571 1.289661
v -0.424823 0.646008 1.585836
v -0.452970 0.589905 1.699929
v -0.764860 0.754430 0.519051
v -0.650455 0.953333 0.518849
v -0.706848 0.855559 0.518378
v -0.704072 0.854878 0.502342
v -0.641675 0.964203 0.502373
v -0.771040 0.735343 0.496259
v -0.695418 0.849933 0.504101
v -0.633020 0.959258 0.504131
v -0.762385 0.730398 0.498018
v -0.698193 0.850614 0.520136
v -0.641800 0.948388 0.520607
v -0.756205 0.749485 0.520810
v -0.738847 0.709361 -1.973201
v -0.450505 0.724078 -2.097335
v -0.375606 0.725098 -2.105933
v -0.226595 0.727126 -2.123038
v -0.005150 0.730173 -2.148741
v -0.450505 0.556692 -2.150444
v -0.005150 0.559383 -2.202929
v -0.226595 0.558038 -2.176687
v -0.733239 0.572245 -2.022311
v -0.716091 0.555096 -2.035574
v -0.351224 0.557289 -2.162080
v -0.373223 0.557156 -2.159502
v -0.394266 0.724844 -2.103791
v -0.692994 0.983464 -2.110426
v -0.005150 1.010301 -2.110426
v -0.692994 0.983464 -1.979934
v -0.005150 1.010301 -1.951396
v -0.424428 1.010301 -2.110426
v -0.424428 1.010301 -1.951396
v -0.686801 0.971077 -2.110426
v -0.005150 0.997915 -2.110426
v -0.686801 0.971077 -1.979934
v -0.005150 0.997915 -1.951396
v -0.418235 0.997915 -2.110426
v -0.418235 0.997915 -1.951396
v -0.148854 1.007350 -2.106640
v -0.148854 1.007350 -2.009816
v -0.174281 1.007350 -2.106640
v -0.174281 1.007350 -2.009816
v -0.174281 0.864325 -2.048816
v -0.148854 0.864325 -2.048816
v -0.174281 0.864325 -1.951993
v -0.148854 0.864325 -1.951993
v -0.913243 0.165358 0.601541
v -0.913243 0.165358 0.661224
v -0.913243 0.165358 -1.120534
v -0.454652 0.178832 -2.044080
v -0.229060 0.311914 -2.128711
v -0.246830 0.178624 -2.069327
v -0.679263 0.178801 -1.967546
v -0.451054 0.297569 -2.096737
v -0.676327 0.310200 -2.013088
v -0.419111 0.311186 -2.105761
v -0.336730 0.311501 -2.115709
v -0.206338 0.180274 -2.074859
v -0.027873 0.180274 -2.096116
v -0.027873 0.297769 -2.146597
v -0.206338 0.297085 -2.125046
v -0.450275 0.190204 -2.017224
v -0.242453 0.189996 -2.042472
v -0.446678 0.308941 -2.069882
v -0.674887 0.190173 -1.940691
v -0.331234 0.309608 -2.083288
v -0.413616 0.309293 -2.073340
v -0.242453 0.309948 -2.094009
v -0.656869 0.308120 -1.986569
v -0.201962 0.191646 -2.048004
v -0.023497 0.191646 -2.069261
v -0.023497 0.309141 -2.119741
v -0.201962 0.308457 -2.098191
v -0.229060 0.427170 2.023755
v -0.452970 0.426877 1.955225
v -0.005150 0.425040 2.061318
v -0.887643 0.692742 -1.369118
v -0.828900 0.704826 -1.751146
v -0.892814 0.696837 -1.498604
v -0.882636 0.700514 -1.614844
vn -0.0000 0.3024 -0.9532
vn 0.1128 0.3005 -0.9471
vn 0.1800 0.9139 0.3639
vn 0.2090 0.8400 0.5008
vn 0.2141 0.8674 0.4491
vn 0.1892 0.8729 0.4498
vn 0.3174 0.8934 0.3180
vn 0.1748 0.9821 -0.0706
vn 0.1620 0.9849 -0.0611
vn 0.1621 0.9849 -0.0612
vn 0.9795 0.0187 0.2008
vn 0.9800 0.0350 0.1957
vn 0.9280 0.0544 0.3685
vn 0.2189 -0.3585 0.9075
vn 0.2158 -0.3587 0.9081
vn -0.0000 -0.3674 0.9301
vn 1.0000 -0.0000 -0.0000
vn 0.9995 0.0188 0.0236
vn 0.9998 0.0108 0.0136
vn 0.2414 0.3005 -0.9227
vn 0.2543 0.3002 -0.9194
vn 0.3790 0.2944 -0.8773
vn 0.3815 0.2902 -0.8776
vn 0.3757 0.2913 -0.8798
vn 0.3814 0.9069 0.1790
vn 0.1801 0.9636 0.1974
vn 0.1861 0.9482 0.2576
vn 0.3336 0.9084 0.2522
vn -0.0000 -0.7964 -0.6048
vn -0.0000 -0.6535 -0.7570
vn -0.0000 -1.0000 -0.0000
vn 0.8911 -0.3200 0.3217
vn 0.9319 -0.1493 0.3304
vn 0.9277 -0.1506 0.3417
vn 0.0456 0.9225 -0.3832
vn 0.3772 0.2971 0.8772
vn 0.3332 0.2891 0.8974
vn 0.3739 0.3910 0.8410
vn -0.0000 0.9958 0.0916
vn 0.1028 0.9462 0.3068
vn 0.2106 0.9566 0.2016
vn 0.2703 0.9130 0.3056
vn 0.1675 0.9214 0.3507
vn -0.0000 0.9938 -0.1115
vn -0.0000 0.9994 -0.0348
vn 0.0015 0.9994 -0.0350
vn 0.0064 0.9940 -0.1088
vn 0.0669 0.9141 0.4000
vn 0.1475 0.8519 0.5025
vn 0.0541 0.9478 0.3142
vn 0.0681 0.9021 0.4260
vn 0.1520 0.8731 0.4632
vn 0.1040 0.8940 0.4358
vn 0.0405 0.9191 0.3919
vn -0.0000 0.1168 0.9932
vn 0.9288 0.3414 -0.1443
vn 0.9117 0.3153 -0.2632
vn 0.9324 0.2364 -0.2733
vn 0.9720 0.1759 -0.1558
vn 0.9889 0.0586 0.1363
vn -0.0000 0.9542 0.2992
vn -0.0000 0.9154 0.4025
vn -0.0000 -1.0000 0.0059
vn -0.0000 -0.9957 -0.0931
vn -0.0000 -0.9962 -0.0873
vn 0.6919 0.7126 0.1158
vn 0.7033 0.7049 0.0924
vn 0.4563 0.8634 0.2153
vn 0.1088 -0.3924 -0.9133
vn 0.3302 0.5388 0.7750
vn 0.4263 0.4421 0.7891
vn 0.3436 0.5243 0.7791
vn 0.9956 0.0916 -0.0192
vn 0.9679 0.2503 -0.0243
vn -0.0000 0.2813 -0.9596
vn -0.0000 0.2943 -0.9557
vn -0.0000 0.2705 -0.9627
vn 0.1631 0.9866 -0.0009
vn 0.1640 0.9865 0.0022
vn 0.3210 0.9415 -0.1022
vn 0.2326 0.9710 0.0553
vn 0.1912 0.9570 0.2182
vn 0.0467 0.9488 0.3125
vn -0.0000 0.9597 0.2810
vn 0.0594 0.9382 0.3408
vn 0.0648 0.9333 0.3532
vn 0.0788 0.9887 -0.1277
vn 0.1271 0.9828 -0.1343
vn 0.1241 0.9832 -0.1339
vn 0.3644 0.9011 0.2349
vn 0.0870 0.9267 0.3657
vn 0.0355 0.9295 0.3672
vn 0.1973 0.9702 -0.1407
vn 0.1971 0.9702 -0.1407
vn 0.3787 0.9231 -0.0666
vn 0.1847 0.9820 -0.0385
vn 0.1733 0.9826 0.0662
vn 0.3267 0.9416 0.0814
vn 0.3922 0.9083 0.1451
vn 0.0041 0.9979 0.0650
vn -0.0000 0.9979 0.0653
vn 0.0007 0.9994 -0.0356
vn 0.0027 0.9938 -0.1109
vn 0.0109 0.9873 0.1587
vn -0.0000 0.9867 0.1627
vn 0.0041 0.9894 -0.1449
vn 0.0098 0.9895 -0.1440
vn 0.1954 0.9741 -0.1134
vn 0.0047 0.9977 0.0683
vn 0.0181 0.9856 0.1680
vn 0.3813 0.9177 -0.1121
vn 0.2431 0.9594 -0.1432
vn 0.8449 0.5219 -0.1170
vn 0.8618 0.4959 -0.1061
vn 0.8829 0.4605 -0.0914
vn 0.2658 0.9636 0.0272
vn 0.3381 0.9392 -0.0598
vn 0.6574 0.7499 -0.0741
vn 0.2928 0.9561 0.0083
vn 0.3020 0.9348 0.1869
vn 0.5484 0.8360 0.0172
vn 0.0867 0.0047 -0.9962
vn 0.2229 -0.0833 -0.9713
vn 0.4060 -0.1521 -0.9011
vn 0.9100 0.4141 -0.0210
vn 0.8990 0.4380 -0.0085
vn 0.8873 0.4612 -0.0045
vn 0.7028 0.6296 0.3312
vn 0.9288 0.0848 0.3608
vn 0.8438 0.4526 0.2882
vn 0.7601 0.6263 0.1733
vn 0.7551 0.6419 0.1331
vn 0.7667 0.6420 0.0050
vn 0.9573 0.2857 -0.0436
vn 0.3168 -0.3683 0.8740
vn 0.3153 -0.3640 0.8764
vn 0.3155 -0.3637 0.8765
vn -0.0000 -0.9205 -0.3908
vn -0.0000 -0.0864 0.9963
vn -0.0000 -0.4914 0.8709
vn -0.0000 -0.4813 0.8766
vn -0.0000 -0.0663 0.9978
vn -0.0000 -0.9877 -0.1565
vn -0.0000 -0.7161 0.6980
vn 0.9013 0.2066 0.3807
vn -0.0000 0.9153 0.4027
vn 0.0880 0.8980 0.4311
vn 0.9856 0.1463 0.0848
vn 0.9672 0.1447 0.2087
vn 0.1752 0.8767 0.4479
vn 0.1550 0.8663 0.4749
vn 0.9993 0.0351 0.0130
vn 0.9975 0.0641 0.0314
vn 0.9462 0.3235 0.0108
vn 0.9998 0.0172 0.0064
vn 0.7601 -0.1754 -0.6257
vn 0.6463 -0.3008 -0.7013
vn 0.6587 -0.3506 -0.6658
vn 0.7150 -0.1162 -0.6894
vn 0.8687 0.2064 -0.4503
vn 0.3835 0.2853 -0.8784
vn 0.4010 0.1299 -0.9068
vn 0.3971 0.1182 -0.9101
vn 0.8582 0.3759 -0.3496
vn 0.8029 0.4661 -0.3717
vn 0.7409 0.4743 -0.4755
vn 0.2505 0.2973 -0.9214
vn 0.1421 0.2856 -0.9478
vn 0.1455 0.2815 -0.9485
vn 0.2526 0.2937 -0.9219
vn 0.1291 0.2849 -0.9498
vn 0.1090 0.2912 -0.9504
vn 0.1102 0.2819 -0.9531
vn 0.1386 0.2686 -0.9532
vn -0.0000 0.2995 -0.9541
vn -0.0000 0.2750 -0.9614
vn 0.8738 0.4482 -0.1886
vn 0.8657 0.4993 0.0341
vn 0.8679 0.4959 0.0298
vn 0.9902 0.1170 0.0760
vn 0.9926 0.0999 0.0684
vn 0.7441 0.6331 0.2132
vn 0.8970 0.4405 0.0366
vn 0.2553 0.9562 -0.1433
vn 0.2533 0.9567 -0.1431
vn -0.8440 0.5350 -0.0384
vn -0.8641 0.5026 -0.0269
vn -0.9926 0.1002 0.0688
vn 0.0227 0.1227 -0.9922
vn 0.0221 0.1332 -0.9908
vn 0.0249 0.1270 -0.9916
vn 0.0258 0.1120 -0.9934
vn 0.8172 0.5655 -0.1112
vn 0.8181 0.5637 -0.1139
vn 0.1858 0.9808 0.0597
vn 0.1951 0.9789 0.0611
vn -0.9986 0.0292 0.0432
vn -0.9980 0.0478 0.0416
vn -0.9980 0.0474 0.0416
vn -0.9986 0.0301 0.0431
vn -0.0000 0.0528 -0.9986
vn 0.0179 0.0625 -0.9979
vn 0.0223 0.1144 -0.9932
vn -0.0000 0.1103 -0.9939
vn 0.2959 0.9443 -0.1442
vn 0.8781 0.4783 -0.0142
vn 0.8745 0.4849 0.0035
vn 0.1926 0.9793 0.0617
vn 0.2146 0.9745 0.0648
vn 0.8651 0.4606 -0.1987
vn 0.8251 0.5565 -0.0974
vn 0.8223 0.5609 -0.0962
vn 0.0209 0.0683 -0.9974
vn 0.0114 0.1125 -0.9936
vn -0.9951 0.0728 0.0668
vn -0.0000 -0.9653 -0.2612
vn -0.0000 -0.9678 -0.2516
vn -0.0000 0.2573 -0.9663
vn -0.0000 0.9897 -0.1433
vn -0.9988 0.0213 0.0439
vn -0.0000 1.0000 0.0088
vn -0.0000 0.9974 0.0725
vn -0.0000 0.9999 0.0119
vn 0.0177 0.9714 0.2370
vn 0.0351 0.9681 0.2481
vn -0.0000 0.9314 0.3641
vn -0.0000 -0.0493 -0.9988
vn -0.0000 0.1195 -0.9928
vn -0.0000 -0.5005 -0.8657
vn -0.0000 -0.4406 -0.8977
vn -0.0000 -0.3012 -0.9536
vn 0.0401 -0.1313 -0.9905
vn 0.0257 -0.0970 -0.9950
vn -0.0000 -0.0488 0.9988
vn -0.0000 -0.2978 0.9546
vn -0.0000 -0.7740 -0.6331
vn -0.0000 -0.5762 0.8173
vn -0.0000 -0.9560 -0.2935
vn -0.0000 -0.8016 0.5979
vn -0.0000 -0.9994 0.0336
vn -0.0000 0.0643 0.9979
vn -0.0000 -0.9300 0.3675
vn -0.0000 -0.9544 0.2986
vn -0.0000 -0.9877 0.1564
vn -0.0000 -0.8346 0.5508
vn -0.0000 -0.9999 0.0166
vn 0.9954 0.0757 -0.0589
vn 0.9964 0.0807 -0.0275
vn 0.9918 0.1229 -0.0360
vn 0.9885 0.1326 -0.0730
vn 0.9993 0.0366 -0.0053
vn 0.9978 0.0606 -0.0270
vn 0.5184 0.4830 0.7057
vn 0.5259 0.4611 0.7147
vn 0.5141 0.4951 0.7005
vn 0.5059 0.5168 0.6906
vn 0.0243 -0.9996 -0.0105
vn 0.0260 -0.9996 -0.0106
vn 0.0277 -0.9996 -0.0106
vn 0.2268 0.9719 0.0625
vn 0.2331 0.9710 0.0521
vn 0.9747 0.2165 -0.0547
vn 0.9890 0.0635 -0.1333
vn -0.0009 0.9992 0.0406
vn 0.7919 0.4207 0.4426
vn 0.2094 0.8524 0.4791
vn -0.0812 0.9909 -0.1070
vn -0.0990 0.9937 -0.0519
vn -0.2133 0.9754 -0.0562
vn 0.0092 0.9998 -0.0189
vn 0.0046 0.9998 -0.0185
vn 0.0051 0.9998 -0.0187
vn 0.0081 0.9998 -0.0183
vn -0.0000 0.9998 -0.0193
vn -0.0000 0.9998 -0.0183
vn 0.0063 0.9998 -0.0189
vn 0.0082 0.9998 -0.0196
vn -0.0004 0.9997 -0.0240
vn -0.0117 0.9992 -0.0384
vn -0.0924 0.9952 -0.0334
vn -0.0610 0.9972 -0.0441
vn 0.0068 0.9920 -0.1262
vn 0.0136 0.9918 -0.1268
vn 0.0125 0.9949 -0.1005
vn 0.8611 0.5011 -0.0866
vn 0.8468 0.5240 -0.0917
vn 0.8925 0.4425 -0.0880
vn 0.8632 0.4981 -0.0824
vn 0.8817 0.4662 -0.0728
vn 0.9165 0.3907 -0.0865
vn 0.8393 0.5359 -0.0919
vn 0.8589 0.5058 -0.0798
vn 0.8598 0.5042 -0.0813
vn 0.8853 0.4616 -0.0572
vn 0.8818 0.4693 -0.0466
vn 0.8780 0.4733 -0.0715
vn 0.8779 0.4777 -0.0314
vn 0.8518 0.5238 -0.0081
vn 0.8803 0.4735 -0.0315
vn 0.8878 0.4592 -0.0314
vn 0.8877 0.4593 -0.0313
vn 0.8802 0.4735 -0.0313
vn 0.8826 0.4671 -0.0540
vn 0.8757 0.4771 -0.0745
vn 0.8570 0.5136 0.0432
vn 0.8784 0.4778 0.0063
vn 0.8786 0.4775 0.0050
vn 0.8571 0.5132 0.0444
vn 0.8734 0.4772 -0.0975
vn 0.8739 0.4770 -0.0943
vn 0.8701 0.4843 -0.0913
vn 0.8607 0.5021 -0.0842
vn 0.8711 0.4829 -0.0889
vn 0.8658 0.4941 -0.0791
vn 0.8584 0.5066 -0.0804
vn 0.8662 0.4922 -0.0865
vn 0.8668 0.4910 -0.0871
vn 0.8705 0.4837 -0.0903
vn 0.8727 0.4877 -0.0222
vn 0.8952 0.4415 -0.0603
vn 0.9025 0.4253 -0.0684
vn 0.8948 0.4432 -0.0543
vn 0.8715 0.4901 -0.0188
vn 0.8745 0.4843 -0.0245
vn 0.8678 0.4968 -0.0128
vn 0.8888 0.4552 -0.0534
vn 0.8741 0.4766 -0.0935
vn 0.8452 0.5341 0.0209
vn -0.0000 0.9914 -0.1308
vn -0.0000 0.9958 -0.0913
vn -0.0000 0.9958 -0.0914
vn -0.0000 -0.9049 0.4257
vn -0.0000 -0.9746 0.2239
vn -0.0000 -0.9752 0.2215
vn -0.0000 -0.9151 0.4033
vn -0.0000 -0.2439 0.9698
vn -0.0000 -0.2477 0.9688
vn -0.0000 -0.2509 0.9680
vn -0.0000 -0.6930 0.7209
vn -0.0000 -0.7540 0.6569
vn -0.0000 -0.2547 0.9670
vn -0.0000 -0.9228 -0.3854
vn -0.0000 -0.9290 -0.3702
vn -0.0000 -0.5625 0.8268
vn -0.0000 -0.9038 -0.4279
vn -0.0000 -0.9892 0.1465
vn -0.0000 0.9694 0.2455
vn 0.3255 0.9094 0.2589
vn 0.1378 0.9393 0.3143
vn 0.0550 0.9462 0.3190
vn 0.0247 0.9473 0.3194
vn -0.0000 0.9475 0.3199
vn -0.0000 0.9951 -0.0989
vn -0.0000 0.9982 -0.0595
vn 0.0077 0.9981 -0.0606
vn 0.0078 0.9980 -0.0633
vn 0.0079 0.9983 -0.0570
vn 0.0073 0.9983 -0.0579
vn -0.0000 0.9984 -0.0566
vn -0.0000 0.9992 -0.0406
vn 0.0079 0.9991 -0.0412
vn 0.0063 0.9991 -0.0423
vn -0.9826 0.0970 -0.1585
vn -0.0708 0.9540 0.2914
vn -0.0293 0.9537 0.2993
vn -0.0747 0.9539 0.2906
vn 0.2847 0.0579 -0.9569
vn 0.2501 -0.1517 -0.9563
vn -0.0000 -0.9531 -0.3027
vn 0.0217 -0.9532 -0.3016
vn 0.0217 -0.9532 -0.3017
vn 0.1562 0.2557 -0.9541
vn 0.1309 0.0283 -0.9910
vn 0.9766 -0.1674 0.1349
vn 0.0119 0.1165 -0.9931
vn 0.0216 0.1129 -0.9934
vn -0.0000 0.1159 -0.9933
vn 0.0228 0.0469 -0.9986
vn 0.0165 0.0545 -0.9984
vn -0.0000 0.0632 -0.9980
vn 0.1020 0.1864 -0.9772
vn 0.0889 -0.1793 -0.9798
vn 0.1117 0.2736 -0.9553
vn -0.0000 0.2492 -0.9684
vn -0.0000 0.9919 -0.1273
vn -0.9554 0.2953 -0.0000
vn 0.0038 1.0000 -0.0000
vn 0.2064 -0.3862 -0.8990
vn 0.2309 -0.3841 -0.8940
vn -0.0108 -0.9999 -0.0000
vn -0.0000 -0.3947 -0.9188
vn 0.4833 -0.3784 -0.7894
vn 0.3199 -0.3197 -0.8919
vn 0.5050 -0.3356 -0.7952
vn 0.3376 -0.3395 -0.8779
vn 0.1063 -0.3862 -0.9163
vn -0.0000 1.0000 -0.0000
vn -0.0497 -0.9226 0.3826
vn -0.9798 -0.1818 -0.0827
vn 0.6383 -0.4144 -0.6487
vn 0.3260 -0.3551 -0.8761
vn 0.3581 -0.3478 -0.8665
vn 0.2431 -0.3718 -0.8959
vn 0.9732 -0.2298 -0.0000
vn -0.9812 0.1932 -0.0000
vn 0.0609 0.0171 -0.9980
vn 0.2989 -0.4096 0.8619
vn 0.3388 -0.3927 0.8550
vn 0.3040 -0.5128 0.8029
vn -0.9861 -0.1663 -0.0000
vn -0.9105 0.4135 -0.0000
vn 0.3465 -0.4247 0.8364
vn 0.2972 -0.4119 0.8614
vn 0.2575 0.5547 0.7912
vn 0.3303 0.4768 0.8146
vn 0.3983 -0.3672 0.8405
vn 0.4418 0.3695 0.8175
vn 0.2012 -0.9796 -0.0000
vn 0.2864 0.5383 0.7926
vn 0.2943 -0.3542 0.8876
vn 0.2922 -0.3567 0.8873
vn 0.2054 0.4279 0.8802
vn 0.2126 0.4272 0.8788
vn -0.0000 0.4372 0.8994
vn 0.2650 0.4215 0.8672
vn -0.7093 -0.7050 -0.0000
vn -0.1705 -0.9853 0.0036
vn -0.1709 -0.9853 0.0036
vn 0.1705 -0.9854 0.0017
vn 0.1709 -0.9853 0.0017
vn -0.4933 -0.8698 0.0051
vn -0.4935 -0.8697 0.0051
vn -0.7604 -0.6494 0.0060
vn -0.7605 -0.6493 0.0060
vn -0.9377 -0.3473 0.0061
vn -1.0000 0.0001 0.0055
vn -1.0000 -0.0001 0.0055
vn 0.4933 -0.8699 -0.0004
vn 0.4936 -0.8697 -0.0004
vn 0.7603 -0.6495 -0.0024
vn 0.7606 -0.6492 -0.0024
vn 0.9377 -0.3475 -0.0042
vn 0.9378 -0.3472 -0.0042
vn 1.0000 -0.0001 -0.0055
vn 1.0000 0.0001 -0.0055
vn 0.9377 0.3473 -0.0061
vn 0.7604 0.6494 -0.0060
vn 0.7605 0.6493 -0.0060
vn 0.4933 0.8698 -0.0051
vn 0.4935 0.8697 -0.0051
vn 0.1705 0.9853 -0.0036
vn 0.1709 0.9853 -0.0036
vn -0.1709 0.9853 -0.0017
vn -0.1705 0.9854 -0.0017
vn -0.4936 0.8697 0.0004
vn -0.4933 0.8699 0.0004
vn -0.7606 0.6492 0.0024
vn -0.7603 0.6495 0.0024
vn -0.0038 -0.0021 -1.0000
vn -0.9378 0.3472 0.0042
vn -0.9377 0.3475 0.0042
vn -0.0038 -0.0020 -1.0000
vn -0.0037 -0.0021 -1.0000
vn -0.0037 -0.0020 -1.0000
vn -0.8922 0.3297 -0.3088
vn -0.9513 -0.0007 -0.3082
vn -0.9513 -0.0006 -0.3082
vn -0.8924 0.3292 -0.3088
vn -0.7238 0.6170 -0.3089
vn -0.7244 0.6164 -0.3089
vn -0.4702 0.8267 -0.3090
vn -0.4707 0.8264 -0.3090
vn -0.1635 0.9366 -0.3098
vn -0.1636 0.9366 -0.3098
vn 0.1608 0.9365 -0.3116
vn 0.1615 0.9364 -0.3116
vn 0.4673 0.8264 -0.3141
vn 0.4684 0.8258 -0.3141
vn 0.7207 0.6167 -0.3166
vn 0.7216 0.6157 -0.3166
vn 0.8889 0.3295 -0.3183
vn 0.8892 0.3287 -0.3183
vn 0.9480 -0.0007 -0.3184
vn 0.9480 -0.0006 -0.3184
vn -0.8923 -0.3311 -0.3070
vn -0.8925 -0.3304 -0.3070
vn -0.7239 -0.6185 -0.3055
vn -0.7246 -0.6178 -0.3055
vn -0.4702 -0.8283 -0.3046
vn -0.4709 -0.8279 -0.3046
vn -0.1636 -0.9383 -0.3048
vn 0.1609 -0.9382 -0.3065
vn 0.1616 -0.9380 -0.3066
vn 0.4674 -0.8281 -0.3096
vn 0.4686 -0.8274 -0.3096
vn 0.7208 -0.6182 -0.3133
vn 0.7218 -0.6171 -0.3133
vn 0.8890 -0.3309 -0.3165
vn 0.8893 -0.3300 -0.3165
vn 0.1138 0.2381 -0.9645
vn -0.2836 -0.0033 0.9589
vn -0.0341 -0.0066 0.9994
vn -0.3285 -0.0027 0.9445
vn -0.6609 -0.0000 0.7505
vn -0.8103 -0.0000 0.5861
vn -0.6582 -0.0000 0.7528
vn -0.4948 -0.0000 0.8690
vn -0.4946 -0.0000 0.8691
vn -0.1529 -0.9870 -0.0494
vn -0.0862 -0.9962 0.0104
vn -0.0629 -0.9975 0.0328
vn -0.1361 -0.9889 -0.0592
vn 0.3165 -0.2732 -0.9084
vn 0.3539 0.0015 -0.9353
vn 0.3586 0.0218 -0.9332
vn 0.4097 0.0471 -0.9110
vn 0.3694 -0.0000 -0.9293
vn 0.3694 0.0001 -0.9293
vn 0.3763 -0.1139 -0.9195
vn -0.9982 -0.0000 0.0603
vn -0.3362 0.9216 0.1939
vn -0.1937 0.9549 0.2251
vn -0.2533 0.9437 0.2128
vn -0.1229 0.9655 0.2297
vn -0.1093 0.9684 0.2241
vn -0.1230 0.9655 0.2297
vn 0.4806 0.7653 0.4281
vn -0.7904 -0.1954 -0.5806
vn -0.7504 -0.3024 -0.5878
vn -0.7452 -0.3143 -0.5881
vn -0.0394 -0.9992 -0.0090
vn -0.1693 -0.9846 -0.0437
vn -0.0973 -0.9950 -0.0245
vn -0.0021 -0.5666 0.8240
vn 0.0230 -0.6546 0.7556
vn -0.0282 -0.4670 0.8838
vn 0.8102 0.3080 0.4986
vn 0.8317 0.1981 0.5187
vn 0.7991 0.2797 0.5322
vn -0.1210 -0.9913 -0.0525
vn -0.1010 -0.9943 -0.0339
vn 0.8168 0.3657 0.4463
vn 0.8238 0.3325 0.4591
vn 0.0653 -0.9964 0.0540
vn -0.0996 -0.9937 0.0520
vn -0.1083 -0.9936 0.0335
vn -0.3446 -0.7731 0.5325
vn 0.2381 -0.4896 -0.8388
vn 0.3780 -0.2452 -0.8927
vn 0.3695 -0.0000 -0.9292
vn 0.3695 0.0001 -0.9292
vn 0.4714 0.0486 -0.8806
vn 0.5182 0.0718 -0.8523
vn 0.1910 -0.5013 -0.8439
vn 0.0470 -0.7319 0.6798
vn -0.8026 -0.1552 -0.5760
vn -0.8922 0.3297 -0.3087
vn -0.8924 0.3292 -0.3087
vn -0.7238 0.6170 -0.3088
vn -0.7244 0.6164 -0.3088
vn 0.1609 -0.9382 -0.3066
vn 0.1671 0.8622 0.4782
vn 0.1842 0.8772 0.4434
vn 0.1532 0.9238 0.3509
vn 0.1664 0.9056 0.3901
vn 0.1836 0.8956 0.4052
vn 0.1840 0.8873 0.4228
vn 0.3392 -0.6344 0.6946
vn -0.4712 0.8231 0.3170
vn 0.1518 0.9291 0.3373
vn 0.1950 0.8701 0.4526
vn 0.2424 0.7410 0.6262
vn 0.2345 0.7827 0.5765
vn 0.9500 -0.1738 0.2595
vn 0.0761 0.9048 0.4190
vn 0.0780 0.9003 0.4281
vn 0.0801 0.8951 0.4386
vn -0.8616 0.4964 0.1062
vn 0.1273 0.8640 0.4871
vn 0.2042 0.7717 0.6023
vn -0.8574 -0.4922 0.1505
vn -0.8563 -0.4904 0.1619
vn -0.8563 -0.4903 0.1625
vn -0.8551 -0.4885 0.1738
vn 0.8574 0.4922 -0.1505
vn 0.8563 0.4903 -0.1625
vn 0.8563 0.4904 -0.1619
vn 0.8551 0.4885 -0.1738
vn -0.4759 0.6065 -0.6369
vn 0.2853 -0.7231 -0.6291
vn -0.1526 -0.0832 -0.9848
vn -0.1502 -0.0873 -0.9848
vn 0.1621 0.0664 0.9845
vn 0.1510 0.0859 0.9848
vn -0.1479 -0.0914 -0.9848
vn 0.1731 0.0469 0.9838
vn 0.3864 0.2876 -0.8764
vn 0.2456 0.2973 -0.9227
vn 0.2563 0.2968 -0.9199
vn 0.1134 0.3005 -0.9470
vn -0.9743 0.1847 -0.1289
vn 0.0215 -0.9535 -0.3007
vn 0.0475 -0.9540 -0.2959
vn 0.0501 -0.9541 -0.2954
vn -0.7334 0.6757 0.0746
vn 0.0763 -0.9539 -0.2903
vn -0.1163 0.9523 0.2821
vn -0.0296 0.9533 0.3005
vn -0.0000 0.9533 0.3020
vn -0.0296 0.9533 0.3006
vn -0.0994 -0.9950 -0.0000
vn 0.0994 0.9950 -0.0000
vn -0.1006 0.0503 -0.9937
vn -0.8944 0.4472 -0.0000
vn -0.0000 -0.0000 -1.0000
vn -0.0000 -0.0000 1.0000
vn -1.0000 -0.0000 -0.0000
vn -0.0000 -0.3748 -0.9271
vn -0.0000 0.3748 0.9271
vn 0.1099 -0.3839 -0.9168
vn 0.2087 -0.3737 -0.9038
vn 0.2042 -0.3739 -0.9047
vn 0.1093 -0.3879 -0.9152
vn 0.3140 -0.3365 -0.8878
vn 0.3358 -0.3352 -0.8803
vn 0.2204 -0.3716 -0.9019
vn 0.2266 -0.3713 -0.9004
vn 0.1051 -0.3831 -0.9177
vn -0.9889 -0.0586 -0.1363
vn 0.1098 -0.3937 -0.9126
vn 0.1099 -0.3939 -0.9126
vn 0.2250 -0.3672 -0.9025
vn 0.1991 -0.3753 -0.9053
vn 0.3241 -0.3382 -0.8835
vn 0.1028 -0.3973 -0.9119
vn 0.0843 0.9224 -0.3769
vn 0.0873 0.9224 -0.3764
vn -0.0498 -0.9226 0.3826
vn -0.0968 -0.9221 0.3747
vn -0.1483 -0.9191 0.3650
vn -0.1012 -0.9219 0.3739
vn 0.1260 0.9207 -0.3694
vn 0.2126 -0.3590 0.9088
vn 0.8713 0.4905 0.0183
vn -0.1128 0.3005 -0.9471
vn -0.1800 0.9139 0.3639
vn -0.3174 0.8934 0.3180
vn -0.1892 0.8729 0.4498
vn -0.2141 0.8674 0.4491
vn -0.2090 0.8400 0.5008
vn -0.1748 0.9821 -0.0706
vn -0.1621 0.9849 -0.0612
vn -0.1620 0.9849 -0.0611
vn -0.9795 0.0187 0.2008
vn -0.9280 0.0544 0.3685
vn -0.9800 0.0350 0.1957
vn -0.2189 -0.3585 0.9075
vn -0.2158 -0.3587 0.9081
vn -0.9998 0.0108 0.0136
vn -0.9995 0.0188 0.0236
vn -0.2414 0.3005 -0.9227
vn -0.3790 0.2944 -0.8773
vn -0.3757 0.2913 -0.8798
vn -0.3815 0.2902 -0.8776
vn -0.2543 0.3002 -0.9194
vn -0.3814 0.9069 0.1790
vn -0.3336 0.9084 0.2522
vn -0.1861 0.9482 0.2576
vn -0.1801 0.9636 0.1974
vn -0.8911 -0.3200 0.3217
vn -0.9277 -0.1506 0.3417
vn -0.9319 -0.1493 0.3304
vn -0.0456 0.9225 -0.3832
vn -0.3772 0.2971 0.8772
vn -0.3739 0.3910 0.8410
vn -0.3332 0.2891 0.8974
vn -0.1028 0.9462 0.3068
vn -0.1675 0.9214 0.3507
vn -0.2703 0.9130 0.3056
vn -0.2106 0.9566 0.2016
vn -0.0064 0.9940 -0.1088
vn -0.0015 0.9994 -0.0350
vn -0.0669 0.9141 0.4000
vn -0.1475 0.8519 0.5025
vn -0.0541 0.9478 0.3142
vn -0.0405 0.9191 0.3919
vn -0.1040 0.8940 0.4358
vn -0.1520 0.8731 0.4632
vn -0.0681 0.9021 0.4260
vn -0.9288 0.3414 -0.1443
vn -0.9720 0.1759 -0.1558
vn -0.9324 0.2364 -0.2733
vn -0.9117 0.3153 -0.2632
vn -0.9889 0.0586 0.1363
vn -0.4563 0.8634 0.2153
vn -0.7033 0.7049 0.0924
vn -0.6919 0.7126 0.1158
vn -0.1088 -0.3924 -0.9133
vn -0.3302 0.5388 0.7750
vn -0.3436 0.5243 0.7791
vn -0.4263 0.4421 0.7891
vn -0.9956 0.0916 -0.0192
vn -0.9679 0.2503 -0.0243
vn -0.1640 0.9865 0.0022
vn -0.1631 0.9866 -0.0009
vn -0.3210 0.9415 -0.1022
vn -0.2326 0.9710 0.0553
vn -0.1912 0.9570 0.2182
vn -0.0467 0.9488 0.3125
vn -0.0594 0.9382 0.3408
vn -0.0648 0.9333 0.3532
vn -0.0788 0.9887 -0.1277
vn -0.1241 0.9832 -0.1339
vn -0.1271 0.9828 -0.1343
vn -0.3644 0.9011 0.2349
vn -0.0355 0.9295 0.3672
vn -0.0870 0.9267 0.3657
vn -0.1971 0.9702 -0.1407
vn -0.1973 0.9702 -0.1407
vn -0.3787 0.9231 -0.0666
vn -0.3267 0.9416 0.0814
vn -0.1733 0.9826 0.0662
vn -0.1847 0.9820 -0.0385
vn -0.3922 0.9083 0.1451
vn -0.0041 0.9979 0.0650
vn -0.0027 0.9938 -0.1109
vn -0.0007 0.9994 -0.0356
vn -0.0109 0.9873 0.1587
vn -0.0098 0.9895 -0.1440
vn -0.0041 0.9894 -0.1449
vn -0.1954 0.9741 -0.1134
vn -0.0047 0.9977 0.0683
vn -0.0181 0.9856 0.1680
vn -0.3813 0.9177 -0.1121
vn -0.2431 0.9594 -0.1432
vn -0.8449 0.5219 -0.1170
vn -0.8829 0.4605 -0.0914
vn -0.8618 0.4959 -0.1061
vn -0.2658 0.9636 0.0272
vn -0.2928 0.9561 0.0083
vn -0.6574 0.7499 -0.0741
vn -0.3381 0.9392 -0.0598
vn -0.5484 0.8360 0.0172
vn -0.3020 0.9348 0.1869
vn -0.0867 0.0047 -0.9962
vn -0.4060 -0.1521 -0.9011
vn -0.2229 -0.0833 -0.9713
vn -0.9100 0.4141 -0.0210
vn -0.8873 0.4612 -0.0045
vn -0.8990 0.4380 -0.0085
vn -0.7028 0.6296 0.3312
vn -0.8438 0.4526 0.2882
vn -0.9288 0.0848 0.3608
vn -0.7667 0.6420 0.0050
vn -0.7551 0.6419 0.1331
vn -0.7601 0.6263 0.1733
vn -0.9573 0.2857 -0.0436
vn -0.3168 -0.3683 0.8740
vn -0.3155 -0.3637 0.8765
vn -0.3153 -0.3640 0.8764
vn -0.9013 0.2066 0.3807
vn -0.0880 0.8980 0.4311
vn -0.9856 0.1463 0.0848
vn -0.9672 0.1447 0.2087
vn -0.1550 0.8663 0.4749
vn -0.1752 0.8767 0.4479
vn -0.9993 0.0351 0.0130
vn -0.9998 0.0172 0.0064
vn -0.9462 0.3235 0.0108
vn -0.9975 0.0641 0.0314
vn -0.7601 -0.1754 -0.6257
vn -0.6587 -0.3506 -0.6658
vn -0.6463 -0.3008 -0.7013
vn -0.7150 -0.1162 -0.6894
vn -0.8687 0.2064 -0.4503
vn -0.3971 0.1182 -0.9101
vn -0.4010 0.1299 -0.9068
vn -0.3835 0.2853 -0.8784
vn -0.8582 0.3759 -0.3496
vn -0.7409 0.4743 -0.4755
vn -0.8029 0.4661 -0.3717
vn -0.2505 0.2973 -0.9214
vn -0.2526 0.2937 -0.9219
vn -0.1455 0.2815 -0.9485
vn -0.1421 0.2856 -0.9478
vn -0.1291 0.2849 -0.9498
vn -0.1386 0.2686 -0.9532
vn -0.1102 0.2819 -0.9531
vn -0.1090 0.2912 -0.9504
vn -0.8738 0.4482 -0.1886
vn -0.8679 0.4959 0.0298
vn -0.8657 0.4993 0.0341
vn -0.9926 0.0999 0.0684
vn -0.9902 0.1170 0.0760
vn -0.7441 0.6331 0.2132
vn -0.8970 0.4405 0.0366
vn -0.2533 0.9567 -0.1431
vn -0.2553 0.9562 -0.1433
vn 0.8440 0.5350 -0.0384
vn 0.9926 0.1002 0.0688
vn 0.8641 0.5026 -0.0269
vn -0.0227 0.1227 -0.9922
vn -0.0258 0.1120 -0.9934
vn -0.0249 0.1270 -0.9916
vn -0.0221 0.1332 -0.9908
vn -0.8172 0.5655 -0.1112
vn -0.8181 0.5637 -0.1139
vn -0.1951 0.9789 0.0611
vn -0.1858 0.9808 0.0597
vn 0.9986 0.0292 0.0432
vn 0.9986 0.0301 0.0431
vn 0.9980 0.0474 0.0416
vn 0.9980 0.0478 0.0416
vn -0.0223 0.1144 -0.9932
vn -0.0179 0.0625 -0.9979
vn -0.2959 0.9443 -0.1442
vn -0.8745 0.4849 0.0035
vn -0.8781 0.4783 -0.0142
vn -0.2146 0.9745 0.0648
vn -0.1926 0.9793 0.0617
vn -0.8651 0.4606 -0.1987
vn -0.8251 0.5565 -0.0974
vn -0.8223 0.5609 -0.0962
vn -0.0114 0.1125 -0.9936
vn -0.0209 0.0683 -0.9974
vn 0.9951 0.0728 0.0668
vn 0.9988 0.0213 0.0439
vn -0.0351 0.9681 0.2481
vn -0.0177 0.9714 0.2370
vn -0.0257 -0.0970 -0.9950
vn -0.0401 -0.1313 -0.9905
vn -0.9954 0.0757 -0.0589
vn -0.9885 0.1326 -0.0730
vn -0.9918 0.1229 -0.0360
vn -0.9964 0.0807 -0.0275
vn -0.9993 0.0366 -0.0053
vn -0.9978 0.0606 -0.0270
vn -0.5184 0.4830 0.7057
vn -0.5141 0.4951 0.7005
vn -0.5259 0.4611 0.7147
vn -0.5059 0.5168 0.6906
vn -0.0243 -0.9996 -0.0105
vn -0.0260 -0.9996 -0.0106
vn -0.0277 -0.9996 -0.0106
vn -0.2268 0.9719 0.0625
vn -0.2331 0.9710 0.0521
vn -0.9747 0.2165 -0.0547
vn -0.9890 0.0635 -0.1333
vn 0.0009 0.9992 0.0406
vn -0.7919 0.4207 0.4426
vn -0.2094 0.8524 0.4791
vn 0.0812 0.9909 -0.1070
vn 0.2133 0.9754 -0.0562
vn 0.0990 0.9937 -0.0519
vn -0.0092 0.9998 -0.0189
vn -0.0081 0.9998 -0.0183
vn -0.0051 0.9998 -0.0187
vn -0.0046 0.9998 -0.0185
vn -0.0082 0.9998 -0.0196
vn -0.0063 0.9998 -0.0189
vn 0.0117 0.9992 -0.0384
vn 0.0004 0.9997 -0.0240
vn 0.0924 0.9952 -0.0334
vn 0.0610 0.9972 -0.0441
vn -0.0068 0.9920 -0.1262
vn -0.0125 0.9949 -0.1005
vn -0.0136 0.9918 -0.1268
vn -0.8611 0.5011 -0.0866
vn -0.8468 0.5240 -0.0917
vn -0.8925 0.4425 -0.0880
vn -0.8632 0.4981 -0.0824
vn -0.8817 0.4662 -0.0728
vn -0.9165 0.3907 -0.0865
vn -0.8393 0.5359 -0.0919
vn -0.8598 0.5042 -0.0813
vn -0.8589 0.5058 -0.0798
vn -0.8853 0.4616 -0.0572
vn -0.8780 0.4733 -0.0715
vn -0.8818 0.4693 -0.0466
vn -0.8779 0.4777 -0.0314
vn -0.8518 0.5238 -0.0081
vn -0.8803 0.4735 -0.0315
vn -0.8802 0.4735 -0.0313
vn -0.8877 0.4593 -0.0313
vn -0.8878 0.4592 -0.0314
vn -0.8826 0.4671 -0.0540
vn -0.8757 0.4771 -0.0745
vn -0.8570 0.5136 0.0432
vn -0.8571 0.5132 0.0444
vn -0.8786 0.4775 0.0050
vn -0.8784 0.4778 0.0063
vn -0.8734 0.4772 -0.0975
vn -0.8739 0.4770 -0.0943
vn -0.8701 0.4843 -0.0913
vn -0.8607 0.5021 -0.0842
vn -0.8711 0.4829 -0.0889
vn -0.8658 0.4941 -0.0791
vn -0.8584 0.5066 -0.0804
vn -0.8662 0.4922 -0.0865
vn -0.8705 0.4837 -0.0903
vn -0.8668 0.4910 -0.0871
vn -0.8727 0.4877 -0.0222
vn -0.8948 0.4432 -0.0543
vn -0.9025 0.4253 -0.0684
vn -0.8952 0.4415 -0.0603
vn -0.8715 0.4901 -0.0188
vn -0.8678 0.4968 -0.0128
vn -0.8745 0.4843 -0.0245
vn -0.8888 0.4552 -0.0534
vn -0.8741 0.4766 -0.0935
vn -0.8452 0.5341 0.0209
vn -0.1378 0.9393 0.3143
vn -0.3255 0.9094 0.2589
vn -0.0550 0.9462 0.3190
vn -0.0247 0.9473 0.3194
vn -0.0077 0.9981 -0.0606
vn -0.0078 0.9980 -0.0633
vn -0.0079 0.9983 -0.0570
vn -0.0073 0.9983 -0.0579
vn -0.0079 0.9991 -0.0412
vn -0.0063 0.9991 -0.0423
vn 0.9826 0.0970 -0.1585
vn 0.0708 0.9540 0.2914
vn 0.0747 0.9539 0.2906
vn 0.0293 0.9537 0.2993
vn -0.2501 -0.1517 -0.9563
vn -0.2847 0.0579 -0.9569
vn -0.0217 -0.9532 -0.3017
vn -0.0217 -0.9532 -0.3016
vn -0.1309 0.0283 -0.9910
vn -0.1562 0.2557 -0.9541
vn -0.9766 -0.1674 0.1349
vn -0.0119 0.1165 -0.9931
vn -0.0216 0.1129 -0.9934
vn -0.0228 0.0469 -0.9986
vn -0.0165 0.0545 -0.9984
vn -0.0889 -0.1793 -0.9798
vn -0.1020 0.1864 -0.9772
vn -0.1117 0.2736 -0.9553
vn 0.9554 0.2953 -0.0000
vn -0.0038 1.0000 -0.0000
vn -0.2064 -0.3862 -0.8990
vn -0.2309 -0.3841 -0.8940
vn 0.0108 -0.9999 -0.0000
vn -0.4833 -0.3784 -0.7894
vn -0.5050 -0.3356 -0.7952
vn -0.3199 -0.3197 -0.8919
vn -0.3376 -0.3395 -0.8779
vn -0.1063 -0.3862 -0.9163
vn 0.0497 -0.9226 0.3826
vn 0.9798 -0.1818 -0.0827
vn -0.6383 -0.4144 -0.6487
vn -0.3260 -0.3551 -0.8761
vn -0.2431 -0.3718 -0.8959
vn -0.3581 -0.3478 -0.8665
vn -0.9732 -0.2298 -0.0000
vn 0.9812 0.1932 -0.0000
vn -0.0609 0.0171 -0.9980
vn -0.2989 -0.4096 0.8619
vn -0.3040 -0.5128 0.8029
vn -0.3388 -0.3927 0.8550
vn 0.9861 -0.1663 -0.0000
vn 0.9105 0.4135 -0.0000
vn -0.3465 -0.4247 0.8364
vn -0.2972 -0.4119 0.8614
vn -0.2575 0.5547 0.7912
vn -0.3303 0.4768 0.8146
vn -0.3983 -0.3672 0.8405
vn -0.4418 0.3695 0.8175
vn -0.2012 -0.9796 -0.0000
vn -0.2864 0.5383 0.7926
vn -0.2943 -0.3542 0.8876
vn -0.2922 -0.3567 0.8873
vn -0.2054 0.4279 0.8802
vn -0.2126 0.4272 0.8788
vn -0.2650 0.4215 0.8672
vn 0.7093 -0.7050 -0.0000
vn 0.1705 -0.9853 0.0036
vn -0.1709 -0.9853 0.0017
vn -0.1705 -0.9854 0.0017
vn 0.1709 -0.9853 0.0036
vn 0.4933 -0.8698 0.0051
vn 0.4935 -0.8697 0.0051
vn 0.7604 -0.6494 0.0060
vn 0.7605 -0.6493 0.0060
vn 0.9377 -0.3473 0.0061
vn 1.0000 0.0001 0.0055
vn 1.0000 -0.0001 0.0055
vn -0.4936 -0.8697 -0.0004
vn -0.4933 -0.8699 -0.0004
vn -0.7606 -0.6492 -0.0024
vn -0.7603 -0.6495 -0.0024
vn -0.9378 -0.3472 -0.0042
vn -0.9377 -0.3475 -0.0042
vn -1.0000 0.0001 -0.0055
vn -1.0000 -0.0001 -0.0055
vn -0.9377 0.3473 -0.0061
vn -0.7605 0.6493 -0.0060
vn -0.7604 0.6494 -0.0060
vn -0.4935 0.8697 -0.0051
vn -0.4933 0.8698 -0.0051
vn -0.1709 0.9853 -0.0036
vn -0.1705 0.9853 -0.0036
vn 0.1705 0.9854 -0.0017
vn 0.1709 0.9853 -0.0017
vn 0.4933 0.8699 0.0004
vn 0.4936 0.8697 0.0004
vn 0.7603 0.6495 0.0024
vn 0.7606 0.6492 0.0024
vn 0.0038 -0.0021 -1.0000
vn 0.9377 0.3475 0.0042
vn 0.9378 0.3472 0.0042
vn 0.0038 -0.0020 -1.0000
vn 0.0037 -0.0021 -1.0000
vn 0.0037 -0.0020 -1.0000
vn 0.0038 -0.0019 -1.0000
vn 0.8922 0.3297 -0.3088
vn 0.8924 0.3292 -0.3088
vn 0.9513 -0.0006 -0.3082
vn 0.9513 -0.0007 -0.3082
vn 0.7238 0.6170 -0.3089
vn 0.7244 0.6164 -0.3089
vn 0.4702 0.8267 -0.3090
vn 0.4707 0.8264 -0.3090
vn 0.1635 0.9366 -0.3098
vn 0.1636 0.9366 -0.3098
vn -0.1608 0.9365 -0.3116
vn -0.1615 0.9364 -0.3116
vn -0.4673 0.8264 -0.3141
vn -0.4684 0.8258 -0.3141
vn -0.7207 0.6167 -0.3166
vn -0.7216 0.6157 -0.3166
vn -0.8889 0.3295 -0.3183
vn -0.8892 0.3287 -0.3183
vn -0.9480 -0.0007 -0.3184
vn -0.9480 -0.0006 -0.3184
vn 0.8925 -0.3304 -0.3070
vn 0.8923 -0.3311 -0.3070
vn 0.7246 -0.6178 -0.3055
vn 0.7239 -0.6185 -0.3055
vn 0.4709 -0.8279 -0.3046
vn 0.4702 -0.8283 -0.3046
vn 0.1636 -0.9383 -0.3048
vn -0.1616 -0.9380 -0.3066
vn -0.1609 -0.9382 -0.3065
vn -0.4686 -0.8274 -0.3096
vn -0.4674 -0.8281 -0.3096
vn -0.7218 -0.6171 -0.3133
vn -0.7208 -0.6182 -0.3133
vn -0.8893 -0.3300 -0.3165
vn -0.8890 -0.3309 -0.3165
vn -0.1138 0.2381 -0.9645
vn 0.2836 -0.0033 0.9589
vn 0.3285 -0.0027 0.9445
vn 0.0341 -0.0066 0.9994
vn 0.6609 -0.0000 0.7505
vn 0.6582 -0.0000 0.7528
vn 0.8103 -0.0000 0.5861
vn 0.4946 -0.0000 0.8691
vn 0.4948 -0.0000 0.8690
vn 0.1529 -0.9870 -0.0494
vn 0.1361 -0.9889 -0.0592
vn 0.0629 -0.9975 0.0328
vn 0.0862 -0.9962 0.0104
vn -0.3165 -0.2732 -0.9084
vn -0.4097 0.0471 -0.9110
vn -0.3586 0.0218 -0.9332
vn -0.3539 0.0015 -0.9353
vn -0.3694 -0.0000 -0.9293
vn -0.3694 0.0001 -0.9293
vn -0.3763 -0.1139 -0.9195
vn 0.9982 -0.0000 0.0603
vn 0.3362 0.9216 0.1939
vn 0.2533 0.9437 0.2128
vn 0.1937 0.9549 0.2251
vn 0.1229 0.9655 0.2297
vn 0.1230 0.9655 0.2297
vn 0.1093 0.9684 0.2241
vn -0.4806 0.7653 0.4281
vn 0.7904 -0.1954 -0.5806
vn 0.7452 -0.3143 -0.5881
vn 0.7504 -0.3024 -0.5878
vn 0.0394 -0.9992 -0.0090
vn 0.0973 -0.9950 -0.0245
vn 0.1693 -0.9846 -0.0437
vn 0.0021 -0.5666 0.8240
vn 0.0282 -0.4670 0.8838
vn -0.0230 -0.6546 0.7556
vn -0.8102 0.3080 0.4987
vn -0.7991 0.2797 0.5322
vn -0.8317 0.1981 0.5187
vn 0.1210 -0.9913 -0.0525
vn 0.1010 -0.9943 -0.0339
vn -0.8168 0.3657 0.4463
vn -0.8238 0.3325 0.4591
vn -0.0653 -0.9964 0.0540
vn 0.0996 -0.9937 0.0520
vn 0.1083 -0.9936 0.0335
vn 0.3446 -0.7731 0.5325
vn -0.3780 -0.2452 -0.8927
vn -0.2381 -0.4896 -0.8388
vn -0.3695 -0.0000 -0.9292
vn -0.3695 0.0001 -0.9292
vn -0.5182 0.0718 -0.8523
vn -0.4714 0.0486 -0.8806
vn -0.1910 -0.5013 -0.8439
vn -0.0470 -0.7319 0.6798
vn 0.8026 -0.1552 -0.5760
vn 0.8922 0.3297 -0.3087
vn 0.8924 0.3292 -0.3087
vn -0.1609 -0.9382 -0.3066
vn -0.1671 0.8622 0.4782
vn -0.1842 0.8772 0.4434
vn -0.1840 0.8873 0.4228
vn -0.1836 0.8956 0.4052
vn -0.1664 0.9056 0.3901
vn -0.1532 0.9238 0.3509
vn -0.3392 -0.6344 0.6946
vn 0.4712 0.8231 0.3170
vn -0.1518 0.9291 0.3373
vn -0.2345 0.7827 0.5765
vn -0.2424 0.7410 0.6262
vn -0.1950 0.8701 0.4526
vn -0.9500 -0.1738 0.2595
vn -0.0761 0.9048 0.4190
vn -0.0801 0.8951 0.4386
vn -0.0780 0.9003 0.4281
vn 0.8616 0.4964 0.1062
vn -0.2042 0.7717 0.6023
vn -0.1273 0.8640 0.4871
vn 0.8574 -0.4922 0.1505
vn 0.8563 -0.4903 0.1625
vn 0.8563 -0.4904 0.1619
vn 0.8551 -0.4885 0.1738
vn -0.8574 0.4922 -0.1505
vn -0.8563 0.4904 -0.1619
vn -0.8563 0.4903 -0.1625
vn -0.8551 0.4885 -0.1738
vn 0.4759 0.6065 -0.6369
vn -0.2853 -0.7231 -0.6291
vn 0.1526 -0.0832 -0.9848
vn 0.1502 -0.0873 -0.9848
vn -0.1621 0.0664 0.9845
vn -0.1510 0.0859 0.9848
vn 0.1479 -0.0914 -0.9848
vn -0.1731 0.0469 0.9838
vn -0.3864 0.2876 -0.8764
vn -0.2563 0.2968 -0.9199
vn -0.2456 0.2973 -0.9227
vn -0.1134 0.3005 -0.9470
vn 0.9743 0.1847 -0.1289
vn -0.0215 -0.9535 -0.3007
vn -0.0501 -0.9541 -0.2954
vn -0.0475 -0.9540 -0.2959
vn 0.7334 0.6757 0.0746
vn -0.0763 -0.9539 -0.2903
vn 0.1163 0.9523 0.2821
vn 0.0296 0.9533 0.3005
vn 0.0296 0.9533 0.3006
vn 0.0994 -0.9950 -0.0000
vn -0.0994 0.9950 -0.0000
vn 0.1006 0.0503 -0.9937
vn 0.8944 0.4472 -0.0000
vn -0.1099 -0.3839 -0.9168
vn -0.1093 -0.3879 -0.9152
vn -0.2042 -0.3739 -0.9047
vn -0.2087 -0.3737 -0.9038
vn -0.3140 -0.3365 -0.8878
vn -0.3358 -0.3352 -0.8803
vn -0.2266 -0.3713 -0.9004
vn -0.2204 -0.3716 -0.9019
vn -0.1051 -0.3831 -0.9177
vn 0.9889 -0.0586 -0.1363
vn -0.1098 -0.3937 -0.9126
vn -0.1099 -0.3939 -0.9126
vn -0.2250 -0.3672 -0.9025
vn -0.3241 -0.3382 -0.8835
vn -0.1991 -0.3753 -0.9053
vn -0.1028 -0.3973 -0.9119
vn -0.0843 0.9224 -0.3769
vn -0.0873 0.9224 -0.3764
vn 0.0498 -0.9226 0.3826
vn 0.0968 -0.9221 0.3747
vn 0.1012 -0.9219 0.3739
vn 0.1483 -0.9191 0.3650
vn -0.1260 0.9207 -0.3694
vn -0.2126 -0.3590 0.9088
vn -0.8713 0.4905 0.0183
vt 0.323109 0.541068
vt 0.325271 0.541068
vt 0.325225 0.544218
vt 0.323109 0.544218
vt 0.358263 0.552108
vt 0.359304 0.552358
vt 0.361728 0.552631
vt 0.362250 0.553267
vt 0.358263 0.553294
vt 0.337022 0.547369
vt 0.338368 0.547850
vt 0.338113 0.552389
vt 0.336017 0.551889
vt 0.323109 0.574912
vt 0.329477 0.574912
vt 0.330807 0.575603
vt 0.323109 0.487506
vt 0.328768 0.487506
vt 0.328781 0.490656
vt 0.323109 0.490656
vt 0.740510 0.877628
vt 0.323109 0.547369
vt 0.325180 0.547369
vt 0.325257 0.551109
vt 0.325892 0.551350
vt 0.330886 0.551426
vt 0.330892 0.551875
vt 0.323109 0.551855
vt 0.355850 0.550847
vt 0.357089 0.548795
vt 0.357071 0.548834
vt 0.355850 0.550847
vt 0.331831 0.574172
vt 0.329634 0.574459
vt 0.329634 0.574460
vt 0.331831 0.574172
vt 0.311816 0.570231
vt 0.313748 0.570231
vt 0.313664 0.570556
vt 0.311816 0.570582
vt 0.323109 0.487506
vt 0.311816 0.574912
vt 0.320387 0.574912
vt 0.323109 0.578876
vt 0.311816 0.578876
vt 0.274008 0.478054
vt 0.274008 0.478054
vt 0.311816 0.478054
vt 0.323109 0.478053
vt 0.323109 0.478486
vt 0.314299 0.478529
vt 0.345875 0.550531
vt 0.341543 0.548984
vt 0.341543 0.548984
vt 0.345875 0.550531
vt 0.356969 0.549389
vt 0.355923 0.551300
vt 0.355923 0.551300
vt 0.855417 0.484448
vt 0.855417 0.696631
vt 0.841405 0.697037
vt 0.841405 0.491629
vt 0.359486 0.547369
vt 0.359466 0.550542
vt 0.358263 0.544218
vt 0.361741 0.544218
vt 0.361622 0.547369
vt 0.360272 0.547369
vt 0.359486 0.546973
vt 0.325200 0.545972
vt 0.323109 0.546269
vt 0.311816 0.552696
vt 0.314040 0.552950
vt 0.314128 0.552960
vt 0.312264 0.544468
vt 0.316318 0.544468
vt 0.316318 0.544468
vt 0.312264 0.544468
vt 0.358263 0.541068
vt 0.361781 0.541068
vt 0.344675 0.550066
vt 0.353261 0.552049
vt 0.355361 0.551786
vt 0.355268 0.551865
vt 0.355764 0.551123
vt 0.311816 0.484355
vt 0.314299 0.478529
vt 0.314028 0.484355
vt 0.323109 0.570231
vt 0.335772 0.570231
vt 0.328497 0.570831
vt 0.323109 0.570552
vt 0.345451 0.550379
vt 0.345451 0.550379
vt 0.339672 0.548315
vt 0.339516 0.551711
vt 0.355923 0.552474
vt 0.357124 0.552325
vt 0.357765 0.544218
vt 0.357876 0.541180
vt 0.357378 0.547369
vt 0.357553 0.545945
vt 0.337022 0.546351
vt 0.337022 0.546485
vt 0.337022 0.547369
vt 0.355764 0.551123
vt 0.337022 0.546543
vt 0.344197 0.549932
vt 0.345878 0.549186
vt 0.353703 0.550041
vt 0.353583 0.552119
vt 0.355197 0.551927
vt 0.354112 0.542956
vt 0.344253 0.542793
vt 0.343824 0.541104
vt 0.354215 0.541160
vt 0.811531 0.697903
vt 0.813352 0.494823
vt 0.357876 0.541180
vt 0.814438 0.373785
vt 0.838950 0.373563
vt 0.788370 0.698574
vt 0.789826 0.497502
vt 0.353870 0.547146
vt 0.345169 0.546394
vt 0.337022 0.546795
vt 0.791020 0.376842
vt 0.325195 0.546282
vt 0.354732 0.551904
vt 0.354720 0.553359
vt 0.353583 0.553416
vt 0.357075 0.553296
vt 0.355923 0.553298
vt 0.290697 0.553670
vt 0.308314 0.565189
vt 0.315267 0.569792
vt 0.337022 0.478539
vt 0.334811 0.478963
vt 0.333187 0.573709
vt 0.333187 0.573709
vt 0.318646 0.553475
vt 0.323109 0.554579
vt 0.318646 0.553475
vt 0.333705 0.573114
vt 0.333705 0.573115
vt 0.325885 0.554800
vt 0.315474 0.569870
vt 0.323109 0.574764
vt 0.805712 0.331696
vt 0.980525 0.333856
vt 0.979991 0.585651
vt 0.362227 0.541068
vt 0.362227 0.544218
vt 0.331463 0.574912
vt 0.361708 0.549026
vt 0.362227 0.547369
vt 0.326792 0.574668
vt 0.333633 0.575935
vt 0.323109 0.558952
vt 0.328147 0.557952
vt 0.331855 0.559321
vt 0.323109 0.560626
vt 0.314027 0.552236
vt 0.311816 0.558480
vt 0.314884 0.558719
vt 0.314553 0.563807
vt 0.331483 0.551434
vt 0.335190 0.551480
vt 0.328889 0.554500
vt 0.328037 0.555033
vt 0.330841 0.547369
vt 0.330867 0.546578
vt 0.331459 0.546655
vt 0.331446 0.547369
vt 0.463654 0.724449
vt 0.501798 0.726782
vt 0.501798 0.830148
vt 0.456912 0.829990
vt 0.477486 0.780506
vt 0.555532 0.785280
vt 0.555532 0.921575
vt 0.477486 0.921253
vt 0.331617 0.571240
vt 0.318964 0.570480
vt 0.333201 0.571744
vt 0.316741 0.561184
vt 0.316498 0.558845
vt 0.330566 0.557005
vt 0.337022 0.546597
vt 0.334992 0.545811
vt 0.337022 0.546738
vt 0.337022 0.546738
vt 0.337022 0.546738
vt 0.340677 0.548674
vt 0.340495 0.551829
vt 0.337022 0.546543
vt 0.337022 0.546597
vt 0.337022 0.541068
vt 0.337022 0.544218
vt 0.349212 0.731590
vt 0.349497 0.730736
vt 0.350082 0.730436
vt 0.350302 0.731022
vt 0.341070 0.548815
vt 0.341928 0.549121
vt 0.348659 0.730133
vt 0.349967 0.729622
vt 0.337022 0.545440
vt 0.337022 0.545440
vt 0.337022 0.546485
vt 0.354615 0.551995
vt 0.354615 0.551995
vt 0.344207 0.549935
vt 0.344207 0.549935
vt 0.855417 0.370577
vt 0.353796 0.552163
vt 0.346221 0.550626
vt 0.346221 0.550626
vt 0.357765 0.544218
vt 0.357876 0.541180
vt 0.328037 0.555033
vt 0.330013 0.555547
vt 0.330852 0.556151
vt 0.330566 0.557005
vt 0.328147 0.557952
vt 0.323109 0.558952
vt 0.311816 0.554627
vt 0.316498 0.558845
vt 0.311816 0.558480
vt 0.311816 0.570582
vt 0.318964 0.570480
vt 0.323109 0.570552
vt 0.323109 0.572572
vt 0.311816 0.572572
vt 0.328497 0.570831
vt 0.331617 0.571240
vt 0.333533 0.572190
vt 0.333239 0.572572
vt 0.326792 0.574667
vt 0.323109 0.574764
vt 0.290697 0.553670
vt 0.292915 0.553670
vt 0.330852 0.556151
vt 0.330013 0.555548
vt 0.333533 0.572190
vt 0.333239 0.572572
vt 0.283352 0.721230
vt 0.297490 0.823940
vt 0.264124 0.824815
vt 0.247759 0.719345
vt 0.127464 0.622944
vt 0.234613 0.634619
vt 0.126960 0.712945
vt 0.323109 0.560626
vt 0.316741 0.561184
vt 0.521421 0.803740
vt 0.522290 0.806161
vt 0.522183 0.805863
vt 0.332618 0.561444
vt 0.332724 0.561742
vt 0.335772 0.570231
vt 0.335772 0.570231
vt 0.315095 0.570231
vt 0.487982 0.737403
vt 0.488787 0.730979
vt 0.490524 0.730832
vt 0.489328 0.737403
vt 0.344398 0.552303
vt 0.346080 0.550604
vt 0.126033 0.828437
vt 0.126069 0.829544
vt 0.489118 0.725891
vt 0.490732 0.726017
vt 0.490974 0.728356
vt 0.269073 0.638342
vt 0.316290 0.563660
vt 0.961377 0.823067
vt 0.947311 0.890788
vt 0.772396 0.647058
vt 0.361708 0.549026
vt 0.361563 0.549123
vt 0.359466 0.550542
vt 0.361670 0.548290
vt 0.337022 0.546445
vt 0.337022 0.544218
vt 0.337022 0.545440
vt 0.337022 0.541068
vt 0.337022 0.546738
vt 0.337022 0.546597
vt 0.337022 0.546543
vt 0.334980 0.544218
vt 0.337022 0.544372
vt 0.339047 0.548092
vt 0.338584 0.547927
vt 0.338681 0.547962
vt 0.339919 0.548404
vt 0.345899 0.550513
vt 0.345712 0.550473
vt 0.355183 0.551824
vt 0.355018 0.551900
vt 0.354860 0.551884
vt 0.338866 0.548028
vt 0.339291 0.548179
vt 0.340403 0.548576
vt 0.340403 0.548576
vt 0.338866 0.548028
vt 0.353583 0.552119
vt 0.354860 0.551884
vt 0.355018 0.551900
vt 0.356562 0.549927
vt 0.357041 0.549035
vt 0.357378 0.547369
vt 0.357876 0.541180
vt 0.337022 0.541068
vt 0.337022 0.544218
vt 0.337022 0.544655
vt 0.337022 0.544218
vt 0.337022 0.544836
vt 0.337022 0.545004
vt 0.330887 0.551426
vt 0.325180 0.547369
vt 0.330875 0.546315
vt 0.335004 0.547369
vt 0.331047 0.541068
vt 0.330944 0.544218
vt 0.330944 0.544218
vt 0.333977 0.546981
vt 0.333978 0.546333
vt 0.334998 0.546628
vt 0.330867 0.546578
vt 0.337022 0.544218
vt 0.337022 0.545440
vt 0.515774 0.790752
vt 0.515779 0.788637
vt 0.516776 0.788637
vt 0.516788 0.790230
vt 0.515786 0.785487
vt 0.516752 0.785487
vt 0.334956 0.541068
vt 0.321469 0.551258
vt 0.316688 0.551005
vt 0.316688 0.551005
vt 0.321469 0.551258
vt 0.316739 0.547369
vt 0.316744 0.546893
vt 0.321589 0.547369
vt 0.321621 0.546133
vt 0.321752 0.541068
vt 0.321670 0.544218
vt 0.321752 0.541068
vt 0.311816 0.551855
vt 0.315902 0.551855
vt 0.316755 0.545733
vt 0.316769 0.544218
vt 0.316797 0.541068
vt 0.316768 0.544218
vt 0.316768 0.544218
vt 0.316229 0.550801
vt 0.312277 0.551469
vt 0.316229 0.550801
vt 0.321589 0.547369
vt 0.516794 0.791047
vt 0.321621 0.546132
vt 0.316755 0.545733
vt 0.328760 0.485506
vt 0.323109 0.486143
vt 0.323109 0.485296
vt 0.334811 0.478963
vt 0.323109 0.478486
vt 0.323109 0.484355
vt 0.330245 0.484355
vt 0.334966 0.487506
vt 0.334777 0.490656
vt 0.334940 0.484355
vt 0.337022 0.484355
vt 0.323109 0.486143
vt 0.311816 0.487506
vt 0.311816 0.490656
vt 0.374830 0.528465
vt 0.374830 0.578876
vt 0.369229 0.578876
vt 0.369229 0.528465
vt 0.369229 0.528465
vt 0.369229 0.578876
vt 0.363628 0.578876
vt 0.363628 0.528465
vt 0.363628 0.578876
vt 0.358026 0.578876
vt 0.358026 0.528465
vt 0.352425 0.578876
vt 0.352425 0.528465
vt 0.352425 0.528465
vt 0.346824 0.578876
vt 0.346824 0.528465
vt 0.346824 0.578876
vt 0.341223 0.578876
vt 0.341223 0.528465
vt 0.335621 0.578876
vt 0.335621 0.528465
vt 0.330020 0.578876
vt 0.330020 0.528465
vt 0.324419 0.578876
vt 0.324419 0.528465
vt 0.318818 0.578876
vt 0.318818 0.528465
vt 0.313216 0.578876
vt 0.313216 0.528465
vt 0.307615 0.578876
vt 0.307615 0.528465
vt 0.302014 0.578876
vt 0.302014 0.528465
vt 0.296413 0.578876
vt 0.296413 0.528465
vt 0.290811 0.578876
vt 0.290811 0.528465
vt 0.285210 0.578876
vt 0.285210 0.528465
vt 0.318769 0.499811
vt 0.318769 0.506707
vt 0.316410 0.513188
vt 0.311977 0.518471
vt 0.306005 0.521919
vt 0.299213 0.523116
vt 0.292422 0.521919
vt 0.286449 0.518471
vt 0.282017 0.513188
vt 0.279658 0.506707
vt 0.279658 0.499811
vt 0.282017 0.493331
vt 0.286449 0.488048
vt 0.292422 0.484600
vt 0.299213 0.483402
vt 0.306005 0.484600
vt 0.311977 0.488048
vt 0.316410 0.493331
vt 0.279609 0.578876
vt 0.279609 0.528465
vt 0.274008 0.578876
vt 0.274008 0.528465
vt 0.306676 0.482756
vt 0.299213 0.481440
vt 0.299213 0.479062
vt 0.307489 0.480521
vt 0.313238 0.486545
vt 0.314767 0.484723
vt 0.318109 0.492350
vt 0.320169 0.491160
vt 0.320701 0.499470
vt 0.323043 0.499057
vt 0.320701 0.507048
vt 0.323043 0.507461
vt 0.318109 0.514169
vt 0.320169 0.515358
vt 0.313238 0.519974
vt 0.314767 0.521795
vt 0.306676 0.523762
vt 0.307489 0.525997
vt 0.299213 0.525078
vt 0.299213 0.527457
vt 0.291751 0.482756
vt 0.290937 0.480521
vt 0.285188 0.486545
vt 0.283660 0.484723
vt 0.280317 0.492350
vt 0.278258 0.491160
vt 0.277726 0.499470
vt 0.275384 0.499057
vt 0.277726 0.507048
vt 0.275384 0.507461
vt 0.280317 0.514169
vt 0.278258 0.515358
vt 0.285188 0.519974
vt 0.283660 0.521795
vt 0.291751 0.523762
vt 0.290937 0.525997
vt 0.353640 0.514550
vt 0.353581 0.514323
vt 0.353640 0.514550
vt 0.358741 0.540371
vt 0.359107 0.540399
vt 0.359246 0.541452
vt 0.358918 0.541723
vt 0.319179 0.574354
vt 0.319821 0.574401
vt 0.319821 0.575656
vt 0.319179 0.575738
vt 0.358031 0.541723
vt 0.357854 0.540371
vt 0.357478 0.541704
vt 0.357303 0.540368
vt 0.300832 0.574945
vt 0.300824 0.575594
vt 0.358787 0.540238
vt 0.358239 0.540223
vt 0.353535 0.514574
vt 0.351907 0.514547
vt 0.352080 0.514400
vt 0.353357 0.514396
vt 0.351933 0.516423
vt 0.353535 0.516518
vt 0.353341 0.517166
vt 0.352188 0.517107
vt 0.353530 0.515521
vt 0.351902 0.515433
vt 0.320344 0.574258
vt 0.320344 0.575549
vt 0.351085 0.574525
vt 0.350725 0.573793
vt 0.351675 0.573899
vt 0.351599 0.574698
vt 0.350679 0.573188
vt 0.350578 0.572202
vt 0.351685 0.571753
vt 0.351685 0.572800
vt 0.350587 0.571810
vt 0.351622 0.571479
vt 0.358741 0.540371
vt 0.359549 0.540082
vt 0.359549 0.540082
vt 0.358741 0.540371
vt 0.300168 0.573698
vt 0.300545 0.572939
vt 0.301044 0.572761
vt 0.301035 0.573617
vt 0.359653 0.561765
vt 0.360359 0.561841
vt 0.360359 0.561841
vt 0.300117 0.574313
vt 0.301040 0.574731
vt 0.300179 0.574725
vt 0.360359 0.560753
vt 0.360359 0.561841
vt 0.359653 0.560232
vt 0.360858 0.502265
vt 0.361149 0.502043
vt 0.361149 0.503176
vt 0.360932 0.503281
vt 0.359275 0.540026
vt 0.300856 0.575976
vt 0.353635 0.515525
vt 0.351797 0.515431
vt 0.351802 0.514457
vt 0.353410 0.517323
vt 0.352126 0.517257
vt 0.353640 0.516553
vt 0.351829 0.516461
vt 0.352051 0.514245
vt 0.358026 0.578876
vt 0.352425 0.578876
vt 0.341223 0.578876
vt 0.341223 0.528465
vt 0.335621 0.578876
vt 0.335621 0.528465
vt 0.318818 0.528465
vt 0.313216 0.528465
vt 0.302014 0.528465
vt 0.296413 0.528465
vt 0.290811 0.528465
vt 0.285210 0.578876
vt 0.285210 0.528465
vt 0.318769 0.499811
vt 0.318769 0.506707
vt 0.306005 0.521919
vt 0.299213 0.523116
vt 0.279658 0.506707
vt 0.282017 0.493331
vt 0.286449 0.488048
vt 0.299213 0.483402
vt 0.311977 0.488048
vt 0.316410 0.493331
vt 0.279609 0.528465
vt 0.306676 0.482756
vt 0.299213 0.481440
vt 0.299213 0.479062
vt 0.307489 0.480521
vt 0.313238 0.486545
vt 0.314767 0.484723
vt 0.318109 0.492350
vt 0.320701 0.499470
vt 0.323043 0.499057
vt 0.320701 0.507048
vt 0.318109 0.514169
vt 0.320169 0.515358
vt 0.313238 0.519974
vt 0.306676 0.523762
vt 0.299213 0.527457
vt 0.291751 0.482756
vt 0.285188 0.486545
vt 0.278258 0.491160
vt 0.277726 0.499470
vt 0.275384 0.499057
vt 0.277726 0.507048
vt 0.280317 0.514169
vt 0.278258 0.515358
vt 0.291751 0.523762
vt 0.846008 0.736981
vt 0.847609 0.718969
vt 0.869848 0.703931
vt 0.870044 0.739695
vt 0.359341 0.551948
vt 0.361580 0.551978
vt 0.361728 0.552631
vt 0.361511 0.549373
vt 0.361524 0.551785
vt 0.360167 0.551789
vt 0.360240 0.550205
vt 0.359888 0.550435
vt 0.359507 0.550685
vt 0.359411 0.551790
vt 0.359788 0.551790
vt 0.344675 0.550066
vt 0.344197 0.549932
vt 0.345712 0.550473
vt 0.345899 0.550513
vt 0.346080 0.550604
vt 0.346221 0.550626
vt 0.344197 0.549932
vt 0.325257 0.551109
vt 0.330841 0.547369
vt 0.325225 0.544218
vt 0.325200 0.545972
vt 0.274008 0.478054
vt 0.274008 0.478054
vt 0.274008 0.478053
vt 0.274008 0.478054
vt 0.311816 0.570231
vt 0.311816 0.558480
vt 0.312270 0.547400
vt 0.311816 0.547369
vt 0.311816 0.544218
vt 0.316291 0.547341
vt 0.316296 0.546877
vt 0.316306 0.545718
vt 0.311816 0.544218
vt 0.316306 0.545718
vt 0.312270 0.547400
vt 0.316291 0.547341
vt 0.316296 0.546877
vt 0.311816 0.541068
vt 0.337022 0.487506
vt 0.337022 0.490656
vt 0.349928 0.728538
vt 0.346683 0.729618
vt 0.347535 0.729085
vt 0.349537 0.726460
vt 0.350501 0.733906
vt 0.869429 0.491629
vt 0.869429 0.697037
vt 0.897481 0.494823
vt 0.899302 0.697903
vt 0.871884 0.373563
vt 0.896396 0.373785
vt 0.921008 0.497502
vt 0.922464 0.698574
vt 0.919814 0.376842
vt 0.921759 0.349293
vt 0.747479 0.603248
vt 0.746946 0.351453
vt 0.654577 0.724449
vt 0.661319 0.829990
vt 0.616433 0.830148
vt 0.616433 0.726782
vt 0.633577 0.780506
vt 0.633577 0.921253
vt 0.119972 0.710755
vt 0.155565 0.708869
vt 0.139200 0.814340
vt 0.105834 0.813464
vt 0.275860 0.612468
vt 0.276364 0.702470
vt 0.168711 0.624143
vt 0.277255 0.819069
vt 0.277291 0.817961
vt 0.134251 0.627867
vt 0.766093 0.840664
vt 0.955075 0.664655
vt 0.780159 0.908385
vt 0.360240 0.550205
vt 0.360167 0.551789
s 1
usemtl Material.008
f 1200/138/551 1460/139/551 848/140/552 622/141/552
f 624/142/553 770/143/554 676/144/555 679/145/556 657/146/557
f 610/147/558 652/148/559 616/149/560 617/150/558
f 608/151/561 681/152/562 682/153/563
f 601/154/564 902/155/565 1524/156/566 1201/157/566
f 658/158/567 705/158/568 668/158/569 653/158/567
f 614/159/570 847/160/571 851/161/572 850/162/572 846/163/573 694/164/574 618/165/572
f 601/154/581 1201/157/581 1525/157/581 905/178/581
f 1228/196/594 1239/197/595 642/198/596 632/199/597
f 613/200/598 771/201/599 770/143/554 624/142/553
f 621/202/600 677/203/601 678/204/602 1116/205/603 1115/206/604
f 622/141/552 848/140/552 856/207/552 648/208/552
f 616/158/606 1186/158/607 694/158/608 617/158/609
f 1197/216/611 1278/217/612 677/203/601 621/202/600
f 630/194/591 787/220/616 786/221/617 818/222/618
f 607/226/623 755/227/624 664/228/567 661/229/567
f 616/149/560 652/148/559 711/232/628 709/233/629
f 787/220/630 630/194/591 623/234/631
f 630/194/591 631/193/590 708/235/632 623/234/631
f 628/236/633 1227/237/634 1197/216/611 621/202/600
f 629/238/635 1114/239/636 1115/206/604 613/200/598
f 610/147/637 647/240/637 651/241/638 640/242/639
f 640/242/639 651/241/638 710/244/643 712/242/644
f 794/245/645 650/246/646 649/247/647 636/248/648
f 636/248/648 649/247/647 791/249/649
f 641/250/650 642/251/596 1239/252/595 1240/253/651
f 632/199/597 642/198/596 645/254/652 644/255/653
f 635/236/654 641/250/650 1240/253/651 1238/256/655
f 644/255/653 719/257/656 721/258/657 632/199/597
f 644/255/653 645/254/652 650/259/646 646/260/658
f 643/261/659 645/262/652 642/251/596 641/250/650
f 634/238/660 643/261/659 641/250/650 635/236/654
f 646/263/658 650/246/646 794/245/645 633/147/661
f 646/260/658 718/264/662 719/257/656 644/255/653
f 649/247/647 650/246/646 645/262/652 643/261/659
f 639/167/576 649/247/647 643/261/659 634/238/660
f 648/208/552 849/265/552 847/160/571 614/159/570
f 791/249/649 649/247/647 817/166/575
f 640/242/663 652/148/664 610/147/665
f 789/248/666 788/266/667 703/267/668 655/268/669
f 623/234/631 708/235/632 706/269/670 659/270/671
f 655/158/675 755/158/624 765/158/676 761/158/677
f 657/158/678 679/158/679 656/158/680
f 659/158/671 706/158/681 705/158/682 658/158/683
f 655/158/675 703/158/668 702/158/684 755/158/624
f 605/186/685 679/274/686 894/275/687 892/187/685
f 674/273/583 673/284/567 654/285/567 608/151/561
f 605/286/584 674/287/583 608/288/561
f 679/158/679 680/158/695 656/158/680
f 677/203/601 1278/217/612 1193/289/696 606/290/697
f 670/170/698 675/291/699 681/152/562 671/171/567
f 676/144/555 769/292/700 611/293/701 679/145/556
f 678/204/602 677/203/601 606/290/697 611/293/701
f 671/171/567 681/152/562 672/294/567
f 656/158/680 680/158/695 675/158/699
f 680/295/695 682/153/563 681/152/562 675/291/699
f 672/294/567 681/152/562 608/151/561 654/285/567
f 683/296/702 686/297/703 700/298/704 699/299/705
f 692/278/706 878/210/707 879/300/708
f 618/165/709 619/279/710 692/278/706
f 694/164/574 846/163/573 909/304/711 852/305/712 617/150/713
f 697/306/714 690/307/715 691/283/716
f 696/312/721 698/313/722 866/314/723 865/315/724
f 698/316/722 1298/317/725 1481/318/726 866/319/723
f 694/164/608 697/306/714 619/279/710 618/165/709
f 691/283/716 619/279/710 697/306/714
f 616/158/606 1188/158/727 1186/158/607
f 700/158/704 1185/158/728 713/158/729
f 664/228/567 755/227/624 665/320/567
f 663/321/567 607/226/623 661/229/567
f 665/320/567 755/227/624 666/322/567
f 666/158/567 702/158/684 658/158/567 653/158/567 667/158/567
f 703/267/668 788/266/667 787/220/630 623/234/631 659/270/671
f 702/158/684 703/158/668 659/158/671 658/158/683
f 668/158/569 705/158/568 707/158/730 669/158/731
f 705/158/682 706/158/681 707/158/732
f 707/158/732 706/158/681 657/158/678 656/158/680
f 669/158/731 707/158/730 656/158/680 675/158/699 670/158/698
f 708/235/632 631/193/590 629/238/635 613/200/598 624/142/553
f 706/269/670 708/235/632 624/142/553 657/146/557
f 701/323/567 693/324/567 683/296/702 699/299/705
f 700/298/704 686/297/703 687/325/733
f 712/242/644 710/244/643 716/326/734 715/147/735
f 647/240/736 867/327/737 651/241/738
f 718/328/739 777/329/740 861/330/741 862/328/742
f 712/242/743 711/232/744 652/148/664 640/242/663
f 709/233/629 711/232/628 714/331/745 713/332/746
f 716/326/747 710/244/748 772/333/749 774/334/750
f 1323/335/751 721/336/752 859/336/753 1473/335/754
f 715/147/735 716/326/734 718/328/662 720/242/755
f 687/337/733 688/338/756 1187/339/757 1185/340/728
f 713/332/746 778/341/758 796/342/759
f 688/338/756 689/343/760 1188/344/727 1187/339/757
f 715/147/761 714/331/762 711/232/744 712/242/743
f 777/329/740 775/345/763 858/346/764 861/330/741
f 710/244/748 651/241/738 773/347/765 772/333/749
f 720/242/755 718/328/662 646/263/658 633/147/661
f 721/258/657 1323/352/769 1228/196/594 632/199/597
f 718/328/770 716/326/747 774/334/750 777/329/770
f 754/384/797 757/385/798 760/386/799 763/387/800
f 756/388/801 768/389/802 763/387/800 607/390/623
f 700/393/807 765/394/808 760/395/808 757/393/807
f 760/396/808 765/397/808 755/398/809 758/399/809
f 764/176/567 762/175/567 756/400/801
f 762/401/567 766/402/567 768/403/802 756/404/801
f 761/405/810 795/406/811 789/248/666 655/268/669
f 763/387/800 760/386/799 758/407/812 755/408/624 607/390/623
f 761/158/677 765/158/676 700/158/704 713/158/729
f 766/402/567 767/409/567 693/410/567 701/411/567 768/403/802
f 756/400/801 607/226/623 663/321/567 764/176/567
f 763/387/800 768/389/802 759/412/813 754/384/797
f 768/413/814 701/323/814 759/392/814
f 682/414/563 680/415/695 679/416/679 605/286/584 608/288/561
f 771/201/599 613/200/598 1116/205/603 1113/420/816 769/292/700
f 611/293/701 769/292/700 1113/420/816 678/204/602
f 838/421/817 835/241/818 773/347/819
f 776/422/820 775/345/821 843/423/822 844/336/823
f 1380/424/824 776/422/820 844/336/823 1456/335/825
f 775/345/821 777/329/826 845/425/827 843/423/822
f 777/329/826 774/334/828 839/426/829 845/425/827
f 772/333/830 773/347/819 835/241/818 834/427/831
f 774/334/828 772/333/830 834/427/831 839/426/829
f 867/327/832 864/428/833 832/429/834 838/421/817
f 773/347/765 651/241/738 867/327/737
f 720/242/835 783/430/836 715/147/761
f 778/341/758 713/332/746 714/331/745
f 797/431/837 798/432/838 720/242/835
f 794/245/839 797/431/837 720/242/835 633/147/840
f 796/342/759 795/406/811 761/405/810 713/332/746
f 715/147/761 783/430/836 778/341/841 714/331/762
f 783/430/836 799/433/842 796/342/843 778/341/841
f 720/242/835 798/432/838 799/433/842 783/430/836
f 817/166/575 818/222/618 786/221/617 791/249/649
f 817/166/575 649/247/647 639/167/576
f 846/163/913 850/162/913 1135/162/913 1129/457/913
f 847/160/914 849/265/915 1138/265/915 1133/458/916
f 849/265/552 856/207/552 696/459/721
f 617/150/713 852/305/712 854/460/917 610/147/918
f 1298/461/919 698/462/920 1132/463/921 1757/461/919
f 854/460/917 855/464/922 865/465/724 863/466/923
f 853/309/718 849/265/552 696/459/721
f 849/265/924 853/309/924 1139/467/924 1138/265/924
f 648/208/552 856/207/552 849/265/552
f 719/469/928 718/328/739 862/328/742 857/345/925
f 776/422/929 1380/424/930 1472/335/927 860/468/926
f 721/336/752 719/469/928 857/345/925 859/336/753
f 775/345/763 776/422/929 860/468/926 858/346/764
f 863/466/923 867/327/931 647/240/932
f 863/466/923 647/240/932 610/147/918 854/460/917
f 865/470/724 866/471/723 864/472/933 867/473/931
f 866/471/723 1481/474/726 1478/475/934 864/472/933
f 865/465/724 855/464/922 907/310/719 853/309/718 696/459/721
f 864/428/833 1478/476/935 1439/335/903 832/429/834
f 838/421/817 773/347/819 867/327/832
f 873/477/936 1164/478/936 883/479/936 884/480/936
f 870/483/938 876/484/619 648/208/619 614/159/939
f 1489/485/581 868/486/940 886/486/940 1507/487/581
f 868/486/619 1489/485/941 1200/138/941 622/141/619
f 618/165/709 873/477/945 870/483/938 614/159/939
f 870/483/938 1165/482/946 1166/490/619 876/484/619
f 648/208/619 876/484/619 868/486/619 622/141/619
f 877/489/944 1164/478/943 873/477/945 618/165/709
f 879/300/708 877/489/944 618/165/709 692/278/706
f 867/473/931 863/499/923 865/470/724
f 1165/482/954 870/483/954 881/498/954 885/482/954
f 870/483/940 873/477/940 884/480/940 881/498/940
f 868/486/940 876/484/940 888/500/940 886/486/940
f 876/484/955 1166/490/955 889/501/955 888/500/955
f 893/502/957 890/503/958 899/504/959
f 890/503/958 893/502/957 902/155/565 601/154/564
f 892/187/960 894/275/960 900/505/960 896/506/960
f 895/188/961 892/187/961 896/506/961 901/224/961
f 894/275/968 891/508/968 900/505/968
f 1524/156/566 902/155/565 1183/509/565 1815/510/566
f 902/155/565 893/502/957 891/508/963 1184/511/970 1183/509/565
f 894/275/687 679/274/686 611/512/971 1184/511/970
f 890/503/581 601/154/581 905/178/581 904/513/581
f 609/223/976 890/503/976 904/513/976 906/223/976
f 1018/613/1050 1019/614/1050 985/614/1050 983/615/1050
f 982/616/1051 990/617/1052 991/618/1052 987/619/1053
f 993/620/1054 989/621/1055 988/622/1055 992/623/1056
f 982/616/1051 987/619/1053 986/624/1057 984/625/1058
f 986/624/1057 993/626/1054 992/627/1056 984/625/1058
f 1009/628/1059 1008/629/1060 1006/630/1061 1007/631/1062
f 988/622/1070 989/621/1070 1013/642/1070 1014/643/1070
f 989/644/1071 993/645/1072 1016/646/1073 1013/647/1071
f 986/648/1074 987/649/1075 1012/650/1075 1011/651/1076
f 987/649/1077 991/652/1077 1017/653/1077 1012/650/1077
f 1021/654/1078 1018/655/1079 983/656/1080 996/657/1080
f 992/658/1081 988/659/1082 1014/660/1082 1015/661/1083
f 1020/617/1084 1021/654/1085 996/657/1086 997/617/1086
f 1019/662/1087 1020/663/1088 997/664/1089 985/662/1089
f 993/645/1072 986/648/1074 1011/651/1076 1016/646/1073
f 984/665/1090 992/658/1081 1015/661/1083 1010/666/1091
f 1007/667/1062 984/665/1090 1010/666/1091 1009/628/1059
f 991/668/1092 990/669/1093 1019/662/1087 1017/670/1092
f 997/671/1094 996/672/1094 983/673/1094 985/674/1094
f 982/616/1095 1006/630/1061 1008/675/1060 1018/655/1096
f 1018/676/1096 1008/629/1060 1009/628/1059 1010/666/1091
f 982/616/1097 984/625/1097 1007/631/1097 1006/630/1097
f 1019/662/1087 990/669/1093 1020/663/1088
f 990/617/1105 982/616/1105 1021/654/1085 1020/617/1084
f 982/616/1106 1018/655/1079 1021/654/1078
f 1113/420/816 1116/205/603 678/204/602
f 1115/206/604 1114/239/636 628/236/633 621/202/600
f 1115/206/604 1116/205/603 613/200/598
f 696/459/1151 856/207/1151 1137/758/1151 1131/459/1151
f 850/162/1155 851/161/1155 1136/755/1155 1135/162/1155
f 851/161/1157 847/160/914 1133/458/916 1136/755/1157
f 848/140/1158 1460/139/1159 1759/139/1159 1134/757/1160
f 856/207/915 848/140/1158 1134/757/1160 1137/758/915
f 698/462/920 696/459/1152 1131/459/1152 1132/463/921
f 1815/510/566 1183/509/565 606/777/1193 1193/778/566
f 1183/509/565 1184/511/970 611/512/971 606/777/1193
f 1184/511/970 891/508/963 894/275/687
f 1187/158/757 1188/158/727 616/158/606 709/158/1194
f 1186/779/607 1188/344/727 689/343/760 690/780/715 697/781/714
f 1185/158/728 1187/158/757 709/158/1194 713/158/729
f 694/782/608 1186/779/607 697/781/714
f 1185/340/728 700/783/704 687/337/733
f 666/158/567 755/158/624 702/158/684
f 1200/138/551 1217/141/1195 1461/140/1195 1460/139/551
f 1219/142/1196 1257/146/1197 1280/145/1198 1276/144/1199 1373/143/1200
f 1205/147/1201 1212/150/1201 1211/149/1202 1252/148/1203
f 1203/151/1204 1283/153/1205 1282/152/1206
f 1190/154/1207 1201/157/566 1524/156/566 1523/155/1208
f 1258/158/1167 1253/158/1167 1268/158/1209 1307/158/1210
f 1209/159/1211 1213/165/1212 1295/164/1213 1458/163/1214 1463/162/1212 1464/161/1212 1459/160/1215
f 1190/154/581 1529/178/581 1525/157/581 1201/157/581
f 1228/196/594 1229/784/1231 1242/785/1232 1239/197/595
f 1208/200/1233 1219/142/1196 1373/143/1200 1374/201/1234
f 1216/202/1235 1739/206/1236 1740/205/1237 1279/204/1238 1277/203/1239
f 1217/141/1195 1248/208/1195 1469/207/1195 1461/140/1195
f 1211/158/1240 1212/158/1241 1295/158/1242 1817/158/1243
f 1197/216/611 1216/202/1235 1277/203/1239 1278/217/612
f 1225/194/1230 1422/222/1245 1390/221/1246 1391/220/1247
f 1202/226/1252 1261/229/1167 1264/228/1167 1358/227/1253
f 1211/149/1202 1311/233/1254 1313/232/1255 1252/148/1203
f 1391/220/1256 1218/234/1257 1225/194/1230
f 1225/194/1230 1218/234/1257 1310/235/1258 1226/193/1227
f 1223/236/1259 1216/202/1235 1197/216/611 1227/237/634
f 1224/238/1260 1208/200/1233 1739/206/1236 1738/239/1261
f 1205/147/1262 1237/242/1263 1251/241/1264 1247/240/1262
f 1237/242/1263 1314/242/1268 1312/244/1269 1251/241/1264
f 1398/245/1270 1233/248/1271 1249/247/1272 1250/246/1273
f 1233/248/1271 1395/249/1274 1249/247/1272
f 1241/250/1275 1240/253/651 1239/252/595 1242/251/1232
f 1229/784/1231 1244/786/1276 1245/787/1277 1242/785/1232
f 1232/236/1278 1238/256/655 1240/253/651 1241/250/1275
f 1244/786/1276 1229/784/1231 1324/788/1279 1321/789/1280
f 1244/786/1276 1246/790/1281 1250/791/1273 1245/787/1277
f 1243/261/1282 1241/250/1275 1242/251/1232 1245/262/1277
f 1231/238/1283 1232/236/1278 1241/250/1275 1243/261/1282
f 1246/263/1281 1230/147/1284 1398/245/1270 1250/246/1273
f 1246/790/1281 1244/786/1276 1321/789/1280 1320/792/1285
f 1249/247/1272 1243/261/1282 1245/262/1277 1250/246/1273
f 1236/167/1219 1231/238/1283 1243/261/1282 1249/247/1272
f 1248/208/1195 1209/159/1211 1459/160/1215 1462/265/1195
f 1395/249/1274 1421/166/1216 1249/247/1272
f 1237/242/1286 1205/147/1287 1252/148/1288
f 1393/248/1289 1255/268/1290 1305/267/1291 1392/266/1292
f 1218/234/1257 1259/270/1293 1308/269/1294 1310/235/1258
f 1255/158/1298 1364/158/1299 1368/158/1300 1358/158/1253
f 1257/158/1301 1256/158/1302 1280/158/1303
f 1259/158/1293 1258/158/1304 1307/158/1305 1308/158/1306
f 1255/158/1298 1358/158/1253 1304/158/1307 1305/158/1291
f 1198/186/1308 1513/187/1308 1515/275/1309 1280/274/1310
f 1274/273/1222 1203/151/1204 1254/285/1167 1273/284/1167
f 1198/793/1221 1203/794/1204 1274/795/1222
f 1280/158/1303 1256/158/1302 1281/158/1311
f 1277/203/1239 1199/290/1312 1193/289/696 1278/217/612
f 1270/170/1313 1271/171/1167 1282/152/1206 1275/291/1314
f 1276/144/1199 1280/145/1198 1206/293/1315 1372/292/1316
f 1279/204/1238 1206/293/1315 1199/290/1312 1277/203/1239
f 1271/171/1167 1272/294/1167 1282/152/1206
f 1256/158/1302 1275/158/1314 1281/158/1311
f 1281/295/1311 1275/291/1314 1282/152/1206 1283/153/1205
f 1272/294/1167 1254/285/1167 1203/151/1204 1282/152/1206
f 1284/296/1317 1301/299/1318 1302/298/1319 1287/297/1320
f 1293/278/1321 1498/300/1322 1497/210/1323
f 1213/165/1324 1293/278/1321 1214/279/1325
f 1295/164/1213 1212/150/1326 1465/305/1327 1533/304/1328 1458/163/1214
f 1299/306/1329 1292/283/1330 1291/307/1331
f 1297/796/1336 1482/797/1337 1483/798/1338 1300/799/1339
f 1300/800/1339 1483/801/1338 1481/318/726 1298/317/725
f 1295/164/1242 1213/165/1324 1214/279/1325 1299/306/1329
f 1292/283/1330 1299/306/1329 1214/279/1325
f 1211/158/1240 1817/158/1243 1819/158/1340
f 1302/158/1319 1315/158/1341 1816/158/1342
f 1264/228/1167 1265/320/1167 1358/227/1253
f 1263/321/1167 1261/229/1167 1202/226/1252
f 1265/320/1167 1266/322/1167 1358/227/1253
f 1266/158/1167 1267/158/1167 1253/158/1167 1258/158/1167 1304/158/1307
f 1305/267/1291 1259/270/1293 1218/234/1257 1391/220/1256 1392/266/1292
f 1304/158/1307 1258/158/1304 1259/158/1293 1305/158/1291
f 1268/158/1209 1269/158/1343 1309/158/1344 1307/158/1210
f 1307/158/1305 1309/158/1345 1308/158/1306
f 1309/158/1345 1256/158/1302 1257/158/1301 1308/158/1306
f 1269/158/1343 1270/158/1313 1275/158/1314 1256/158/1302 1309/158/1344
f 1310/235/1258 1219/142/1196 1208/200/1233 1224/238/1260 1226/193/1227
f 1308/269/1294 1257/146/1197 1219/142/1196 1310/235/1258
f 1303/323/1167 1301/299/1318 1284/296/1317 1294/324/1167
f 1302/298/1319 1288/325/1346 1287/297/1320
f 1314/242/1268 1317/147/1347 1318/326/1348 1312/244/1269
f 1247/240/1349 1251/241/1350 1484/327/1351
f 1320/328/1352 1477/328/1353 1476/330/1354 1381/329/1355
f 1314/242/1356 1237/242/1286 1252/148/1288 1313/232/1357
f 1311/233/1254 1315/332/1358 1316/331/1359 1313/232/1255
f 1318/326/1360 1377/334/1361 1375/333/1362 1312/244/1363
f 1323/335/751 1473/335/754 1474/336/1364 1324/336/1365
f 1317/147/1347 1322/242/1366 1320/328/1285 1318/326/1348
f 1288/337/1346 1816/340/1342 1818/339/1367 1289/338/1368
f 1315/332/1358 1400/342/1369 1382/341/1370
f 1289/338/1368 1818/339/1367 1819/344/1340 1290/343/1371
f 1317/147/1372 1314/242/1356 1313/232/1357 1316/331/1373
f 1381/329/1355 1476/330/1354 1471/346/1374 1378/345/1375
f 1312/244/1363 1375/333/1362 1376/347/1376 1251/241/1350
f 1322/242/1366 1230/147/1284 1246/263/1281 1320/328/1285
f 1324/788/1279 1229/784/1231 1228/196/594 1323/352/769
f 1320/328/1377 1381/329/1377 1377/334/1361 1318/326/1360
f 1357/802/1382 1366/803/1383 1363/804/1384 1360/805/1385
f 1359/806/1386 1202/807/1252 1366/803/1383 1371/808/1387
f 1302/393/1392 1360/393/1392 1363/395/1393 1368/394/1393
f 1363/396/1393 1361/399/1394 1358/398/1394 1368/397/1393
f 1367/176/1167 1359/400/1386 1365/175/1167
f 1365/401/1167 1359/404/1386 1371/403/1387 1369/402/1167
f 1364/405/1395 1255/268/1290 1393/248/1289 1399/406/1396
f 1366/803/1383 1202/807/1252 1358/809/1253 1361/810/1397 1363/804/1384
f 1364/158/1299 1315/158/1341 1302/158/1319 1368/158/1300
f 1369/402/1167 1371/403/1387 1303/411/1167 1294/410/1167 1370/409/1167
f 1359/400/1386 1367/176/1167 1263/321/1167 1202/226/1252
f 1366/803/1383 1357/802/1382 1362/811/1398 1371/808/1387
f 1371/413/1399 1362/392/1399 1303/323/1399
f 1283/812/1205 1203/794/1204 1198/793/1221 1280/813/1303 1281/814/1311
f 1374/201/1234 1372/292/1316 1737/420/1401 1740/205/1237 1208/200/1233
f 1206/293/1315 1279/204/1238 1737/420/1401 1372/292/1316
f 1447/421/1402 1376/347/1403 1444/241/1404
f 1379/422/1405 1455/336/1406 1454/423/1407 1378/345/1408
f 1380/424/824 1456/335/825 1455/336/1406 1379/422/1405
f 1378/345/1408 1454/423/1407 1457/425/1409 1381/329/1410
f 1381/329/1410 1457/425/1409 1448/426/1411 1377/334/1412
f 1375/333/1413 1443/427/1414 1444/241/1404 1376/347/1403
f 1377/334/1412 1448/426/1411 1443/427/1414 1375/333/1413
f 1484/327/1415 1447/421/1402 1440/429/1416 1480/428/1417
f 1376/347/1376 1484/327/1351 1251/241/1350
f 1322/242/1418 1317/147/1372 1387/430/1419
f 1382/341/1370 1316/331/1359 1315/332/1358
f 1401/431/1420 1322/242/1418 1402/432/1421
f 1398/245/1422 1230/147/1423 1322/242/1418 1401/431/1420
f 1400/342/1369 1315/332/1358 1364/405/1395 1399/406/1396
f 1317/147/1372 1316/331/1373 1382/341/1424 1387/430/1419
f 1387/430/1419 1382/341/1424 1400/342/1425 1403/433/1426
f 1322/242/1418 1387/430/1419 1403/433/1426 1402/432/1421
f 1421/166/1216 1395/249/1274 1390/221/1246 1422/222/1245
f 1421/166/1216 1236/167/1219 1249/247/1272
f 1458/163/1472 1753/457/1472 1761/162/1472 1463/162/1472
f 1459/160/1473 1758/458/1474 1764/265/1475 1462/265/1475
f 1462/265/1195 1297/459/1336 1469/207/1195
f 1212/150/1326 1205/147/1476 1467/460/1477 1465/305/1327
f 1298/461/919 1757/461/919 1756/463/1478 1300/462/1479
f 1467/460/1477 1479/466/1480 1482/465/1337 1468/464/1481
f 1466/309/1335 1297/459/1336 1462/265/1195
f 1462/265/1482 1764/265/1482 1765/467/1482 1466/309/1482
f 1248/208/1195 1462/265/1195 1469/207/1195
f 1321/469/1485 1470/345/1483 1477/328/1353 1320/328/1352
f 1379/422/1486 1475/468/1484 1472/335/927 1380/424/930
f 1324/336/1365 1474/336/1364 1470/345/1483 1321/469/1485
f 1378/345/1375 1471/346/1374 1475/468/1484 1379/422/1486
f 1479/466/1480 1247/240/1487 1484/327/1488
f 1479/466/1480 1467/460/1477 1205/147/1476 1247/240/1487
f 1482/470/1337 1484/473/1488 1480/472/1489 1483/471/1338
f 1483/471/1338 1480/472/1489 1478/475/934 1481/474/726
f 1482/465/1337 1297/459/1336 1466/309/1335 1531/310/1334 1468/464/1481
f 1480/428/1417 1440/429/1416 1439/335/903 1478/476/935
f 1447/421/1402 1484/327/1415 1376/347/1403
f 1492/477/1490 1503/480/1490 1502/479/1490 1794/478/1490
f 1487/483/1492 1209/159/1493 1248/208/1248 1495/484/1248
f 1489/485/581 1507/487/581 1505/486/1494 1485/486/1494
f 1485/486/1248 1217/141/1248 1200/138/941 1489/485/941
f 1213/165/1324 1209/159/1493 1487/483/1492 1492/477/1498
f 1487/483/1492 1495/484/1248 1796/490/1248 1795/482/1499
f 1248/208/1248 1217/141/1248 1485/486/1248 1495/484/1248
f 1496/489/1496 1213/165/1324 1492/477/1498 1794/478/1497
f 1498/300/1322 1293/278/1321 1213/165/1324 1496/489/1496
f 1484/473/1488 1482/470/1337 1479/499/1480
f 1795/482/1506 1504/482/1506 1500/498/1506 1487/483/1506
f 1487/483/1494 1500/498/1494 1503/480/1494 1492/477/1494
f 1485/486/1494 1505/486/1494 1509/500/1494 1495/484/1494
f 1495/484/1507 1509/500/1507 1510/501/1507 1796/490/1507
f 1514/502/1509 1520/504/1510 1511/503/1511
f 1511/503/1511 1190/154/1207 1523/155/1208 1514/502/1509
f 1513/187/1512 1517/506/1512 1521/505/1512 1515/275/1512
f 1516/188/1513 1522/224/1513 1517/506/1513 1513/187/1513
f 1515/275/1520 1521/505/1520 1512/508/1520
f 1524/156/566 1815/510/566 1813/509/1208 1523/155/1208
f 1523/155/1208 1813/509/1208 1814/511/1522 1512/508/1515 1514/502/1509
f 1515/275/1309 1814/511/1522 1206/512/1523 1280/274/1310
f 1511/503/581 1528/513/581 1529/178/581 1190/154/581
f 1204/223/1527 1530/223/1527 1528/513/1527 1511/503/1527
f 1642/613/1602 1607/615/1602 1609/614/1602 1643/614/1602
f 1606/616/1603 1611/619/1604 1615/618/1605 1614/617/1605
f 1617/620/1606 1616/623/1607 1612/622/1608 1613/621/1608
f 1606/616/1603 1608/625/1609 1610/624/1610 1611/619/1604
f 1610/624/1610 1608/625/1609 1616/627/1607 1617/626/1606
f 1633/628/1611 1631/631/1612 1630/630/1613 1632/629/1614
f 1612/622/1622 1638/643/1622 1637/642/1622 1613/621/1622
f 1613/644/1623 1637/647/1623 1640/646/1624 1617/645/1625
f 1610/648/1626 1635/651/1627 1636/650/1628 1611/649/1628
f 1611/649/1629 1636/650/1629 1641/653/1629 1615/652/1629
f 1645/654/1630 1620/657/1631 1607/656/1631 1642/655/1632
f 1616/658/1633 1639/661/1634 1638/660/1635 1612/659/1635
f 1644/617/1636 1621/617/1637 1620/657/1637 1645/654/1638
f 1643/662/1639 1609/662/1640 1621/664/1640 1644/663/1641
f 1617/645/1625 1640/646/1624 1635/651/1627 1610/648/1626
f 1608/665/1642 1634/666/1643 1639/661/1634 1616/658/1633
f 1631/667/1612 1633/628/1611 1634/666/1643 1608/665/1642
f 1615/668/1644 1641/670/1644 1643/662/1639 1614/669/1645
f 1621/671/1646 1609/674/1646 1607/673/1646 1620/672/1646
f 1606/616/1647 1642/655/1648 1632/675/1614 1630/630/1613
f 1642/676/1648 1634/666/1643 1633/628/1611 1632/629/1614
f 1606/616/1649 1630/630/1649 1631/631/1649 1608/625/1649
f 1643/662/1639 1644/663/1641 1614/669/1645
f 1614/617/1657 1644/617/1636 1645/654/1638 1606/616/1657
f 1606/616/1658 1645/654/1630 1642/655/1632
f 1737/420/1401 1279/204/1238 1740/205/1237
f 1739/206/1236 1216/202/1235 1223/236/1259 1738/239/1261
f 1739/206/1236 1208/200/1233 1740/205/1237
f 1297/459/1701 1755/459/1701 1763/758/1701 1469/207/1701
f 1463/162/1705 1761/162/1705 1762/755/1705 1464/161/1705
f 1464/161/1707 1762/755/1707 1758/458/1474 1459/160/1473
f 1461/140/1708 1760/757/1709 1759/139/1159 1460/139/1159
f 1469/207/1475 1763/758/1475 1760/757/1709 1461/140/1708
f 1300/462/1479 1756/463/1478 1755/459/1702 1297/459/1702
f 1815/510/566 1193/778/566 1199/777/1737 1813/509/1208
f 1813/509/1208 1199/777/1737 1206/512/1523 1814/511/1522
f 1814/511/1522 1515/275/1309 1512/508/1515
f 1818/158/1367 1311/158/1738 1211/158/1240 1819/158/1340
f 1817/779/1243 1299/781/1329 1291/780/1331 1290/343/1371 1819/344/1340
f 1816/158/1342 1315/158/1341 1311/158/1738 1818/158/1367
f 1295/782/1242 1299/781/1329 1817/779/1243
f 1816/340/1342 1288/337/1346 1302/783/1319
f 1266/158/1167 1304/158/1307 1358/158/1253
usemtl Material.009
f 1100/143/1113 1107/737/1113 1108/738/1114 1105/418/1115 1099/417/1116 1098/739/1117
f 1103/740/1120 1104/741/1121 1109/742/1122 1110/743/1123
f 1112/744/1130 1111/747/1129 1102/746/1126 1101/745/1125
f 1724/143/1663 1722/739/1664 1723/417/1665 1729/418/1666 1732/738/1667 1731/737/1663
f 1727/740/1670 1734/815/1671 1733/816/1672 1728/741/1673
f 1736/744/1679 1725/745/1675 1726/746/1677 1735/747/1680
usemtl Material.002
f 813/192/866 814/191/866 816/442/866 815/440/866 806/443/867 805/231/868
f 800/444/869 803/434/870 807/218/871 801/219/872
f 808/436/873 809/445/873 802/353/874 800/444/869 804/446/875
f 802/353/874 810/355/876 803/434/870 800/444/869
f 805/231/868 806/443/867 812/351/877
f 804/446/875 800/444/869 801/219/872 811/349/878
f 823/193/593 822/195/592 821/447/898 828/448/899
f 820/238/641 823/193/593 828/448/899 819/449/900
f 1430/357/776 824/236/642 827/236/901 1427/450/902
f 824/236/642 820/238/641 819/449/900 827/236/901
f 819/449/900 828/448/899 829/168/577 826/238/775
f 828/448/899 821/447/898 829/168/577
f 1427/450/902 827/236/901 825/356/774 1428/256/897
f 827/236/901 819/449/900 826/238/775 825/356/774
f 821/447/898 830/243/640 831/169/578 829/168/577
f 830/243/640 821/447/898 822/195/592
f 857/345/925 862/328/742 861/330/741 858/346/764
f 859/336/753 857/345/925 858/346/764 860/468/926
f 1473/335/754 859/336/753 860/468/926 1472/335/927
f 995/632/1063 999/633/1064 1005/634/1065 1004/635/1066
f 1003/636/1067 1002/637/1068 1001/638/1068 1000/639/1067
f 995/632/1063 994/640/1069 998/641/1067 999/633/1064
f 998/641/1067 994/640/1069 1002/637/1068 1003/636/1067
f 1417/192/1449 1409/231/1450 1410/443/1451 1419/440/1449 1420/442/1449 1418/191/1449
f 1404/444/1452 1405/219/1453 1411/218/1454 1407/434/1455
f 1412/436/1456 1408/446/1457 1404/444/1452 1406/353/1458 1413/445/1456
f 1406/353/1458 1404/444/1452 1407/434/1455 1414/355/1459
f 1409/231/1450 1416/351/1460 1410/443/1451
f 1408/446/1457 1415/349/1461 1405/219/1453 1404/444/1452
f 1429/193/1228 1435/448/1462 1425/447/1463 1426/195/1229
f 1424/238/1267 1423/449/1464 1435/448/1462 1429/193/1228
f 1430/357/776 1427/450/902 1434/236/1465 1431/236/1266
f 1431/236/1266 1434/236/1465 1423/449/1464 1424/238/1267
f 1423/449/1464 1433/238/1378 1436/168/1218 1435/448/1462
f 1435/448/1462 1436/168/1218 1425/447/1463
f 1427/450/902 1428/256/897 1432/356/1379 1434/236/1465
f 1434/236/1465 1432/356/1379 1433/238/1378 1423/449/1464
f 1425/447/1463 1436/168/1218 1438/169/1217 1437/243/1265
f 1437/243/1265 1426/195/1229 1425/447/1463
f 1470/345/1483 1471/346/1374 1476/330/1354 1477/328/1353
f 1474/336/1364 1475/468/1484 1471/346/1374 1470/345/1483
f 1473/335/754 1472/335/927 1475/468/1484 1474/336/1364
f 1619/632/1615 1628/635/1616 1629/634/1617 1623/633/1618
f 1627/636/1619 1624/639/1619 1625/638/1620 1626/637/1620
f 1619/632/1615 1623/633/1618 1622/641/1619 1618/640/1621
f 1622/641/1619 1627/636/1619 1626/637/1620 1618/640/1621
usemtl Material.014
f 817/166/575 639/167/576 829/168/577 831/169/578
f 790/189/589 780/190/589 814/191/589 813/192/589
f 631/193/590 630/194/591 822/195/592 823/193/593
f 638/218/613 792/219/614 801/219/615 807/218/613
f 784/230/625 790/189/626 813/192/626 805/231/627
f 818/222/618 817/166/575 831/169/578 830/243/640
f 628/236/633 1114/239/636 629/238/635 820/238/641 824/236/642
f 792/219/614 637/348/766 811/349/767 801/219/615
f 785/350/768 784/230/625 805/231/627 812/351/768
f 629/238/635 631/193/590 823/193/593 820/238/641
f 630/194/591 818/222/618 830/243/640 822/195/592
f 625/353/771 627/354/772 810/355/772 802/353/773
f 634/238/660 635/236/654 825/356/774 826/238/775
f 639/167/576 634/238/660 826/238/775 829/168/577
f 1227/237/634 628/236/633 824/236/642 1430/357/776
f 771/201/815 769/292/815 1099/417/815 1105/418/815 1106/419/815
f 638/218/844 717/434/845 793/435/846 794/245/839
f 626/436/847 722/437/848 786/221/617 787/220/616
f 625/353/849 704/438/850 788/266/851 789/248/852
f 627/354/853 625/353/849 789/248/852 795/406/854
f 637/348/855 792/219/856 636/248/857 791/249/858
f 792/219/856 638/218/844 794/245/839 636/248/857
f 704/438/850 626/436/847 787/220/616 788/266/851
f 717/434/845 627/354/853 795/406/854 793/435/846
f 722/437/848 637/348/855 791/249/858 786/221/617
f 784/230/859 785/350/860 794/245/839 793/435/846
f 790/189/861 784/230/859 793/435/846 795/406/854
f 780/190/862 790/189/861 795/406/854 796/342/843
f 779/439/863 781/440/864 798/432/838 797/431/837
f 781/440/864 782/441/865 799/433/842 798/432/838
f 782/441/865 780/190/862 796/342/843 799/433/842
f 785/350/860 779/439/863 797/431/837 794/245/839
f 626/436/879 704/438/880 809/445/881 808/436/879
f 781/440/882 779/439/883 806/443/884 815/440/885
f 627/354/886 717/434/887 803/434/888 810/355/886
f 782/441/889 781/440/882 815/440/885 816/442/890
f 717/434/887 638/218/891 807/218/891 803/434/888
f 637/348/766 722/437/892 804/446/893 811/349/767
f 780/190/894 782/441/889 816/442/890 814/191/894
f 722/437/892 626/436/895 808/436/895 804/446/893
f 779/439/883 785/350/896 812/351/896 806/443/884
f 704/438/880 625/353/771 802/353/773 809/445/881
f 635/236/654 1238/256/655 1428/256/897 825/356/774
f 994/640/1069 995/632/1063 1018/613/1098 1010/677/1099
f 999/633/1064 998/641/1067 1011/678/1068 1012/679/1100
f 1000/639/1067 1001/638/1068 1014/680/1100 1013/681/1067
f 1001/638/1068 1002/637/1068 1015/682/1101 1014/680/1100
f 998/641/1067 1003/636/1067 1016/683/1067 1011/678/1068
f 1004/635/1066 1005/634/1065 1017/684/1102 1019/614/1103
f 1005/634/1065 999/633/1064 1012/679/1100 1017/684/1102
f 995/632/1063 1004/635/1104 1019/614/1104 1018/613/1098
f 1002/637/1068 994/640/1069 1010/677/1099 1015/682/1101
f 1003/636/1067 1000/639/1067 1013/681/1067 1016/683/1067
f 769/292/700 676/144/555 1098/739/1117 1099/417/1116
f 770/143/1118 771/201/1118 1106/419/1118 1107/737/1118 1100/143/1118
f 676/144/1119 770/143/1119 1100/143/1119 1098/739/1119
f 1103/740/1124 1110/743/1124 1112/744/1124 1101/745/1124 1106/419/1124 1105/418/1124
f 1101/745/1125 1102/746/1126 1107/737/1127 1106/419/1127
f 1102/746/1128 1111/747/1128 1109/742/1128 1104/741/1128 1108/738/1128 1107/737/1128
f 1104/741/1121 1103/740/1120 1105/418/1115 1108/738/1114
f 1110/743/1123 1109/742/1122 1111/747/1129 1112/744/1130
f 1118/748/1131 1121/749/1131 1120/750/1132 1119/751/1133
f 1119/751/1133 1120/750/1132 1122/752/1134 1117/753/1134
f 1127/218/1135 1126/434/1136 1123/750/1137 1124/754/1135
f 1126/434/1136 1128/753/1138 1125/406/1138 1123/750/1137
f 1117/753/1139 1122/752/1139 1125/406/1139 1128/753/1139
f 1121/749/1140 1118/748/1140 1127/218/1140 1124/754/1140
f 1118/748/1141 1119/751/1142 1126/434/1142 1127/218/1141
f 1120/750/1143 1121/749/1144 1124/754/1144 1123/750/1143
f 1119/751/1142 1117/753/1145 1128/753/1145 1126/434/1142
f 1122/752/1146 1120/750/1143 1123/750/1143 1125/406/1146
f 1421/166/1216 1438/169/1217 1436/168/1218 1236/167/1219
f 1394/189/589 1417/192/589 1418/191/589 1384/190/589
f 1226/193/1227 1429/193/1228 1426/195/1229 1225/194/1230
f 1235/218/613 1411/218/613 1405/219/615 1396/219/614
f 1388/230/625 1409/231/627 1417/192/626 1394/189/626
f 1422/222/1245 1437/243/1265 1438/169/1217 1421/166/1216
f 1223/236/1259 1431/236/1266 1424/238/1267 1224/238/1260 1738/239/1261
f 1396/219/614 1405/219/615 1415/349/767 1234/348/766
f 1389/350/768 1416/351/768 1409/231/627 1388/230/625
f 1224/238/1260 1424/238/1267 1429/193/1228 1226/193/1227
f 1225/194/1230 1426/195/1229 1437/243/1265 1422/222/1245
f 1220/353/771 1406/353/773 1414/355/772 1222/354/772
f 1231/238/1283 1433/238/1378 1432/356/1379 1232/236/1278
f 1236/167/1219 1436/168/1218 1433/238/1378 1231/238/1283
f 1227/237/634 1430/357/776 1431/236/1266 1223/236/1259
f 1374/201/1400 1730/419/1400 1729/418/1400 1723/417/1400 1372/292/1400
f 1235/218/1427 1398/245/1422 1397/435/1428 1319/434/1429
f 1221/436/1430 1391/220/1247 1390/221/1246 1325/437/1431
f 1220/353/1432 1393/248/1433 1392/266/1434 1306/438/1435
f 1222/354/1436 1399/406/1437 1393/248/1433 1220/353/1432
f 1234/348/1438 1395/249/1439 1233/248/1440 1396/219/1441
f 1396/219/1441 1233/248/1440 1398/245/1422 1235/218/1427
f 1306/438/1435 1392/266/1434 1391/220/1247 1221/436/1430
f 1319/434/1429 1397/435/1428 1399/406/1437 1222/354/1436
f 1325/437/1431 1390/221/1246 1395/249/1439 1234/348/1438
f 1388/230/1442 1397/435/1428 1398/245/1422 1389/350/1443
f 1394/189/1444 1399/406/1437 1397/435/1428 1388/230/1442
f 1384/190/1445 1400/342/1425 1399/406/1437 1394/189/1444
f 1383/439/1446 1401/431/1420 1402/432/1421 1385/440/1447
f 1385/440/1447 1402/432/1421 1403/433/1426 1386/441/1448
f 1386/441/1448 1403/433/1426 1400/342/1425 1384/190/1445
f 1389/350/1443 1398/245/1422 1401/431/1420 1383/439/1446
f 1221/436/879 1412/436/879 1413/445/881 1306/438/880
f 1385/440/882 1419/440/885 1410/443/884 1383/439/883
f 1222/354/886 1414/355/886 1407/434/888 1319/434/887
f 1386/441/889 1420/442/890 1419/440/885 1385/440/882
f 1319/434/887 1407/434/888 1411/218/891 1235/218/891
f 1234/348/766 1415/349/767 1408/446/893 1325/437/892
f 1384/190/894 1418/191/894 1420/442/890 1386/441/889
f 1325/437/892 1408/446/893 1412/436/895 1221/436/895
f 1383/439/883 1410/443/884 1416/351/896 1389/350/896
f 1306/438/880 1413/445/881 1406/353/773 1220/353/771
f 1232/236/1278 1432/356/1379 1428/256/897 1238/256/655
f 1618/640/1621 1634/677/1650 1642/613/1651 1619/632/1615
f 1623/633/1618 1636/679/1652 1635/678/1620 1622/641/1619
f 1624/639/1619 1637/681/1619 1638/680/1652 1625/638/1620
f 1625/638/1620 1638/680/1652 1639/682/1653 1626/637/1620
f 1622/641/1619 1635/678/1620 1640/683/1619 1627/636/1619
f 1628/635/1616 1643/614/1654 1641/684/1655 1629/634/1617
f 1629/634/1617 1641/684/1655 1636/679/1652 1623/633/1618
f 1619/632/1615 1642/613/1651 1643/614/1656 1628/635/1656
f 1626/637/1620 1639/682/1653 1634/677/1650 1618/640/1621
f 1627/636/1619 1640/683/1619 1637/681/1619 1624/639/1619
f 1372/292/1316 1723/417/1665 1722/739/1664 1276/144/1199
f 1373/143/1668 1724/143/1668 1731/737/1668 1730/419/1668 1374/201/1668
f 1276/144/1669 1722/739/1669 1724/143/1669 1373/143/1669
f 1727/740/1674 1729/418/1674 1730/419/1674 1725/745/1674 1736/744/1674 1734/815/1674
f 1725/745/1675 1730/419/1676 1731/737/1676 1726/746/1677
f 1726/746/1678 1731/737/1678 1732/738/1678 1728/741/1678 1733/816/1678 1735/747/1678
f 1728/741/1673 1732/738/1667 1729/418/1666 1727/740/1670
f 1734/815/1671 1736/744/1679 1735/747/1680 1733/816/1672
f 1742/748/1681 1743/751/1682 1744/750/1683 1745/749/1681
f 1743/751/1682 1741/753/1684 1746/752/1684 1744/750/1683
f 1751/218/1685 1748/754/1685 1747/750/1686 1750/434/1687
f 1750/434/1687 1747/750/1686 1749/406/1688 1752/753/1688
f 1741/753/1689 1752/753/1689 1749/406/1689 1746/752/1689
f 1745/749/1690 1748/754/1690 1751/218/1690 1742/748/1690
f 1742/748/1691 1751/218/1691 1750/434/1692 1743/751/1692
f 1744/750/1693 1747/750/1693 1748/754/1694 1745/749/1694
f 1743/751/1692 1750/434/1692 1752/753/1695 1741/753/1695
f 1746/752/1696 1749/406/1696 1747/750/1693 1744/750/1693
usemtl Material.011
f 670/170/579 671/171/580 741/172/580 740/173/579
f 685/209/605 878/210/605 880/211/605 745/209/605
f 604/271/672 662/272/673 674/273/674
f 669/276/688 670/170/579 740/173/579 739/277/688
f 692/278/689 619/279/690 727/279/691 752/280/692
f 668/281/693 669/276/688 739/277/688 738/282/693
f 619/279/690 691/283/694 751/283/694 727/279/691
f 727/279/567 751/283/567 750/358/567 749/359/567 748/360/567 747/361/567 746/362/567 744/363/567
f 728/364/567 727/279/567 744/363/567 753/365/567 729/366/567
f 727/279/567 728/364/567 880/211/567 752/280/567
f 731/367/567 732/368/567 726/369/567 725/370/567 724/371/567
f 726/369/567 734/372/567 735/373/567 736/322/567 737/374/567 733/375/567 725/370/567
f 733/375/567 738/282/567 739/277/567 740/173/567 741/172/567 742/376/567 730/377/567 725/370/567
f 730/377/567 743/284/567 723/378/567 724/379/567 725/370/567
f 693/324/777 767/302/778 753/365/777
f 671/171/580 672/294/779 742/376/779 741/172/580
f 683/296/780 693/324/777 753/365/777 744/363/780
f 672/294/779 654/285/781 730/377/781 742/376/779
f 654/285/781 673/284/782 743/284/783 730/377/781
f 673/284/782 662/272/673 743/284/783
f 663/321/784 661/229/785 726/369/785 732/368/784
f 686/297/786 683/296/780 744/363/780 746/362/786
f 661/229/785 664/228/787 734/372/787 726/369/785
f 687/325/788 686/297/786 746/362/786 747/361/788
f 664/228/787 665/320/789 735/373/789 734/372/787
f 688/380/790 687/325/788 747/361/788 748/360/790
f 660/177/791 764/176/791 732/368/784 731/367/791
f 665/320/789 666/322/792 736/322/792 735/373/789
f 689/381/793 688/380/790 748/360/790 749/359/793
f 666/322/792 667/382/794 737/374/794 736/322/792
f 690/307/795 689/381/793 749/359/793 750/358/795
f 667/382/794 653/383/796 733/375/796 737/374/794
f 691/283/694 690/307/795 750/358/795 751/283/694
f 653/383/796 668/281/693 738/282/693 733/375/796
f 699/299/803 700/298/804 757/298/804 754/391/805
f 701/323/806 699/299/803 754/391/805 759/392/806
f 753/365/777 767/302/778 684/301/778 729/366/778
f 732/368/784 764/176/791 663/321/784
f 832/429/834 1439/335/903 1442/451/904 833/452/905
f 837/453/906 835/241/818 838/421/817 832/429/834
f 841/454/907 836/455/908 837/453/906 833/452/905
f 836/455/908 834/427/831 835/241/818 837/453/906
f 841/454/907 1450/335/909 1449/335/910 840/422/911
f 840/422/911 842/456/912 836/455/908 841/454/907
f 842/456/912 839/426/829 834/427/831 836/455/908
f 840/422/911 1449/335/910 1456/335/825 844/336/823
f 833/452/905 837/453/906 832/429/834
f 833/452/905 1442/451/904 1450/335/909 841/454/907
f 843/423/822 845/425/827 839/426/829 842/456/912
f 844/336/823 843/423/822 842/456/912 840/422/911
f 880/211/605 878/210/605 692/278/689 752/280/692
f 880/211/567 728/364/567 745/209/567
f 881/498/951 884/480/952 883/479/952 882/481/953
f 882/481/953 885/482/619 881/498/951
f 887/493/619 1508/492/941 1507/487/941 886/486/619
f 888/500/619 889/501/619 887/493/619 886/486/619
f 743/284/783 662/272/673 604/271/672 723/378/956
f 674/273/674 662/272/673 673/284/782
f 897/507/962 891/508/963 893/502/957 899/504/959
f 899/504/964 898/225/622 897/507/965
f 896/506/966 900/505/966 891/508/963 897/507/962
f 898/225/622 901/224/621 896/506/967 897/507/965
f 903/514/972 905/178/973 1525/157/974 1526/515/974
f 904/513/975 905/178/973 903/514/972 906/223/975
f 932/555/1009 934/556/1009 936/557/1009 938/558/1009 940/559/1009 942/560/1009 945/561/1009 910/562/1009 912/563/1009 914/564/1009 916/565/1009 918/566/1009 920/567/1009 922/568/1009 924/569/1009 926/570/1009 928/571/1009 930/572/1009
f 1044/698/1009 1046/699/1009 1048/557/1009 1050/558/1009 1052/700/1009 1054/701/1009 1057/561/1009 1022/562/1009 1024/563/1009 1026/702/1009 1028/565/1009 1030/703/1009 1032/704/1009 1034/568/1009 1036/705/1009 1038/570/1009 1040/706/1009 1042/707/1009
f 1129/457/1147 1135/162/1147 1136/755/1147 1133/458/1148 1130/756/1149
f 1134/757/1150 1759/139/551 1757/461/551 1132/463/1150
f 1133/458/1148 1138/265/552 1139/467/552 1130/756/1149
f 1131/459/552 1137/758/552 1134/757/1150 1132/463/1150
f 1142/759/581 1143/760/581 1769/184/581 1767/184/581
f 1140/184/1161 1141/184/1161 1143/760/1161 1142/759/1161
f 1146/761/947 1773/184/947 1775/184/947 1147/762/947
f 1144/761/1162 1146/761/1162 1147/762/1162 1145/184/1162
f 1143/760/1163 1141/184/1163 1145/184/1163 1147/762/1163
f 1141/184/1164 1140/184/1164 1144/761/1164 1145/184/1164
f 1769/184/1165 1143/760/1165 1147/762/1165 1775/184/1165
f 1140/184/1166 1142/759/1166 1146/761/1166 1144/761/1166
f 1142/759/1166 1767/184/1166 1773/184/1166 1146/761/1166
f 1150/184/581 1151/184/581 1149/184/581 1148/184/581
f 1152/184/947 1153/184/947 1155/184/947 1154/184/947
f 1151/184/1167 1150/184/1167 1152/184/1167 1154/184/1167
f 1149/184/1168 1151/184/1168 1154/184/1168 1155/184/1168
f 1148/184/567 1149/184/567 1155/184/567 1153/184/567
f 1150/184/1169 1148/184/1169 1153/184/1169 1152/184/1169
f 1270/170/579 1343/173/579 1344/172/580 1271/171/580
f 1286/209/605 1348/209/605 1499/211/605 1497/210/605
f 1196/271/1295 1274/273/1296 1262/272/1297
f 1269/276/688 1342/277/688 1343/173/579 1270/170/579
f 1293/278/689 1355/280/692 1330/279/691 1214/279/690
f 1268/281/693 1341/282/693 1342/277/688 1269/276/688
f 1214/279/690 1330/279/691 1354/283/694 1292/283/694
f 1330/279/1167 1347/363/1167 1349/362/1167 1350/361/1167 1351/360/1167 1352/359/1167 1353/358/1167 1354/283/1167
f 1331/364/1167 1332/366/1167 1356/365/1167 1347/363/1167 1330/279/1167
f 1330/279/1167 1355/280/1167 1499/211/1167 1331/364/1167
f 1334/367/1167 1327/371/1167 1328/370/1167 1329/369/1167 1335/368/1167
f 1329/369/1167 1328/370/1167 1336/375/1167 1340/374/1167 1339/322/1167 1338/373/1167 1337/372/1167
f 1336/375/1167 1328/370/1167 1333/377/1167 1345/376/1167 1344/172/1167 1343/173/1167 1342/277/1167 1341/282/1167
f 1333/377/1167 1328/370/1167 1327/379/1167 1326/378/1167 1346/284/1167
f 1294/324/777 1356/365/777 1370/302/778
f 1271/171/580 1344/172/580 1345/376/779 1272/294/779
f 1284/296/780 1347/363/780 1356/365/777 1294/324/777
f 1272/294/779 1345/376/779 1333/377/781 1254/285/781
f 1254/285/781 1333/377/781 1346/284/1380 1273/284/1381
f 1273/284/1381 1346/284/1380 1262/272/1297
f 1263/321/784 1335/368/784 1329/369/785 1261/229/785
f 1287/297/786 1349/362/786 1347/363/780 1284/296/780
f 1261/229/785 1329/369/785 1337/372/787 1264/228/787
f 1288/325/788 1350/361/788 1349/362/786 1287/297/786
f 1264/228/787 1337/372/787 1338/373/789 1265/320/789
f 1289/380/790 1351/360/790 1350/361/788 1288/325/788
f 1260/177/791 1334/367/791 1335/368/784 1367/176/791
f 1265/320/789 1338/373/789 1339/322/792 1266/322/792
f 1290/381/793 1352/359/793 1351/360/790 1289/380/790
f 1266/322/792 1339/322/792 1340/374/794 1267/382/794
f 1291/307/795 1353/358/795 1352/359/793 1290/381/793
f 1267/382/794 1340/374/794 1336/375/796 1253/383/796
f 1292/283/694 1354/283/694 1353/358/795 1291/307/795
f 1253/383/796 1336/375/796 1341/282/693 1268/281/693
f 1301/299/1388 1357/391/1389 1360/298/1390 1302/298/1390
f 1303/323/1391 1362/392/1391 1357/391/1389 1301/299/1388
f 1356/365/777 1332/366/778 1285/301/778 1370/302/778
f 1335/368/784 1263/321/784 1367/176/791
f 1440/429/1416 1441/452/1466 1442/451/904 1439/335/903
f 1446/453/1467 1440/429/1416 1447/421/1402 1444/241/1404
f 1452/454/1468 1441/452/1466 1446/453/1467 1445/455/1469
f 1445/455/1469 1446/453/1467 1444/241/1404 1443/427/1414
f 1452/454/1468 1451/422/1470 1449/335/910 1450/335/909
f 1451/422/1470 1452/454/1468 1445/455/1469 1453/456/1471
f 1453/456/1471 1445/455/1469 1443/427/1414 1448/426/1411
f 1451/422/1470 1455/336/1406 1456/335/825 1449/335/910
f 1441/452/1466 1440/429/1416 1446/453/1467
f 1441/452/1466 1452/454/1468 1450/335/909 1442/451/904
f 1454/423/1407 1453/456/1471 1448/426/1411 1457/425/1409
f 1455/336/1406 1451/422/1470 1453/456/1471 1454/423/1407
f 1499/211/605 1355/280/692 1293/278/689 1497/210/605
f 1499/211/1167 1348/209/1167 1331/364/1167
f 1500/498/1503 1501/481/1504 1502/479/1505 1503/480/1505
f 1501/481/1504 1500/498/1503 1504/482/1248
f 1506/493/1248 1505/486/1248 1507/487/941 1508/492/941
f 1509/500/1248 1505/486/1248 1506/493/1248 1510/501/1248
f 1346/284/1380 1326/378/1508 1196/271/1295 1262/272/1297
f 1274/273/1296 1273/284/1381 1262/272/1297
f 1518/507/1514 1520/504/1510 1514/502/1509 1512/508/1515
f 1520/504/1516 1518/507/1517 1519/225/1250
f 1517/506/1518 1518/507/1514 1512/508/1515 1521/505/1518
f 1519/225/1250 1518/507/1517 1517/506/1519 1522/224/1251
f 1527/514/1524 1526/515/974 1525/157/974 1529/178/1525
f 1528/513/1526 1530/223/1526 1527/514/1524 1529/178/1525
f 1556/555/1560 1554/572/1560 1552/571/1560 1550/570/1560 1548/569/1560 1546/568/1560 1544/567/1560 1542/566/1560 1540/565/1560 1538/564/1560 1536/563/1560 1534/562/1560 1569/561/1560 1566/560/1560 1564/559/1560 1562/558/1560 1560/557/1560 1558/556/1560
f 1668/698/1560 1666/707/1560 1664/706/1560 1662/570/1560 1660/705/1560 1658/568/1560 1656/704/1560 1654/703/1560 1652/565/1560 1650/702/1560 1648/563/1560 1646/562/1560 1681/561/1560 1678/701/1560 1676/700/1560 1674/558/1560 1672/557/1560 1670/699/1560
f 1753/457/1697 1754/756/1698 1758/458/1699 1762/755/1697 1761/162/1697
f 1760/757/1700 1756/463/1700 1757/461/551 1759/139/551
f 1758/458/1699 1754/756/1698 1765/467/1195 1764/265/1195
f 1755/459/1195 1756/463/1700 1760/757/1700 1763/758/1195
f 1770/759/581 1767/184/581 1769/184/581 1771/760/581
f 1766/184/1710 1770/759/1710 1771/760/1710 1768/184/1710
f 1776/761/947 1777/762/947 1775/184/947 1773/184/947
f 1772/761/1711 1774/184/1711 1777/762/1711 1776/761/1711
f 1771/760/1712 1777/762/1712 1774/184/1712 1768/184/1712
f 1768/184/1713 1774/184/1713 1772/761/1713 1766/184/1713
f 1769/184/1165 1775/184/1165 1777/762/1165 1771/760/1165
f 1766/184/1166 1772/761/1166 1776/761/1166 1770/759/1166
f 1770/759/1166 1776/761/1166 1773/184/1166 1767/184/1166
f 1780/184/581 1778/184/581 1779/184/581 1781/184/581
f 1782/184/947 1784/184/947 1785/184/947 1783/184/947
f 1781/184/567 1784/184/567 1782/184/567 1780/184/567
f 1779/184/1168 1785/184/1168 1784/184/1168 1781/184/1168
f 1778/184/1167 1783/184/1167 1785/184/1167 1779/184/1167
f 1780/184/1169 1782/184/1169 1783/184/1169 1778/184/1169
usemtl Material.001
f 854/460/917 852/305/712 909/304/711 908/311/720
f 908/311/720 907/310/719 855/464/922 854/460/917
f 1467/460/1477 1532/311/1333 1533/304/1328 1465/305/1327
f 1532/311/1333 1467/460/1477 1468/464/1481 1531/310/1334
usemtl Material.003
f 603/174/567 762/175/567 764/176/567 660/177/567
f 604/179/582 674/180/583 605/181/584 600/182/582
f 1167/183/585 1168/184/585 1180/184/585 1179/184/585
f 600/185/586 605/186/587 892/187/587 895/188/588
f 1161/212/610 869/213/610 1177/214/610 1172/215/610
f 1194/184/619 1490/184/619 1169/184/619 1168/184/619
f 609/223/620 895/188/588 901/224/621 898/225/622
f 684/301/567 767/302/567 766/303/567 762/175/567 603/174/567
f 871/481/937 1165/482/937 885/482/937 882/481/937
f 615/488/942 1164/478/943 877/489/944
f 1160/491/937 1490/492/947 1508/492/947 887/493/937
f 1169/492/948 1170/493/948 1182/494/948 1181/492/948
f 872/495/949 1162/496/949 1174/496/949 1178/497/949
f 877/489/944 879/300/708 878/210/707 685/209/950 615/488/942
f 1164/478/937 871/481/937 882/481/937 883/479/937
f 1166/490/937 1160/491/937 887/493/937 889/501/937
f 890/503/969 609/223/620 898/225/622 899/504/964
f 895/188/588 609/223/620 600/185/586
f 620/184/947 609/184/947 906/184/947 903/184/947
f 1192/184/947 620/184/947 903/184/947 1526/184/947
f 684/301/947 603/174/947 1156/763/947 1158/764/947
f 603/174/947 660/177/947 1157/367/947 1156/763/947
f 1161/212/1170 1159/765/1171 612/766/1172 602/767/1173
f 1159/765/1171 1162/496/1174 615/488/942 612/766/1172
f 869/213/619 1161/212/1170 602/767/1173 1160/491/619
f 872/495/1175 1163/768/1176 871/481/1177 1164/478/943
f 1163/768/1176 874/769/1178 1165/482/946 871/481/1177
f 1162/496/1174 872/495/1175 1164/478/943 615/488/942
f 874/769/1178 875/770/619 1166/490/619 1165/482/946
f 875/770/619 869/213/619 1160/491/619 1166/490/619
f 1170/493/1179 1167/767/1179 1179/771/1179 1182/494/1179
f 1490/492/619 1160/491/619 1170/493/619 1169/492/619
f 1160/491/619 602/767/1173 1167/767/619 1170/493/619
f 602/184/619 1194/184/619 1168/184/619 1167/183/619
f 1172/215/1180 1177/214/619 1175/772/1181
f 1171/773/1182 1173/774/1183 1178/497/1184 1174/496/1184
f 1175/772/1181 1176/775/1185 1171/773/1182 1172/215/1180
f 1171/773/1182 1176/775/1185 1173/774/1183
f 1180/776/619 1181/492/619 1182/494/619 1179/771/619
f 1159/765/1186 1161/212/585 1172/215/585 1171/773/1187
f 875/770/948 874/769/1188 1176/775/1188 1175/772/948
f 1163/768/1189 872/495/1190 1178/497/1190 1173/774/1191
f 1168/184/610 1169/184/610 1181/761/610 1180/184/610
f 869/213/948 875/770/948 1175/772/948 1177/214/948
f 874/769/1188 1163/768/1189 1173/774/1191 1176/775/1188
f 1162/496/1192 1159/765/1186 1171/773/1187 1174/496/1192
f 1195/174/1167 1260/177/1167 1367/176/1167 1365/175/1167
f 1196/179/1220 1189/182/1220 1198/181/1221 1274/180/1222
f 1797/183/1223 1809/184/1223 1810/184/1223 1798/184/1223
f 1189/185/1224 1516/188/1225 1513/187/1226 1198/186/1226
f 1791/212/1244 1802/215/1244 1807/214/1244 1486/213/1244
f 1194/184/1248 1798/184/1248 1799/184/1248 1490/184/1248
f 1204/223/1249 1519/225/1250 1522/224/1251 1516/188/1225
f 1285/301/1167 1195/174/1167 1365/175/1167 1369/303/1167 1370/302/1167
f 1488/481/1491 1501/481/1491 1504/482/1491 1795/482/1491
f 1210/488/1495 1496/489/1496 1794/478/1497
f 1790/491/1491 1506/493/1491 1508/492/947 1490/492/947
f 1799/492/1500 1811/492/1500 1812/494/1500 1800/493/1500
f 1491/495/1501 1808/497/1501 1804/496/1501 1792/496/1501
f 1496/489/1496 1210/488/1495 1286/209/1502 1497/210/1323 1498/300/1322
f 1794/478/1491 1502/479/1491 1501/481/1491 1488/481/1491
f 1796/490/1491 1510/501/1491 1506/493/1491 1790/491/1491
f 1511/503/1521 1520/504/1516 1519/225/1250 1204/223/1249
f 1516/188/1225 1189/185/1224 1204/223/1249
f 1215/184/947 1527/184/947 1530/184/947 1204/184/947
f 1192/184/947 1526/184/947 1527/184/947 1215/184/947
f 1285/301/947 1788/764/947 1786/763/947 1195/174/947
f 1195/174/947 1786/763/947 1787/367/947 1260/177/947
f 1791/212/1714 1191/767/1715 1207/766/1716 1789/765/1717
f 1789/765/1717 1207/766/1716 1210/488/1495 1792/496/1718
f 1486/213/1248 1790/491/1248 1191/767/1715 1791/212/1714
f 1491/495/1719 1794/478/1497 1488/481/1720 1793/768/1721
f 1793/768/1721 1488/481/1720 1795/482/1499 1493/769/1722
f 1792/496/1718 1210/488/1495 1794/478/1497 1491/495/1719
f 1493/769/1722 1795/482/1499 1796/490/1248 1494/770/1248
f 1494/770/1248 1796/490/1248 1790/491/1248 1486/213/1248
f 1800/493/1723 1812/494/1723 1809/771/1723 1797/767/1723
f 1490/492/1248 1799/492/1248 1800/493/1248 1790/491/1248
f 1790/491/1248 1800/493/1248 1797/767/1248 1191/767/1715
f 1191/184/1248 1797/183/1248 1798/184/1248 1194/184/1248
f 1802/215/1724 1805/772/1725 1807/214/1248
f 1801/773/1726 1804/496/1727 1808/497/1727 1803/774/1728
f 1805/772/1725 1802/215/1724 1801/773/1726 1806/775/1729
f 1801/773/1726 1803/774/1728 1806/775/1729
f 1810/776/1248 1809/771/1248 1812/494/1248 1811/492/1248
f 1789/765/1730 1801/773/1731 1802/215/1223 1791/212/1223
f 1494/770/1500 1805/772/1500 1806/775/1732 1493/769/1732
f 1793/768/1733 1803/774/1734 1808/497/1735 1491/495/1735
f 1798/184/1244 1810/184/1244 1811/761/1244 1799/184/1244
f 1486/213/1500 1807/214/1500 1805/772/1500 1494/770/1500
f 1493/769/1732 1806/775/1732 1803/774/1734 1793/768/1733
f 1792/496/1736 1804/496/1736 1801/773/1731 1789/765/1730
usemtl Material.004
f 695/308/717 853/309/718 907/310/719 908/311/720
f 908/311/720 909/304/711 846/163/573 695/308/717
f 853/309/1152 695/308/1153 1130/756/1154 1139/467/1152
f 695/308/1153 846/163/1156 1129/457/1156 1130/756/1154
f 1296/308/1332 1532/311/1333 1531/310/1334 1466/309/1335
f 1532/311/1333 1296/308/1332 1458/163/1214 1533/304/1328
f 1466/309/1702 1765/467/1702 1754/756/1703 1296/308/1704
f 1296/308/1704 1754/756/1703 1753/457/1706 1458/163/1706
usemtl Material.005
f 935/516/977 951/517/978 950/518/979 933/519/980
f 937/520/981 952/521/982 951/522/978 935/523/977
f 939/523/983 953/524/984 952/525/982 937/526/981
f 941/526/985 954/525/985 953/527/984 939/528/983
f 943/529/986 955/527/987 954/530/985 941/531/985
f 933/531/980 950/532/979 949/533/988 931/534/989
f 931/534/989 949/533/988 948/535/990 929/536/991
f 929/536/991 948/535/990 947/537/992 927/538/993
f 927/538/993 947/537/992 946/539/994 925/540/995
f 925/540/995 946/539/994 956/541/996 923/542/996
f 923/542/996 956/541/996 957/543/997 921/544/998
f 921/544/998 957/543/997 958/545/999 919/546/1000
f 919/546/1000 958/545/999 959/547/1001 917/548/1002
f 917/548/1002 959/547/1001 960/549/1003 915/550/1004
f 915/550/1004 960/549/1003 961/551/1005 913/552/1006
f 913/552/1006 961/551/1005 962/553/1007 911/554/1008
f 911/554/1008 962/553/1007 963/573/1010 944/574/1011
f 944/574/1011 963/573/1010 955/575/987 943/576/986
f 965/577/1009 964/578/1009 946/579/1009 947/580/1009
f 966/581/1009 965/577/1009 947/580/1009 948/582/1009
f 967/583/1009 966/581/1009 948/582/1009 949/584/1009
f 968/585/1012 967/583/1009 949/584/1009 950/586/1012
f 969/587/1009 968/585/1012 950/586/1012 951/588/1009
f 970/589/1013 969/587/1009 951/588/1009 952/590/1013
f 971/591/1013 970/589/1013 952/590/1013 953/592/1013
f 972/593/1009 971/591/1013 953/592/1013 954/594/1009
f 973/595/1009 972/593/1009 954/594/1009 955/596/1009
f 964/578/1009 974/597/1009 956/598/1009 946/579/1009
f 974/597/1009 975/599/1009 957/600/1009 956/598/1009
f 975/599/1009 976/601/1009 958/602/1009 957/600/1009
f 976/601/1009 977/603/1014 959/604/1014 958/602/1009
f 977/603/1014 978/605/1012 960/606/1012 959/604/1014
f 978/605/1012 979/607/1012 961/608/1012 960/606/1012
f 979/607/1012 980/609/1012 962/610/1012 961/608/1012
f 980/609/1012 981/611/1009 963/612/1009 962/610/1012
f 981/611/1009 973/595/1009 955/596/1009 963/612/1009
f 926/570/1015 924/569/1016 964/578/1017 965/577/1018
f 928/571/1019 926/570/1015 965/577/1018 966/581/1020
f 930/572/1021 928/571/1019 966/581/1020 967/583/1022
f 932/555/1023 930/572/1021 967/583/1022 968/585/1024
f 934/556/1025 932/555/1023 968/585/1024 969/587/1026
f 936/557/1027 934/556/1025 969/587/1026 970/589/1028
f 938/558/1029 936/557/1027 970/589/1028 971/591/1030
f 940/559/1031 938/558/1029 971/591/1030 972/593/1032
f 942/560/1033 940/559/1031 972/593/1032 973/595/1034
f 924/569/1016 922/568/1035 974/597/1036 964/578/1017
f 922/568/1035 920/567/1037 975/599/1038 974/597/1036
f 920/567/1037 918/566/1039 976/601/1040 975/599/1038
f 918/566/1039 916/565/1041 977/603/1041 976/601/1040
f 916/565/1041 914/564/1042 978/605/1043 977/603/1041
f 914/564/1042 912/563/1044 979/607/1045 978/605/1043
f 912/563/1044 910/562/1046 980/609/1047 979/607/1045
f 910/562/1046 945/561/1048 981/611/1049 980/609/1047
f 945/561/1048 942/560/1033 973/595/1034 981/611/1049
f 1047/516/977 1063/517/978 1062/518/979 1045/520/980
f 1049/520/981 1064/518/982 1063/524/978 1047/523/977
f 1051/523/983 1065/524/984 1064/525/982 1049/526/981
f 1053/526/985 1066/685/985 1065/686/984 1051/528/983
f 1055/528/986 1067/686/987 1066/530/985 1053/531/985
f 1045/531/980 1062/532/979 1061/687/988 1043/688/989
f 1043/688/989 1061/687/988 1060/689/990 1041/690/991
f 1041/690/991 1060/689/990 1059/537/992 1039/538/993
f 1039/538/993 1059/537/992 1058/539/994 1037/540/995
f 1037/540/995 1058/539/994 1068/541/996 1035/691/996
f 1035/691/996 1068/541/996 1069/543/997 1033/692/998
f 1033/692/998 1069/543/997 1070/545/999 1031/546/1000
f 1031/546/1000 1070/545/999 1071/547/1001 1029/693/1002
f 1029/693/1002 1071/547/1001 1072/549/1003 1027/694/1004
f 1027/694/1004 1072/549/1003 1073/551/1005 1025/695/1006
f 1025/695/1006 1073/551/1005 1074/696/1007 1023/697/1008
f 1023/697/1008 1074/696/1007 1075/573/1010 1056/708/1011
f 1056/708/1011 1075/573/1010 1067/575/987 1055/576/986
f 1077/709/1009 1076/710/1009 1058/711/1009 1059/712/1009
f 1078/713/1009 1077/709/1009 1059/712/1009 1060/714/1009
f 1079/715/1009 1078/713/1009 1060/714/1009 1061/584/1009
f 1080/716/1009 1079/715/1009 1061/584/1009 1062/717/1009
f 1081/718/1012 1080/716/1009 1062/717/1009 1063/588/1012
f 1082/719/1013 1081/718/1012 1063/588/1012 1064/720/1013
f 1083/721/1013 1082/719/1013 1064/720/1013 1065/592/1013
f 1084/722/1009 1083/721/1013 1065/592/1013 1066/594/1009
f 1085/595/1009 1084/722/1009 1066/594/1009 1067/723/1009
f 1076/710/1009 1086/724/1009 1068/598/1009 1058/711/1009
f 1086/724/1009 1087/725/1009 1069/600/1009 1068/598/1009
f 1087/725/1009 1088/601/1009 1070/726/1009 1069/600/1009
f 1088/601/1009 1089/727/1012 1071/728/1012 1070/726/1009
f 1089/727/1012 1090/729/1012 1072/606/1012 1071/728/1012
f 1090/729/1012 1091/730/1012 1073/731/1012 1072/606/1012
f 1091/730/1012 1092/609/1009 1074/610/1009 1073/731/1012
f 1092/609/1009 1093/732/1009 1075/612/1009 1074/610/1009
f 1093/732/1009 1085/595/1009 1067/723/1009 1075/612/1009
f 1038/570/1107 1036/705/1016 1076/710/1017 1077/709/1108
f 1040/706/1109 1038/570/1107 1077/709/1108 1078/713/1110
f 1042/707/1021 1040/706/1109 1078/713/1110 1079/715/1022
f 1044/698/1023 1042/707/1021 1079/715/1022 1080/716/1024
f 1046/699/1025 1044/698/1023 1080/716/1024 1081/718/1026
f 1048/557/1027 1046/699/1025 1081/718/1026 1082/719/1028
f 1050/558/1029 1048/557/1027 1082/719/1028 1083/721/1030
f 1052/700/1031 1050/558/1029 1083/721/1030 1084/722/1032
f 1054/701/1033 1052/700/1031 1084/722/1032 1085/595/1034
f 1036/705/1016 1034/568/1035 1086/724/1036 1076/710/1017
f 1034/568/1035 1032/704/1037 1087/725/1038 1086/724/1036
f 1032/704/1037 1030/703/1039 1088/601/1040 1087/725/1038
f 1030/703/1039 1028/565/1041 1089/727/1041 1088/601/1040
f 1028/565/1041 1026/702/1111 1090/729/1043 1089/727/1041
f 1026/702/1111 1024/563/1044 1091/730/1045 1090/729/1043
f 1024/563/1044 1022/562/1046 1092/609/1047 1091/730/1045
f 1022/562/1046 1057/561/1048 1093/732/1049 1092/609/1047
f 1057/561/1048 1054/701/1033 1085/595/1034 1093/732/1049
f 1559/516/1528 1557/519/1529 1574/518/1530 1575/517/1531
f 1561/520/1532 1559/523/1528 1575/522/1531 1576/521/1533
f 1563/523/1534 1561/526/1532 1576/525/1533 1577/524/1535
f 1565/526/1536 1563/528/1534 1577/527/1535 1578/525/1536
f 1567/529/1537 1565/531/1536 1578/530/1536 1579/527/1538
f 1557/531/1529 1555/534/1539 1573/533/1540 1574/532/1530
f 1555/534/1539 1553/536/1541 1572/535/1542 1573/533/1540
f 1553/536/1541 1551/538/1543 1571/537/1544 1572/535/1542
f 1551/538/1543 1549/540/1545 1570/539/1546 1571/537/1544
f 1549/540/1545 1547/542/1547 1580/541/1547 1570/539/1546
f 1547/542/1547 1545/544/1548 1581/543/1549 1580/541/1547
f 1545/544/1548 1543/546/1550 1582/545/1551 1581/543/1549
f 1543/546/1550 1541/548/1552 1583/547/1553 1582/545/1551
f 1541/548/1552 1539/550/1554 1584/549/1555 1583/547/1553
f 1539/550/1554 1537/552/1556 1585/551/1557 1584/549/1555
f 1537/552/1556 1535/554/1558 1586/553/1559 1585/551/1557
f 1535/554/1558 1568/574/1561 1587/573/1562 1586/553/1559
f 1568/574/1561 1567/576/1537 1579/575/1538 1587/573/1562
f 1589/577/1560 1571/580/1560 1570/579/1560 1588/578/1560
f 1590/581/1560 1572/582/1560 1571/580/1560 1589/577/1560
f 1591/583/1560 1573/584/1560 1572/582/1560 1590/581/1560
f 1592/585/1560 1574/586/1560 1573/584/1560 1591/583/1560
f 1593/587/1563 1575/588/1563 1574/586/1560 1592/585/1560
f 1594/589/1564 1576/590/1564 1575/588/1563 1593/587/1563
f 1595/591/1564 1577/592/1564 1576/590/1564 1594/589/1564
f 1596/593/1560 1578/594/1560 1577/592/1564 1595/591/1564
f 1597/595/1560 1579/596/1560 1578/594/1560 1596/593/1560
f 1588/578/1560 1570/579/1560 1580/598/1560 1598/597/1560
f 1598/597/1560 1580/598/1560 1581/600/1560 1599/599/1560
f 1599/599/1560 1581/600/1560 1582/602/1560 1600/601/1560
f 1600/601/1560 1582/602/1560 1583/604/1565 1601/603/1565
f 1601/603/1565 1583/604/1565 1584/606/1566 1602/605/1566
f 1602/605/1566 1584/606/1566 1585/608/1563 1603/607/1563
f 1603/607/1563 1585/608/1563 1586/610/1560 1604/609/1560
f 1604/609/1560 1586/610/1560 1587/612/1560 1605/611/1560
f 1605/611/1560 1587/612/1560 1579/596/1560 1597/595/1560
f 1550/570/1567 1589/577/1568 1588/578/1569 1548/569/1570
f 1552/571/1571 1590/581/1572 1589/577/1568 1550/570/1567
f 1554/572/1573 1591/583/1574 1590/581/1572 1552/571/1571
f 1556/555/1575 1592/585/1576 1591/583/1574 1554/572/1573
f 1558/556/1577 1593/587/1578 1592/585/1576 1556/555/1575
f 1560/557/1579 1594/589/1580 1593/587/1578 1558/556/1577
f 1562/558/1581 1595/591/1582 1594/589/1580 1560/557/1579
f 1564/559/1583 1596/593/1584 1595/591/1582 1562/558/1581
f 1566/560/1585 1597/595/1586 1596/593/1584 1564/559/1583
f 1548/569/1570 1588/578/1569 1598/597/1587 1546/568/1588
f 1546/568/1588 1598/597/1587 1599/599/1589 1544/567/1590
f 1544/567/1590 1599/599/1589 1600/601/1591 1542/566/1592
f 1542/566/1592 1600/601/1591 1601/603/1593 1540/565/1593
f 1540/565/1593 1601/603/1593 1602/605/1594 1538/564/1595
f 1538/564/1595 1602/605/1594 1603/607/1596 1536/563/1597
f 1536/563/1597 1603/607/1596 1604/609/1598 1534/562/1599
f 1534/562/1599 1604/609/1598 1605/611/1600 1569/561/1601
f 1569/561/1601 1605/611/1600 1597/595/1586 1566/560/1585
f 1671/516/1528 1669/520/1529 1686/518/1530 1687/517/1531
f 1673/520/1532 1671/523/1528 1687/524/1531 1688/518/1533
f 1675/523/1534 1673/526/1532 1688/525/1533 1689/524/1535
f 1677/526/1536 1675/528/1534 1689/686/1535 1690/685/1536
f 1679/528/1537 1677/531/1536 1690/530/1536 1691/686/1538
f 1669/531/1529 1667/688/1539 1685/687/1540 1686/532/1530
f 1667/688/1539 1665/690/1541 1684/689/1542 1685/687/1540
f 1665/690/1541 1663/538/1543 1683/537/1544 1684/689/1542
f 1663/538/1543 1661/540/1545 1682/539/1546 1683/537/1544
f 1661/540/1545 1659/691/1547 1692/541/1547 1682/539/1546
f 1659/691/1547 1657/692/1548 1693/543/1549 1692/541/1547
f 1657/692/1548 1655/546/1550 1694/545/1551 1693/543/1549
f 1655/546/1550 1653/693/1552 1695/547/1553 1694/545/1551
f 1653/693/1552 1651/694/1554 1696/549/1555 1695/547/1553
f 1651/694/1554 1649/695/1556 1697/551/1557 1696/549/1555
f 1649/695/1556 1647/697/1558 1698/696/1559 1697/551/1557
f 1647/697/1558 1680/708/1561 1699/573/1562 1698/696/1559
f 1680/708/1561 1679/576/1537 1691/575/1538 1699/573/1562
f 1701/709/1560 1683/712/1560 1682/711/1560 1700/710/1560
f 1702/713/1560 1684/714/1560 1683/712/1560 1701/709/1560
f 1703/715/1560 1685/584/1560 1684/714/1560 1702/713/1560
f 1704/716/1560 1686/717/1560 1685/584/1560 1703/715/1560
f 1705/718/1563 1687/588/1563 1686/717/1560 1704/716/1560
f 1706/719/1564 1688/720/1564 1687/588/1563 1705/718/1563
f 1707/721/1564 1689/592/1564 1688/720/1564 1706/719/1564
f 1708/722/1560 1690/594/1560 1689/592/1564 1707/721/1564
f 1709/595/1560 1691/723/1560 1690/594/1560 1708/722/1560
f 1700/710/1560 1682/711/1560 1692/598/1560 1710/724/1560
f 1710/724/1560 1692/598/1560 1693/600/1560 1711/725/1560
f 1711/725/1560 1693/600/1560 1694/726/1560 1712/601/1560
f 1712/601/1560 1694/726/1560 1695/728/1563 1713/727/1563
f 1713/727/1563 1695/728/1563 1696/606/1563 1714/729/1563
f 1714/729/1563 1696/606/1563 1697/731/1563 1715/730/1563
f 1715/730/1563 1697/731/1563 1698/610/1560 1716/609/1560
f 1716/609/1560 1698/610/1560 1699/612/1560 1717/732/1560
f 1717/732/1560 1699/612/1560 1691/723/1560 1709/595/1560
f 1662/570/1659 1701/709/1660 1700/710/1569 1660/705/1570
f 1664/706/1571 1702/713/1572 1701/709/1660 1662/570/1659
f 1666/707/1573 1703/715/1574 1702/713/1572 1664/706/1571
f 1668/698/1575 1704/716/1576 1703/715/1574 1666/707/1573
f 1670/699/1577 1705/718/1578 1704/716/1576 1668/698/1575
f 1672/557/1579 1706/719/1580 1705/718/1578 1670/699/1577
f 1674/558/1581 1707/721/1582 1706/719/1580 1672/557/1579
f 1676/700/1583 1708/722/1584 1707/721/1582 1674/558/1581
f 1678/701/1585 1709/595/1586 1708/722/1584 1676/700/1583
f 1660/705/1570 1700/710/1569 1710/724/1587 1658/568/1588
f 1658/568/1588 1710/724/1587 1711/725/1589 1656/704/1590
f 1656/704/1590 1711/725/1589 1712/601/1591 1654/703/1592
f 1654/703/1592 1712/601/1591 1713/727/1593 1652/565/1593
f 1652/565/1593 1713/727/1593 1714/729/1594 1650/702/1661
f 1650/702/1661 1714/729/1594 1715/730/1596 1648/563/1597
f 1648/563/1597 1715/730/1596 1716/609/1598 1646/562/1599
f 1646/562/1599 1716/609/1598 1717/732/1600 1681/561/1601
f 1681/561/1601 1717/732/1600 1709/595/1586 1678/701/1585
usemtl altz.kaca.002
f 1096/733/1112 1097/734/1112 1095/735/1112 1094/736/1112
f 1720/733/1662 1718/736/1662 1719/735/1662 1721/734/1662
o glr-wheel.Ft.L
v 0.678356 0.654037 1.024373
v 0.875866 0.654037 1.024373
v 0.678356 0.640899 0.932999
v 0.875866 0.640899 0.932999
v 0.678356 0.602551 0.849028
v 0.875866 0.602551 0.849028
v 0.678356 0.542099 0.779263
v 0.875866 0.542099 0.779263
v 0.678356 0.464440 0.729355
v 0.875866 0.464440 0.729355
v 0.678356 0.375867 0.703347
v 0.875866 0.375867 0.703347
v 0.678356 0.283554 0.703347
v 0.875866 0.283554 0.703347
v 0.678356 0.194980 0.729355
v 0.875866 0.194980 0.729355
v 0.678356 0.117321 0.779263
v 0.875866 0.117321 0.779263
v 0.678356 0.056869 0.849028
v 0.875866 0.056869 0.849028
v 0.678356 0.018521 0.932999
v 0.875866 0.018521 0.932999
v 0.678356 0.005384 1.024373
v 0.875866 0.005384 1.024373
v 0.678356 0.018521 1.115746
v 0.875866 0.018521 1.115746
v 0.678356 0.056869 1.199717
v 0.875866 0.056869 1.199717
v 0.678356 0.117321 1.269482
v 0.875866 0.117321 1.269482
v 0.678356 0.194980 1.319390
v 0.875866 0.194980 1.319390
v 0.678356 0.283554 1.345398
v 0.875866 0.283554 1.345398
v 0.678356 0.375867 1.345398
v 0.875866 0.375866 1.345398
v 0.678356 0.464440 1.319390
v 0.875866 0.464440 1.319390
v 0.678356 0.542099 1.269482
v 0.875866 0.542099 1.269482
v 0.678356 0.602551 1.199717
v 0.875866 0.602551 1.199717
v 0.678356 0.640899 1.115746
v 0.875866 0.640899 1.115746
v 0.889862 0.562891 0.955905
v 0.889862 0.572735 1.024373
v 0.889862 0.534156 0.892984
v 0.889862 0.488858 0.840707
v 0.889862 0.430666 0.803310
v 0.889862 0.364296 0.783822
v 0.889862 0.295124 0.783822
v 0.889862 0.228754 0.803310
v 0.889862 0.170563 0.840707
v 0.889862 0.125265 0.892984
v 0.889862 0.096530 0.955905
v 0.889862 0.086685 1.024373
v 0.889862 0.096530 1.092840
v 0.889862 0.125265 1.155762
v 0.889862 0.170563 1.208038
v 0.889862 0.228754 1.245435
v 0.889862 0.295124 1.264924
v 0.889862 0.364296 1.264924
v 0.889862 0.430666 1.245436
v 0.889862 0.488857 1.208039
v 0.889862 0.534156 1.155762
v 0.889862 0.562891 1.092841
v 0.666995 0.640181 1.024373
v 0.666995 0.627605 0.936903
v 0.666995 0.590895 0.856519
v 0.666995 0.533026 0.789734
v 0.666995 0.458685 0.741958
v 0.666995 0.373895 0.717062
v 0.666995 0.285526 0.717062
v 0.666995 0.200736 0.741958
v 0.666995 0.126395 0.789734
v 0.666995 0.068525 0.856519
v 0.666995 0.031815 0.936903
v 0.666995 0.019239 1.024373
v 0.666995 0.031815 1.111842
v 0.666995 0.068525 1.192226
v 0.666995 0.126395 1.259011
v 0.666995 0.200736 1.306787
v 0.666995 0.285525 1.331684
v 0.666995 0.373895 1.331684
v 0.666995 0.458684 1.306787
v 0.666995 0.533025 1.259011
v 0.666995 0.590895 1.192226
v 0.666995 0.627605 1.111843
v 0.889862 0.627605 0.936903
v 0.889862 0.640181 1.024373
v 0.889862 0.590895 0.856519
v 0.889862 0.533026 0.789734
v 0.889862 0.458685 0.741958
v 0.889862 0.373895 0.717062
v 0.889862 0.285526 0.717062
v 0.889862 0.200736 0.741958
v 0.889862 0.126395 0.789734
v 0.889862 0.068525 0.856519
v 0.889862 0.031815 0.936903
v 0.889862 0.019239 1.024373
v 0.889862 0.031815 1.111842
v 0.889862 0.068525 1.192226
v 0.889862 0.126395 1.259011
v 0.889862 0.200736 1.306787
v 0.889862 0.285525 1.331684
v 0.889862 0.373895 1.331684
v 0.889862 0.458684 1.306787
v 0.889862 0.533025 1.259011
v 0.889862 0.590895 1.192226
v 0.889862 0.627605 1.111843
v 0.867901 0.548278 0.960195
v 0.867901 0.557505 1.024373
v 0.867901 0.521344 0.901217
v 0.867901 0.478884 0.852216
v 0.867901 0.424340 0.817163
v 0.867901 0.362129 0.798896
v 0.867901 0.297292 0.798896
v 0.867901 0.235081 0.817163
v 0.867901 0.180536 0.852217
v 0.867901 0.138077 0.901217
v 0.867901 0.111142 0.960195
v 0.867901 0.101915 1.024373
v 0.867901 0.111142 1.088550
v 0.867901 0.138077 1.147528
v 0.867901 0.180536 1.196529
v 0.867901 0.235081 1.231582
v 0.867901 0.297291 1.249849
v 0.867901 0.362129 1.249849
v 0.867901 0.424340 1.231582
v 0.867901 0.478884 1.196529
v 0.867901 0.521344 1.147528
v 0.867901 0.548278 1.088550
v 0.867895 0.520892 0.968237
v 0.867895 0.528963 1.024373
v 0.867895 0.497332 0.916649
v 0.867895 0.460193 0.873788
v 0.867895 0.412483 0.843126
v 0.867895 0.358067 0.827148
v 0.867895 0.301354 0.827148
v 0.867895 0.246938 0.843126
v 0.867895 0.199228 0.873788
v 0.867895 0.162088 0.916649
v 0.867895 0.138529 0.968237
v 0.867895 0.130458 1.024373
v 0.867895 0.138529 1.080508
v 0.867895 0.162088 1.132097
v 0.867895 0.199228 1.174957
v 0.867895 0.246938 1.205619
v 0.867895 0.301354 1.221597
v 0.867895 0.358067 1.221597
v 0.867895 0.412483 1.205619
v 0.867895 0.460193 1.174958
v 0.867895 0.497332 1.132097
v 0.867895 0.520891 1.080509
v 0.824103 0.357683 1.016159
v 0.832767 0.379891 0.966461
v 0.832767 0.361542 0.954670
v 0.832767 0.340615 0.948525
v 0.832767 0.297878 0.954670
v 0.832767 0.265247 0.982945
v 0.832767 0.256187 1.002784
v 0.832767 0.253083 1.024373
v 0.832767 0.279530 1.082284
v 0.832767 0.361542 1.094075
v 0.832767 0.379891 1.082284
v 0.832767 0.403234 1.002784
v 0.832767 0.406338 1.024373
v 0.824103 0.348802 1.002340
v 0.824103 0.341821 0.997854
v 0.824103 0.305185 1.008611
v 0.824103 0.301738 1.016159
v 0.824103 0.300557 1.024373
v 0.824103 0.301738 1.032586
v 0.824103 0.305185 1.040134
v 0.824103 0.317599 1.050892
v 0.824103 0.325561 1.053229
v 0.824103 0.341821 1.050892
v 0.824103 0.348802 1.046405
v 0.809666 0.394173 0.982945
v 0.809666 0.403234 1.045961
v 0.809666 0.394173 1.065801
v 0.809666 0.379891 0.966461
v 0.809666 0.318805 0.948525
v 0.809665 0.297878 0.954670
v 0.809666 0.253083 1.024373
v 0.809666 0.256187 1.045961
v 0.809666 0.279530 1.082284
v 0.809666 0.340615 1.100220
v 0.809666 0.379891 1.082284
v 0.832767 0.394173 0.982945
v 0.824103 0.354236 1.008611
v 0.824103 0.333859 0.995516
v 0.824103 0.325561 0.995516
v 0.824103 0.317599 0.997854
v 0.824103 0.310619 1.002340
v 0.824103 0.310619 1.046405
v 0.824103 0.333859 1.053229
v 0.824103 0.354236 1.040134
v 0.832767 0.403234 1.045961
v 0.832767 0.394173 1.065801
v 0.824103 0.358864 1.024373
v 0.832767 0.318805 0.948525
v 0.832767 0.279530 0.966462
v 0.832767 0.256187 1.045961
v 0.832767 0.265247 1.065801
v 0.832767 0.297878 1.094075
v 0.832767 0.318805 1.100220
v 0.832767 0.340615 1.100220
v 0.824103 0.357683 1.032586
v 0.809666 0.403234 1.002784
v 0.809666 0.406338 1.024373
v 0.809666 0.361542 0.954670
v 0.809666 0.340615 0.948525
v 0.809666 0.279530 0.966462
v 0.809666 0.265247 0.982945
v 0.809666 0.256187 1.002784
v 0.809666 0.265247 1.065801
v 0.809666 0.297878 1.094075
v 0.809666 0.318805 1.100220
v 0.809666 0.361542 1.094075
v 0.808298 0.394173 0.982945
v 0.808298 0.394173 1.065801
v 0.844429 0.560956 1.024373
v 0.829564 0.406338 1.024373
v 0.829564 0.394173 0.982945
v 0.869806 0.560956 1.024373
v 0.869806 0.560956 1.060606
v 0.835785 0.420655 1.043254
v 0.835392 0.413995 0.988139
v 0.808298 0.406338 1.024373
v 0.808298 0.403234 1.045961
v 0.869806 0.531688 0.993775
v 0.808298 0.403234 1.002784
v 0.844429 0.560956 1.005491
v 0.844429 0.560956 0.988139
v 0.844429 0.560956 1.043254
v 0.844429 0.560956 1.060606
v 0.829564 0.403234 1.002784
v 0.813601 0.413995 1.060606
v 0.844429 0.531688 0.993775
v 0.813601 0.413995 0.988139
v 0.835392 0.413995 1.060606
v 0.844429 0.531688 1.054970
v 0.829564 0.394173 1.065801
v 0.829564 0.403234 1.045961
v 0.869806 0.560956 1.043254
v 0.869806 0.560956 1.005491
v 0.869806 0.560956 0.988139
v 0.838673 0.422937 1.024373
v 0.869806 0.533014 1.008428
v 0.869806 0.533014 1.040317
v 0.872778 0.533469 1.024373
v 0.835785 0.420655 1.005491
v 0.869806 0.531688 1.054970
v 0.808300 0.341929 0.948726
v 0.808300 0.403597 1.004062
v 0.844429 0.484152 0.852261
v 0.829567 0.380887 0.967340
v 0.829567 0.341929 0.948726
v 0.869806 0.484152 0.852261
v 0.869806 0.511120 0.876461
v 0.835764 0.404503 0.969295
v 0.835359 0.359033 0.937442
v 0.808300 0.380887 0.967340
v 0.808300 0.394882 0.984069
v 0.869806 0.441831 0.853610
v 0.808300 0.362746 0.955232
v 0.844429 0.470098 0.839651
v 0.844429 0.457183 0.828062
v 0.844429 0.498205 0.864872
v 0.844429 0.511120 0.876461
v 0.829567 0.362746 0.955232
v 0.813636 0.412969 0.985841
v 0.844429 0.441831 0.853610
v 0.813571 0.359033 0.937442
v 0.835430 0.412969 0.985841
v 0.844429 0.487378 0.894480
v 0.829567 0.403597 1.004063
v 0.829567 0.394882 0.984069
v 0.869806 0.498205 0.864872
v 0.869806 0.470098 0.839651
v 0.869806 0.457183 0.828062
v 0.838675 0.391973 0.954986
v 0.869806 0.453623 0.862409
v 0.869806 0.477358 0.883707
v 0.872778 0.465794 0.872719
v 0.835812 0.376396 0.944074
v 0.869806 0.487378 0.894480
v 0.808303 0.277940 0.967878
v 0.808303 0.359593 0.953812
v 0.844429 0.290453 0.796484
v 0.829571 0.316702 0.948857
v 0.829571 0.277940 0.967878
v 0.869806 0.290453 0.796484
v 0.869806 0.326161 0.790333
v 0.835830 0.332879 0.931543
v 0.835429 0.279694 0.947462
v 0.808303 0.316702 0.948857
v 0.808303 0.338504 0.948251
v 0.869806 0.265268 0.830521
v 0.808303 0.295953 0.955581
v 0.844429 0.271845 0.799689
v 0.844429 0.254745 0.802635
v 0.844429 0.309061 0.793279
v 0.844429 0.326161 0.790333
v 0.829571 0.295953 0.955581
v 0.813555 0.351110 0.935160
v 0.844429 0.265268 0.830521
v 0.813635 0.279694 0.947462
v 0.835341 0.351110 0.935160
v 0.844429 0.325575 0.820132
v 0.829571 0.359593 0.953812
v 0.829571 0.338504 0.948251
v 0.869806 0.309061 0.793279
v 0.869806 0.271845 0.799689
v 0.869806 0.254745 0.802635
v 0.838679 0.313884 0.932500
v 0.869806 0.279483 0.826726
v 0.869806 0.310910 0.821313
v 0.872778 0.295119 0.823572
v 0.835753 0.295663 0.937953
v 0.869806 0.325575 0.820132
v 0.808388 0.253549 1.032816
v 0.808388 0.290392 0.958601
v 0.844429 0.122584 0.921548
v 0.829664 0.261075 0.990300
v 0.829664 0.253549 1.032816
v 0.869806 0.122584 0.921548
v 0.869806 0.138695 0.889093
v 0.835805 0.256647 0.967021
v 0.835294 0.238105 1.019349
v 0.808388 0.261075 0.990300
v 0.808388 0.273455 0.972343
v 0.869806 0.135193 0.961968
v 0.808388 0.254256 1.011017
v 0.844429 0.114188 0.938460
v 0.844429 0.106472 0.954002
v 0.844429 0.130980 0.904635
v 0.844429 0.138695 0.889093
v 0.829664 0.254256 1.011017
v 0.813488 0.270328 0.954440
v 0.844429 0.135193 0.961968
v 0.813511 0.238105 1.019349
v 0.835269 0.270328 0.954440
v 0.844429 0.162404 0.907155
v 0.829664 0.290392 0.958601
v 0.829664 0.273455 0.972343
v 0.869806 0.130980 0.904635
v 0.869806 0.114188 0.938460
v 0.869806 0.106472 0.954002
v 0.838778 0.246207 0.982919
v 0.869806 0.140521 0.948254
v 0.869806 0.154701 0.919690
v 0.872778 0.147204 0.933770
v 0.835736 0.239855 1.000846
v 0.869806 0.162404 0.907155
v 0.808299 0.297046 1.093689
v 0.808299 0.253088 1.023455
v 0.844429 0.133691 1.147055
v 0.829566 0.264756 1.065026
v 0.829566 0.297046 1.093689
v 0.869806 0.133691 1.147055
v 0.869806 0.114468 1.116341
v 0.835770 0.242602 1.056616
v 0.835369 0.277488 1.099802
v 0.808299 0.264756 1.065026
v 0.808299 0.255934 1.045079
v 0.869806 0.174734 1.157464
v 0.808299 0.278840 1.081679
v 0.844429 0.143709 1.163060
v 0.844429 0.152915 1.177769
v 0.844429 0.123674 1.131050
v 0.844429 0.114468 1.116341
v 0.829566 0.278840 1.081679
v 0.813625 0.239042 1.038374
v 0.844429 0.174734 1.157464
v 0.813579 0.277488 1.099802
v 0.835418 0.239042 1.038374
v 0.844429 0.142268 1.105591
v 0.829566 0.253088 1.023455
v 0.829566 0.255934 1.045079
v 0.869806 0.123674 1.131050
v 0.869806 0.143709 1.163060
v 0.869806 0.152915 1.177769
v 0.838674 0.250686 1.073832
v 0.869806 0.165835 1.145747
v 0.869806 0.148917 1.118716
v 0.872778 0.156991 1.132472
v 0.835803 0.262637 1.088627
v 0.869806 0.142268 1.105591
v 0.808298 0.361436 1.094124
v 0.808298 0.279441 1.082207
v 0.844429 0.296450 1.253213
v 0.829564 0.318689 1.100203
v 0.829564 0.361436 1.094124
v 0.869806 0.296450 1.253213
v 0.869806 0.260593 1.248002
v 0.835783 0.297944 1.111656
v 0.835389 0.353445 1.112993
v 0.808298 0.318689 1.100203
v 0.808298 0.297771 1.094026
v 0.869806 0.330939 1.228651
v 0.808298 0.340499 1.100237
v 0.844429 0.315135 1.255929
v 0.844429 0.332307 1.258425
v 0.844429 0.277764 1.250497
v 0.844429 0.260593 1.248002
v 0.829564 0.340499 1.100237
v 0.813604 0.281730 1.102569
v 0.844429 0.330939 1.228651
v 0.813598 0.353445 1.112993
v 0.835395 0.281730 1.102569
v 0.844429 0.270380 1.219849
v 0.829564 0.279441 1.082207
v 0.829564 0.297771 1.094026
v 0.869806 0.277764 1.250497
v 0.869806 0.315135 1.255929
v 0.869806 0.332307 1.258425
v 0.838673 0.316301 1.116629
v 0.869806 0.316247 1.227856
v 0.869806 0.284690 1.223269
v 0.872778 0.300403 1.226012
v 0.835787 0.335315 1.117087
v 0.869806 0.270380 1.219849
v 0.808298 0.403197 1.046087
v 0.808298 0.340485 1.100239
v 0.844429 0.480843 1.199396
v 0.829564 0.379791 1.082370
v 0.829564 0.403197 1.046087
v 0.869806 0.480843 1.199396
v 0.869806 0.453419 1.223077
v 0.835783 0.374857 1.105547
v 0.835389 0.412220 1.064484
v 0.808298 0.379791 1.082370
v 0.808298 0.361423 1.094130
v 0.869806 0.484874 1.157247
v 0.808298 0.394102 1.065911
v 0.844429 0.495134 1.187056
v 0.844429 0.508268 1.175715
v 0.844429 0.466552 1.211736
v 0.844429 0.453419 1.223077
v 0.829565 0.394102 1.065911
v 0.813604 0.357371 1.111846
v 0.844429 0.484874 1.157247
v 0.813598 0.412220 1.064484
v 0.835396 0.357371 1.111846
v 0.844429 0.438556 1.197242
v 0.829564 0.340485 1.100239
v 0.829564 0.361423 1.094130
v 0.869806 0.466552 1.211736
v 0.869806 0.495134 1.187056
v 0.869806 0.508268 1.175715
v 0.838673 0.390639 1.094933
v 0.869806 0.474650 1.167827
v 0.869806 0.450514 1.188669
v 0.872778 0.462879 1.178592
v 0.835787 0.403439 1.080866
v 0.869806 0.438556 1.197242
v 0.832767 0.403234 1.002784
v 0.832767 0.406338 1.024373
v 0.832767 0.361542 0.954670
v 0.832767 0.379891 0.966461
v 0.832767 0.340615 0.948525
v 0.832767 0.256187 1.002784
v 0.832767 0.265247 0.982945
v 0.832767 0.253083 1.024373
v 0.832767 0.379891 1.082284
v 0.832767 0.361542 1.094075
v 0.832767 0.403234 1.045961
v 0.832767 0.394173 1.065801
v 0.832767 0.265247 1.065801
v 0.832767 0.256187 1.045961
v 0.832767 0.318805 1.100220
v 0.832767 0.297878 1.094075
v 0.832767 0.340615 1.100220
v 0.832767 0.394173 0.982945
v 0.832767 0.318805 0.948525
v 0.832767 0.297878 0.954670
v 0.832767 0.279530 0.966462
v 0.832767 0.279530 1.082284
v 0.829564 0.394173 0.982945
v 0.808298 0.394173 0.982945
v 0.835392 0.413995 0.988139
v 0.869806 0.531688 0.993775
v 0.869806 0.560956 0.988139
v 0.869806 0.560956 0.988139
v 0.869806 0.560956 1.005491
v 0.835392 0.413995 1.060606
v 0.829564 0.394173 1.065801
v 0.869806 0.531688 1.054970
v 0.844429 0.560956 0.988139
v 0.808298 0.394173 1.065801
v 0.844429 0.560956 1.060606
v 0.869806 0.560956 1.060606
v 0.869806 0.560956 1.060606
v 0.869806 0.560956 1.024373
v 0.869806 0.560956 1.043254
v 0.829567 0.341929 0.948726
v 0.808300 0.341929 0.948726
v 0.835359 0.359033 0.937442
v 0.869806 0.441831 0.853610
v 0.869806 0.457183 0.828062
v 0.869806 0.457183 0.828062
v 0.869806 0.470098 0.839651
v 0.835430 0.412969 0.985841
v 0.829567 0.403597 1.004063
v 0.869806 0.487378 0.894480
v 0.844429 0.457183 0.828062
v 0.808300 0.403597 1.004062
v 0.844429 0.511120 0.876461
v 0.869806 0.511120 0.876461
v 0.869806 0.511120 0.876461
v 0.869806 0.484152 0.852261
v 0.869806 0.498205 0.864872
v 0.829571 0.277940 0.967878
v 0.808303 0.277940 0.967878
v 0.835429 0.279694 0.947462
v 0.869806 0.265268 0.830521
v 0.869806 0.254745 0.802635
v 0.869806 0.254745 0.802635
v 0.869806 0.271845 0.799689
v 0.835341 0.351110 0.935160
v 0.829571 0.359593 0.953812
v 0.869806 0.325575 0.820132
v 0.844429 0.254745 0.802635
v 0.808303 0.359593 0.953812
v 0.844429 0.326161 0.790333
v 0.869806 0.326161 0.790333
v 0.869806 0.326161 0.790333
v 0.869806 0.290453 0.796484
v 0.869806 0.309061 0.793279
v 0.829664 0.253549 1.032816
v 0.808388 0.253549 1.032816
v 0.835294 0.238105 1.019349
v 0.869806 0.135193 0.961968
v 0.869806 0.106472 0.954002
v 0.869806 0.106472 0.954002
v 0.869806 0.114188 0.938460
v 0.835269 0.270328 0.954440
v 0.829664 0.290392 0.958601
v 0.869806 0.162404 0.907155
v 0.844429 0.106472 0.954002
v 0.808388 0.290392 0.958601
v 0.844429 0.138695 0.889093
v 0.869806 0.138695 0.889093
v 0.869806 0.138695 0.889093
v 0.869806 0.122584 0.921548
v 0.869806 0.130980 0.904635
v 0.829566 0.297046 1.093689
v 0.808299 0.297046 1.093689
v 0.835369 0.277488 1.099802
v 0.869806 0.174734 1.157464
v 0.869806 0.152915 1.177769
v 0.869806 0.152915 1.177769
v 0.869806 0.143709 1.163060
v 0.835418 0.239042 1.038374
v 0.829566 0.253088 1.023455
v 0.869806 0.142268 1.105591
v 0.844429 0.152915 1.177769
v 0.808299 0.253088 1.023455
v 0.844429 0.114468 1.116341
v 0.869806 0.114468 1.116341
v 0.869806 0.114468 1.116341
v 0.869806 0.133691 1.147055
v 0.869806 0.123674 1.131050
v 0.829564 0.361436 1.094124
v 0.808298 0.361436 1.094124
v 0.835389 0.353445 1.112993
v 0.869806 0.330939 1.228651
v 0.869806 0.332307 1.258425
v 0.869806 0.332307 1.258425
v 0.869806 0.315135 1.255929
v 0.835395 0.281730 1.102569
v 0.829564 0.279441 1.082207
v 0.869806 0.270380 1.219849
v 0.844429 0.332307 1.258425
v 0.808298 0.279441 1.082207
v 0.844429 0.260593 1.248002
v 0.869806 0.260593 1.248002
v 0.869806 0.260593 1.248002
v 0.869806 0.296450 1.253213
v 0.869806 0.277764 1.250497
v 0.829564 0.403197 1.046087
v 0.808298 0.403197 1.046087
v 0.835389 0.412220 1.064484
v 0.869806 0.484874 1.157247
v 0.869806 0.508268 1.175715
v 0.869806 0.508268 1.175715
v 0.869806 0.495134 1.187056
v 0.835396 0.357371 1.111846
v 0.829564 0.340485 1.100239
v 0.869806 0.438556 1.197242
v 0.844429 0.508268 1.175715
v 0.808298 0.340485 1.100239
v 0.844429 0.453419 1.223077
v 0.869806 0.453419 1.223077
v 0.869806 0.453419 1.223077
v 0.869806 0.480843 1.199396
v 0.869806 0.466552 1.211736
vn -0.4135 0.9105 -0.0000
vn 0.3687 0.9295 -0.0000
vn 0.3687 0.8919 -0.2619
vn -0.4135 0.8736 -0.2565
vn 0.3687 0.7820 -0.5025
vn -0.4135 0.7660 -0.4923
vn 0.3687 0.6087 -0.7025
vn -0.4135 0.5963 -0.6881
vn 0.3687 0.3861 -0.8455
vn -0.4135 0.3782 -0.8282
vn 0.3687 0.1323 -0.9201
vn -0.4135 0.1296 -0.9013
vn 0.3687 -0.1323 -0.9201
vn -0.4135 -0.1296 -0.9013
vn 0.3687 -0.3861 -0.8455
vn -0.4135 -0.3782 -0.8282
vn 0.3687 -0.6087 -0.7025
vn -0.4135 -0.5963 -0.6881
vn 0.3687 -0.7820 -0.5025
vn -0.4135 -0.7660 -0.4923
vn 0.3687 -0.8919 -0.2619
vn -0.4135 -0.8736 -0.2565
vn 0.3687 -0.9295 -0.0000
vn -0.4135 -0.9105 -0.0000
vn 0.3687 -0.8919 0.2619
vn -0.4135 -0.8736 0.2565
vn 0.3687 -0.7820 0.5025
vn -0.4135 -0.7660 0.4923
vn 0.3687 -0.6087 0.7025
vn -0.4135 -0.5963 0.6881
vn 0.3687 -0.3861 0.8455
vn -0.4135 -0.3782 0.8282
vn 0.3687 -0.1323 0.9201
vn -0.4135 -0.1296 0.9013
vn 0.3687 0.1323 0.9201
vn -0.4135 0.1296 0.9013
vn 0.3687 0.3861 0.8455
vn -0.4135 0.3782 0.8282
vn 0.3687 0.6087 0.7025
vn -0.4135 0.5963 0.6881
vn 0.3687 0.7820 0.5025
vn -0.4135 0.7660 0.4923
vn 0.9103 0.0589 -0.4098
vn 0.9103 -0.0589 -0.4098
vn 0.3687 0.8919 0.2619
vn -0.4135 0.8736 0.2565
vn -0.9317 0.1509 -0.3304
vn -0.9317 0.2379 -0.2745
vn 0.9031 -0.3613 0.2322
vn 0.9031 -0.4120 0.1210
vn 0.8685 -0.4756 0.1396
vn 0.8685 -0.4170 0.2680
vn 0.9103 -0.3972 -0.1166
vn 0.9103 -0.4140 -0.0000
vn 0.9103 -0.1720 0.3766
vn 0.9103 -0.0589 0.4098
vn 0.9103 0.3483 0.2238
vn 0.9103 0.3972 0.1166
vn 0.9103 0.2711 -0.3129
vn 0.9103 0.1720 -0.3766
vn 0.9103 -0.2711 -0.3129
vn 0.9103 -0.3483 -0.2238
vn 0.9103 -0.3483 0.2238
vn 0.9103 -0.2711 0.3129
vn 0.9103 0.1720 0.3766
vn 0.9103 0.2711 0.3129
vn 0.9103 0.3972 -0.1166
vn 0.9103 0.3483 -0.2238
vn 0.9103 -0.1720 -0.3766
vn 0.9103 -0.3972 0.1166
vn 0.9103 0.0589 0.4098
vn 0.9103 0.4140 -0.0000
vn -0.9317 0.3632 -0.0000
vn -0.9317 0.3485 -0.1023
vn -0.9317 0.3056 -0.1964
vn -0.9317 0.0517 -0.3595
vn -0.9317 -0.0517 -0.3595
vn -0.9317 -0.1509 -0.3304
vn -0.9317 -0.2379 -0.2745
vn -0.9317 -0.3056 -0.1964
vn -0.9317 -0.3485 -0.1023
vn -0.9317 -0.3632 -0.0000
vn -0.9317 -0.3485 0.1023
vn -0.9317 -0.3056 0.1964
vn -0.9317 -0.2379 0.2745
vn -0.9317 -0.1509 0.3304
vn -0.9317 -0.0517 0.3595
vn -0.9317 0.0517 0.3595
vn -0.9317 0.1509 0.3304
vn -0.9317 0.2379 0.2745
vn -0.9317 0.3056 0.1964
vn -0.9317 0.3485 0.1023
vn 0.9031 -0.4294 -0.0000
vn 0.9031 -0.2812 0.3245
vn 0.9031 -0.1784 0.3906
vn 0.9031 -0.0611 0.4250
vn 0.9031 0.0611 0.4250
vn 0.9031 0.1784 0.3906
vn 0.9031 0.2812 0.3245
vn 0.9031 0.3613 0.2322
vn 0.9031 0.4120 0.1210
vn 0.9031 0.4294 -0.0000
vn 0.9031 0.4120 -0.1210
vn 0.9031 0.3613 -0.2322
vn 0.9031 0.2812 -0.3245
vn 0.9031 0.1784 -0.3906
vn 0.9031 0.0611 -0.4250
vn 0.9031 -0.0611 -0.4250
vn 0.9031 -0.1784 -0.3906
vn 0.9031 -0.2812 -0.3245
vn 0.9031 -0.3613 -0.2322
vn 0.9031 -0.4120 -0.1210
vn 0.8685 0.4756 0.1396
vn 0.8685 0.4169 0.2680
vn 1.0000 0.0002 0.0001
vn 0.8685 0.0705 -0.4906
vn 0.8685 -0.0705 -0.4906
vn 0.8685 -0.3246 0.3746
vn 0.8685 -0.2059 -0.4508
vn 0.8685 0.4956 -0.0000
vn 0.8685 -0.2059 0.4508
vn 0.8685 -0.3246 -0.3746
vn 0.8685 0.4756 -0.1396
vn 0.8685 -0.0705 0.4906
vn 0.8685 -0.4169 -0.2680
vn 0.8685 0.4169 -0.2680
vn 0.8685 0.0705 0.4906
vn 0.8685 -0.4756 -0.1396
vn 0.8685 0.3246 -0.3746
vn 0.8685 0.2059 0.4508
vn 0.8685 -0.4956 -0.0000
vn 0.8685 0.2059 -0.4508
vn 0.8685 0.3246 0.3746
vn 1.0000 -0.0002 0.0001
vn 1.0000 -0.0001 0.0002
vn 1.0000 -0.0000 -0.0002
vn 1.0000 -0.0001 -0.0002
vn 1.0000 0.0002 -0.0000
vn 1.0000 0.0002 -0.0001
vn 1.0000 -0.0000 0.0002
vn 1.0000 -0.0002 -0.0001
vn 1.0000 0.0001 -0.0002
vn 1.0000 0.0001 0.0002
vn 1.0000 -0.0002 -0.0000
vn 0.9993 0.0366 -0.0075
vn 0.9993 0.0372 0.0031
vn 0.9916 -0.0631 -0.1125
vn 0.9916 -0.0289 -0.1257
vn 0.9993 0.0220 0.0302
vn 0.9993 0.0127 0.0351
vn 0.9993 0.0022 0.0373
vn 0.9993 -0.0084 0.0364
vn 0.9993 -0.0183 0.0326
vn 0.9993 -0.0267 0.0261
vn 0.9993 -0.0330 0.0175
vn 0.9993 -0.0366 0.0075
vn 0.9993 -0.0372 -0.0031
vn 0.9993 -0.0349 -0.0134
vn 0.9993 -0.0297 -0.0227
vn 0.9993 -0.0221 -0.0302
vn 0.9993 -0.0127 -0.0351
vn 0.9993 -0.0022 -0.0373
vn 0.9993 0.0084 -0.0364
vn 0.9993 0.0183 -0.0326
vn 0.9993 0.0267 -0.0261
vn 0.9993 0.0330 -0.0175
vn 0.9831 -0.1747 0.0545
vn 0.9836 -0.1802 0.0046
vn 0.9831 -0.1522 0.1015
vn 0.9831 -0.1175 0.1403
vn 0.9831 -0.0732 0.1677
vn 0.9831 -0.0230 0.1815
vn 0.9831 0.0291 0.1806
vn 0.9831 0.0788 0.1651
vn 0.9831 0.1221 0.1362
vn 0.9831 0.1555 0.0963
vn 0.9831 0.1764 0.0486
vn 0.9831 0.1829 -0.0031
vn 0.9831 0.1747 -0.0545
vn 0.9831 0.1522 -0.1015
vn 0.9831 0.1175 -0.1402
vn 0.9830 0.0740 -0.1681
vn 0.9830 0.0236 -0.1821
vn 0.9831 -0.0291 -0.1806
vn 0.9831 -0.0788 -0.1651
vn 0.9831 -0.1221 -0.1362
vn 0.9832 -0.1556 -0.0954
vn 0.9830 -0.1769 -0.0493
vn -0.0035 0.9585 -0.2852
vn -0.0000 0.9595 -0.2817
vn -0.0000 1.0000 -0.0000
vn -0.0000 1.0000 -0.0050
vn -0.0034 -0.8432 -0.5377
vn -0.0000 -0.8413 -0.5406
vn -0.0000 -0.6549 -0.7558
vn -0.0034 -0.6575 -0.7534
vn -0.0035 0.1459 0.9893
vn -0.0000 0.1423 0.9898
vn -0.0000 -0.1423 0.9898
vn -0.0043 -0.1394 0.9902
vn -0.0034 0.8393 -0.5436
vn -0.0000 0.8413 -0.5406
vn -0.0035 -0.9605 -0.2783
vn -0.0000 -0.9595 -0.2817
vn -0.0035 0.6521 -0.7581
vn -0.0000 0.6549 -0.7557
vn -0.0035 0.4187 0.9081
vn -0.0000 0.4154 0.9096
vn -0.0035 -1.0000 0.0036
vn -0.0000 -1.0000 -0.0000
vn -0.0035 0.4122 -0.9111
vn -0.0000 0.4154 -0.9096
vn -0.0034 0.6575 0.7534
vn -0.0000 0.6549 0.7558
vn -0.0035 -0.9585 0.2852
vn -0.0000 -0.9595 0.2817
vn -0.0035 0.1388 -0.9903
vn -0.0000 0.1423 -0.9898
vn -0.0029 0.8436 0.5369
vn -0.0000 0.8413 0.5406
vn -0.0034 -0.8393 0.5436
vn -0.0000 -0.8413 0.5406
vn -0.0035 -0.1459 -0.9893
vn -0.0000 -0.1423 -0.9898
vn -0.0043 0.9603 0.2789
vn -0.0000 0.9595 0.2817
vn -0.0034 -0.6522 0.7581
vn -0.0000 -0.6549 0.7557
vn -0.0035 -0.4187 -0.9081
vn -0.0000 -0.4154 -0.9096
vn -0.0044 -0.4127 0.9109
vn -0.0000 -0.4154 0.9096
vn -0.0064 0.9998 0.0192
vn -0.0116 0.9996 -0.0250
vn -0.0000 -0.9096 0.4154
vn 0.7072 -0.3120 0.6345
vn 0.4777 -0.8688 0.1305
vn -0.0000 0.2535 -0.9673
vn -0.0000 0.1682 -0.9857
vn -0.0373 0.1436 -0.9889
vn -0.5188 0.2167 -0.8270
vn -0.0000 0.1682 0.9857
vn -0.0000 0.2535 0.9673
vn 0.1419 0.6994 0.7005
vn -0.0313 0.1494 0.9883
vn 0.5576 -0.8300 0.0098
vn 0.4777 -0.8688 -0.1304
vn -0.0000 0.9944 -0.1060
vn 0.9881 -0.1350 -0.0742
vn 0.9898 -0.1343 0.0485
vn 0.9978 0.0111 0.0651
vn 0.9944 -0.1041 -0.0200
vn 0.9906 -0.1283 -0.0481
vn 0.9803 -0.1953 0.0291
vn 0.9964 -0.0531 0.0666
vn 0.9981 0.0164 -0.0592
vn 0.9365 -0.3192 0.1452
vn 0.9428 -0.3333 0.0017
vn -0.2388 -0.8870 -0.3952
vn 0.9412 -0.3377 -0.0103
vn 0.9348 -0.3264 -0.1397
vn -0.0000 -0.0621 -0.9981
vn -0.0000 -0.1891 -0.9820
vn -0.0590 -0.2487 -0.9668
vn -0.0005 -0.0384 -0.9993
vn -0.0000 -0.9096 -0.4154
vn -0.0000 -0.1891 0.9820
vn -0.0000 -0.0621 0.9981
vn -0.0406 -0.0831 0.9957
vn -0.1060 -0.1880 0.9764
vn 0.9935 -0.1142 -0.0002
vn 0.9988 0.0490 -0.0000
vn 0.9324 -0.3615 0.0002
vn -0.0614 0.9964 0.0590
vn -0.0000 0.6679 -0.7443
vn -0.0064 0.6820 -0.7313
vn -0.0116 0.6490 -0.7607
vn -0.0000 -0.4311 0.9023
vn -0.0000 -0.2983 0.9545
vn 0.7071 0.2639 0.6560
vn 0.4779 -0.4835 0.7334
vn -0.0000 -0.5507 -0.8347
vn -0.0000 -0.6213 -0.7835
vn -0.0373 -0.6401 -0.7674
vn -0.5188 -0.4708 -0.7136
vn -0.0000 0.8460 0.5331
vn -0.0000 0.8893 0.4574
vn 0.1427 0.9884 -0.0525
vn -0.0313 0.8353 0.5488
vn -0.0000 -0.8505 0.5260
vn -0.0000 -0.6679 0.7443
vn 0.5576 -0.5467 0.6246
vn 0.4775 -0.6777 0.5592
vn -0.0000 0.5852 -0.8109
vn 0.9880 -0.1461 0.0503
vn 0.9898 -0.0538 0.1322
vn 0.9978 0.0558 0.0352
vn 0.9944 -0.0844 0.0641
vn 0.9906 -0.1216 0.0632
vn 0.9803 -0.1095 0.1642
vn 0.9964 0.0141 0.0840
vn 0.9981 -0.0331 -0.0517
vn 0.9369 -0.1062 0.3332
vn 0.9428 -0.2218 0.2488
vn -0.2388 -0.8868 0.3957
vn 0.9412 -0.2336 0.2440
vn 0.9345 -0.3235 0.1487
vn -0.0000 -0.7843 -0.6203
vn -0.0000 -0.8571 -0.5151
vn -0.0590 -0.8856 -0.4606
vn -0.0005 -0.7694 -0.6388
vn -0.0000 -0.9167 0.3996
vn -0.0000 0.6046 0.7966
vn -0.0000 0.7013 0.7128
vn -0.0406 0.6856 0.7269
vn -0.1060 0.6012 0.7921
vn 0.9935 -0.0762 0.0851
vn 0.9988 0.0327 -0.0365
vn 0.9324 -0.2408 0.2697
vn -0.0614 0.7094 -0.7022
vn -0.0000 -0.1698 -0.9855
vn -0.0064 -0.1509 -0.9885
vn -0.0116 -0.1943 -0.9809
vn -0.0000 0.4405 0.8977
vn -0.0000 0.5638 0.8259
vn 0.7072 0.6783 0.1996
vn 0.4777 0.2765 0.8339
vn -0.0000 -0.9963 -0.0856
vn -0.0000 -1.0000 0.0015
vn -0.0373 -0.9990 0.0263
vn -0.5188 -0.8518 -0.0732
vn -0.0000 0.9429 -0.3331
vn -0.0000 0.9103 -0.4140
vn 0.1406 0.5715 -0.8085
vn -0.0313 0.9485 -0.3151
vn -0.0000 -0.1148 0.9934
vn -0.0000 0.1698 0.9855
vn 0.5576 0.1500 0.8164
vn 0.4780 0.0198 0.8781
vn -0.0000 -0.2733 -0.9619
vn 0.9882 -0.0488 0.1454
vn 0.9897 0.0710 0.1240
vn 0.9978 0.0622 -0.0220
vn 0.9944 -0.0021 0.1060
vn 0.9906 -0.0254 0.1346
vn 0.9803 0.0629 0.1874
vn 0.9964 0.0746 0.0410
vn 0.9981 -0.0611 -0.0061
vn 0.9362 0.1992 0.2897
vn 0.9429 0.0587 0.3279
vn -0.2388 -0.2379 0.9415
vn 0.9412 0.0480 0.3344
vn 0.9354 -0.0796 0.3444
vn -0.0000 -0.9730 0.2307
vn -0.0000 -0.9356 0.3531
vn -0.0590 -0.9105 0.4092
vn -0.0005 -0.9782 0.2075
vn -0.0000 -0.2550 0.9670
vn -0.0000 0.9998 0.0196
vn -0.0000 0.9941 -0.1082
vn -0.0406 0.9954 -0.0871
vn -0.1060 0.9942 0.0195
vn 0.9935 0.0187 0.1126
vn 0.9988 -0.0083 -0.0483
vn 0.9324 0.0606 0.3564
vn -0.0614 -0.1110 -0.9919
vn -0.0000 -0.8957 -0.4447
vn -0.0064 -0.8870 -0.4617
vn -0.0116 -0.9065 -0.4221
vn -0.0000 0.9847 0.1743
vn -0.0000 0.9995 0.0324
vn 0.7064 0.5604 -0.4324
vn 0.4814 0.8336 0.2709
vn -0.0000 -0.6572 0.7537
vn -0.0000 -0.5888 0.8083
vn -0.0373 -0.5685 0.8218
vn -0.5188 -0.5618 0.6444
vn -0.0000 0.2879 -0.9577
vn -0.0000 0.2031 -0.9792
vn 0.1369 -0.3163 -0.9387
vn -0.0314 0.3054 -0.9517
vn -0.0000 0.7341 0.6790
vn -0.0000 0.8957 0.4447
vn 0.5589 0.7468 0.3604
vn 0.4810 0.7202 0.4999
vn -0.0000 -0.9378 -0.3472
vn 0.9882 0.0890 0.1247
vn 0.9897 0.1425 0.0148
vn 0.9978 0.0190 -0.0632
vn 0.9944 0.0843 0.0642
vn 0.9905 0.0929 0.1014
vn 0.9803 0.1878 0.0615
vn 0.9964 0.0771 -0.0360
vn 0.9981 -0.0410 0.0457
vn 0.9389 0.3441 0.0129
vn 0.9437 0.2956 0.1486
vn -0.2375 0.6201 0.7477
vn 0.9420 0.2977 0.1552
vn 0.9374 0.2285 0.2626
vn -0.0000 -0.3882 0.9216
vn -0.0000 -0.2673 0.9636
vn -0.0590 -0.2071 0.9765
vn -0.0005 -0.4099 0.9121
vn -0.0000 0.6300 0.7766
vn -0.0000 0.6060 -0.7955
vn -0.0000 0.4994 -0.8664
vn -0.0406 0.5172 -0.8549
vn -0.1060 0.6026 -0.7910
vn 0.9935 0.1018 0.0513
vn 0.9988 -0.0439 -0.0218
vn 0.9329 0.3222 0.1608
vn -0.0614 -0.8662 -0.4959
vn -0.0000 -0.8477 0.5305
vn -0.0064 -0.8577 0.5142
vn -0.0116 -0.8341 0.5515
vn -0.0000 0.6639 -0.7479
vn -0.0000 0.5507 -0.8347
vn 0.7071 -0.0722 -0.7034
vn 0.4778 0.6674 -0.5712
vn -0.0000 0.2983 0.9545
vn -0.0000 0.3804 0.9248
vn -0.0373 0.4029 0.9145
vn -0.5188 0.2550 0.8160
vn -0.0000 -0.6656 -0.7463
vn -0.0000 -0.7281 -0.6855
vn 0.1425 -0.9644 -0.2229
vn -0.0313 -0.6510 -0.7585
vn -0.0000 0.9628 -0.2702
vn -0.0000 0.8477 -0.5305
vn 0.5576 0.6982 -0.4489
vn 0.4776 0.8059 -0.3500
vn -0.0000 -0.7867 0.6174
vn 0.9880 0.1542 -0.0082
vn 0.9898 0.0882 -0.1122
vn 0.9978 -0.0439 -0.0493
vn 0.9944 0.0989 -0.0382
vn 0.9906 0.1343 -0.0272
vn 0.9803 0.1505 -0.1277
vn 0.9964 0.0097 -0.0846
vn 0.9981 0.0175 0.0589
vn 0.9367 0.1940 -0.2913
vn 0.9428 0.2818 -0.1779
vn -0.2388 0.9616 -0.1352
vn 0.9412 0.2919 -0.1701
vn 0.9346 0.3516 -0.0538
vn -0.0000 0.5822 0.8131
vn -0.0000 0.6813 0.7321
vn -0.0590 0.7237 0.6876
vn -0.0005 0.5627 0.8267
vn -0.0000 0.9915 -0.1305
vn -0.0000 -0.3607 -0.9327
vn -0.0000 -0.4768 -0.8790
vn -0.0406 -0.4578 -0.8881
vn -0.1060 -0.3586 -0.9274
vn 0.9935 0.0968 -0.0606
vn 0.9988 -0.0415 0.0260
vn 0.9324 0.3061 -0.1924
vn -0.0614 -0.8759 0.4786
vn -0.0000 -0.1438 0.9896
vn -0.0064 -0.1628 0.9866
vn -0.0116 -0.1191 0.9928
vn -0.0000 -0.1408 -0.9900
vn -0.0000 -0.2803 -0.9599
vn 0.7072 -0.5830 -0.4000
vn 0.4777 -0.0041 -0.8785
vn -0.0000 0.9208 0.3900
vn -0.0000 0.9513 0.3083
vn -0.0373 0.9580 0.2844
vn -0.5188 0.7872 0.3334
vn -0.0000 -0.9997 0.0247
vn -0.0000 -0.9937 0.1117
vn 0.1420 -0.7938 0.5913
vn -0.0313 -0.9995 0.0057
vn -0.0000 0.4168 -0.9090
vn -0.0000 0.1438 -0.9896
vn 0.5576 0.1096 -0.8228
vn 0.4777 0.2541 -0.8410
vn -0.0000 -0.0381 0.9993
vn 0.9881 0.0930 -0.1229
vn 0.9898 -0.0287 -0.1399
vn 0.9978 -0.0660 0.0016
vn 0.9944 0.0348 -0.1001
vn 0.9906 0.0660 -0.1200
vn 0.9803 -0.0006 -0.1975
vn 0.9964 -0.0582 -0.0621
vn 0.9981 0.0562 0.0248
vn 0.9365 -0.0976 -0.3368
vn 0.9428 0.0463 -0.3301
vn -0.2388 0.5187 -0.8209
vn 0.9412 0.0588 -0.3327
vn 0.9348 0.1854 -0.3029
vn -0.0000 0.9966 0.0821
vn -0.0000 0.9989 -0.0459
vn -0.0590 0.9925 -0.1070
vn -0.0005 0.9944 0.1057
vn -0.0000 0.5419 -0.8404
vn -0.0000 -0.9445 -0.3284
vn -0.0000 -0.9788 -0.2051
vn -0.0406 -0.9734 -0.2255
vn -0.1060 -0.9392 -0.3265
vn 0.9935 0.0166 -0.1130
vn 0.9988 -0.0070 0.0485
vn 0.9324 0.0517 -0.3578
vn -0.0614 -0.2017 0.9775
vn -0.0000 0.6536 0.7569
vn -0.0064 0.6389 0.7692
vn -0.0116 0.6722 0.7403
vn -0.0000 -0.8403 -0.5421
vn -0.0000 -0.9089 -0.4170
vn 0.7071 -0.6841 0.1786
vn 0.4777 -0.6665 -0.5723
vn -0.0000 0.8978 -0.4404
vn -0.0000 0.8560 -0.5169
vn -0.0373 0.8424 -0.5376
vn -0.5188 0.7676 -0.3765
vn -0.0000 -0.6361 0.7716
vn -0.0000 -0.5665 0.8241
vn 0.1420 -0.0731 0.9872
vn -0.0313 -0.6503 0.7590
vn -0.0000 -0.4138 -0.9103
vn -0.0000 -0.6536 -0.7569
vn 0.5576 -0.5499 -0.6218
vn 0.4777 -0.4690 -0.7428
vn -0.0000 0.7301 0.6833
vn 0.9881 -0.0320 -0.1508
vn 0.9898 -0.1244 -0.0699
vn 0.9978 -0.0420 0.0509
vn 0.9944 -0.0528 -0.0919
vn 0.9906 -0.0474 -0.1285
vn 0.9803 -0.1496 -0.1289
vn 0.9964 -0.0851 0.0033
vn 0.9981 0.0555 -0.0263
vn 0.9365 -0.3184 -0.1468
vn 0.9428 -0.2191 -0.2512
vn -0.2388 -0.2806 -0.9297
vn 0.9412 -0.2128 -0.2624
vn 0.9348 -0.1075 -0.3385
vn -0.0000 0.7148 -0.6993
vn -0.0000 0.6196 -0.7849
vn -0.0590 0.5692 -0.8201
vn -0.0005 0.7312 -0.6821
vn -0.0000 -0.2801 -0.9600
vn -0.0000 -0.8668 0.4986
vn -0.0000 -0.7960 0.6053
vn -0.0406 -0.8080 0.5878
vn -0.1060 -0.8619 0.4958
vn 0.9935 -0.0745 -0.0866
vn 0.9988 0.0320 0.0371
vn 0.9324 -0.2365 -0.2734
vn -0.0614 0.6065 0.7927
vt 1.000000 0.500000
vt 1.000000 1.000000
vt 0.954545 1.000000
vt 0.954545 0.500000
vt 0.909091 1.000000
vt 0.909091 0.500000
vt 0.863636 1.000000
vt 0.863636 0.500000
vt 0.818182 1.000000
vt 0.818182 0.500000
vt 0.772727 1.000000
vt 0.772727 0.500000
vt 0.727273 1.000000
vt 0.727273 0.500000
vt 0.681818 1.000000
vt 0.681818 0.500000
vt 0.636364 1.000000
vt 0.636364 0.500000
vt 0.590909 1.000000
vt 0.590909 0.500000
vt 0.545454 1.000000
vt 0.545454 0.500000
vt 0.500000 1.000000
vt 0.500000 0.500000
vt 0.454545 1.000000
vt 0.454545 0.500000
vt 0.409091 1.000000
vt 0.409091 0.500000
vt 0.363636 1.000000
vt 0.363636 0.500000
vt 0.318182 1.000000
vt 0.318182 0.500000
vt 0.272727 1.000000
vt 0.272727 0.500000
vt 0.227272 1.000000
vt 0.227272 0.500000
vt 0.181818 1.000000
vt 0.181818 0.500000
vt 0.136363 1.000000
vt 0.136363 0.500000
vt 0.090909 1.000000
vt 0.090909 0.500000
vt 0.045454 1.000000
vt 0.045454 0.500000
vt -0.000000 1.000000
vt -0.000000 0.500000
vt 0.351566 0.408040
vt 0.302927 0.430253
vt 0.750000 0.490000
vt 0.817616 0.480278
vt 0.879754 0.451901
vt 0.931380 0.407167
vt 0.968312 0.349700
vt 0.987557 0.284156
vt 0.987557 0.215844
vt 0.968312 0.150300
vt 0.931380 0.092833
vt 0.879754 0.048099
vt 0.817616 0.019722
vt 0.750000 0.010000
vt 0.682384 0.019722
vt 0.620246 0.048099
vt 0.568620 0.092833
vt 0.531688 0.150300
vt 0.512443 0.215844
vt 0.512443 0.284155
vt 0.531688 0.349699
vt 0.568620 0.407166
vt 0.620246 0.451901
vt 0.682384 0.480278
vt 0.250000 0.437863
vt 0.317616 0.480278
vt 0.250000 0.490000
vt 0.379754 0.451901
vt 0.391977 0.373024
vt 0.431380 0.407167
vt 0.420886 0.328041
vt 0.468312 0.349700
vt 0.435950 0.276736
vt 0.487557 0.284156
vt 0.435950 0.223264
vt 0.487557 0.215844
vt 0.420886 0.171959
vt 0.468312 0.150300
vt 0.391977 0.126976
vt 0.431380 0.092833
vt 0.351566 0.091960
vt 0.379754 0.048099
vt 0.302927 0.069747
vt 0.317616 0.019722
vt 0.250000 0.062137
vt 0.250000 0.010000
vt 0.197073 0.069747
vt 0.182384 0.019722
vt 0.148434 0.091960
vt 0.120246 0.048099
vt 0.108023 0.126976
vt 0.068620 0.092833
vt 0.079114 0.171959
vt 0.031688 0.150300
vt 0.064049 0.223264
vt 0.012443 0.215844
vt 0.064049 0.276735
vt 0.012443 0.284155
vt 0.079114 0.328041
vt 0.031688 0.349699
vt 0.108023 0.373024
vt 0.068620 0.407166
vt 0.148434 0.408040
vt 0.120246 0.451901
vt 0.197073 0.430253
vt 0.182384 0.480278
vt 0.283336 0.363533
vt 0.250000 0.368326
vt 0.216663 0.363533
vt 0.186028 0.349543
vt 0.160575 0.327487
vt 0.142366 0.299154
vt 0.132878 0.266840
vt 0.132878 0.233160
vt 0.142366 0.200845
vt 0.160575 0.172513
vt 0.186028 0.150458
vt 0.216664 0.136467
vt 0.250000 0.131674
vt 0.283336 0.136467
vt 0.313972 0.150458
vt 0.339425 0.172513
vt 0.357633 0.200845
vt 0.367122 0.233160
vt 0.367122 0.266840
vt 0.357634 0.299155
vt 0.339425 0.327487
vt 0.313972 0.349543
vt 0.000000 0.000000
vt 0.302927 0.430253
vt 0.250000 0.437863
s 1
usemtl Material.006
f 1820/817/1739 1821/818/1740 1823/819/1741 1822/820/1742
f 1822/820/1742 1823/819/1741 1825/821/1743 1824/822/1744
f 1824/822/1744 1825/821/1743 1827/823/1745 1826/824/1746
f 1826/824/1746 1827/823/1745 1829/825/1747 1828/826/1748
f 1828/826/1748 1829/825/1747 1831/827/1749 1830/828/1750
f 1830/828/1750 1831/827/1749 1833/829/1751 1832/830/1752
f 1832/830/1752 1833/829/1751 1835/831/1753 1834/832/1754
f 1834/832/1754 1835/831/1753 1837/833/1755 1836/834/1756
f 1836/834/1756 1837/833/1755 1839/835/1757 1838/836/1758
f 1838/836/1758 1839/835/1757 1841/837/1759 1840/838/1760
f 1840/838/1760 1841/837/1759 1843/839/1761 1842/840/1762
f 1842/840/1762 1843/839/1761 1845/841/1763 1844/842/1764
f 1844/842/1764 1845/841/1763 1847/843/1765 1846/844/1766
f 1846/844/1766 1847/843/1765 1849/845/1767 1848/846/1768
f 1848/846/1768 1849/845/1767 1851/847/1769 1850/848/1770
f 1850/848/1770 1851/847/1769 1853/849/1771 1852/850/1772
f 1852/850/1772 1853/849/1771 1855/851/1773 1854/852/1774
f 1854/852/1774 1855/851/1773 1857/853/1775 1856/854/1776
f 1856/854/1776 1857/853/1775 1859/855/1777 1858/856/1778
f 1858/856/1778 1859/855/1777 1861/857/1779 1860/858/1780
f 1833/829/1751 1831/827/1749 1913/827/1781 1914/829/1782
f 1860/858/1780 1861/857/1779 1863/859/1783 1862/860/1784
f 1862/860/1784 1863/859/1783 1821/861/1740 1820/862/1739
f 1826/824/1746 1828/826/1748 1890/826/1785 1889/824/1786
f 1843/839/1761 1841/837/1759 1918/837/1791 1919/839/1792
f 1853/849/1771 1851/847/1769 1923/847/1793 1924/849/1794
f 1863/859/1783 1861/857/1779 1928/857/1795 1929/859/1796
f 1829/825/1747 1827/823/1745 1911/823/1797 1912/825/1798
f 1839/835/1757 1837/833/1755 1916/833/1799 1917/835/1800
f 1849/845/1767 1847/843/1765 1921/843/1801 1922/845/1802
f 1859/855/1777 1857/853/1775 1926/853/1803 1927/855/1804
f 1825/821/1743 1823/819/1741 1908/819/1805 1910/821/1806
f 1835/831/1753 1833/829/1751 1914/829/1782 1915/831/1807
f 1845/841/1763 1843/839/1761 1919/839/1792 1920/841/1808
f 1855/851/1773 1853/849/1771 1924/849/1794 1925/851/1809
f 1821/861/1740 1863/859/1783 1929/859/1796 1909/861/1810
f 1831/827/1749 1829/825/1747 1912/825/1798 1913/827/1781
f 1841/837/1759 1839/835/1757 1917/835/1800 1918/837/1791
f 1851/847/1769 1849/845/1767 1922/845/1802 1923/847/1793
f 1861/857/1779 1859/855/1777 1927/855/1804 1928/857/1795
f 1827/823/1745 1825/821/1743 1910/821/1806 1911/823/1797
f 1837/833/1755 1835/831/1753 1915/831/1807 1916/833/1799
f 1823/819/1741 1821/818/1740 1909/818/1810 1908/819/1805
f 1847/843/1765 1845/841/1763 1920/841/1808 1921/843/1801
f 1857/853/1775 1855/851/1773 1925/851/1809 1926/853/1803
f 1886/865/1811 1887/866/1812 1888/867/1813 1889/868/1786 1890/869/1785 1891/870/1814 1892/871/1815 1893/872/1816 1894/873/1817 1895/874/1818 1896/875/1819 1897/876/1820 1898/877/1821 1899/878/1822 1900/879/1823 1901/880/1824 1902/881/1825 1903/882/1826 1904/883/1827 1905/884/1828 1906/885/1829 1907/886/1830
f 1836/834/1756 1838/836/1758 1895/836/1818 1894/834/1817
f 1846/844/1766 1848/846/1768 1900/846/1823 1899/844/1822
f 1856/854/1776 1858/856/1778 1905/856/1828 1904/854/1827
f 1822/820/1742 1824/822/1744 1888/822/1813 1887/820/1812
f 1832/830/1752 1834/832/1754 1893/832/1816 1892/830/1815
f 1842/840/1762 1844/842/1764 1898/842/1821 1897/840/1820
f 1852/850/1772 1854/852/1774 1903/852/1826 1902/850/1825
f 1862/860/1784 1820/862/1739 1886/862/1811 1907/860/1830
f 1828/826/1748 1830/828/1750 1891/828/1814 1890/826/1785
f 1838/836/1758 1840/838/1760 1896/838/1819 1895/836/1818
f 1848/846/1768 1850/848/1770 1901/848/1824 1900/846/1823
f 1858/856/1778 1860/858/1780 1906/858/1829 1905/856/1828
f 1824/822/1744 1826/824/1746 1889/824/1786 1888/822/1813
f 1834/832/1754 1836/834/1756 1894/834/1817 1893/832/1816
f 1820/817/1739 1822/820/1742 1887/820/1812 1886/817/1811
f 1844/842/1764 1846/844/1766 1899/844/1822 1898/842/1821
f 1854/852/1774 1856/854/1776 1904/854/1827 1903/852/1826
f 1830/828/1750 1832/830/1752 1892/830/1815 1891/828/1814
f 1840/838/1760 1842/840/1762 1897/840/1820 1896/838/1819
f 1850/848/1770 1852/850/1772 1902/850/1825 1901/848/1824
f 1860/858/1780 1862/860/1784 1907/860/1830 1906/858/1829
f 1865/887/1831 1864/864/1788 1908/888/1805 1909/889/1810
f 1864/864/1788 1866/863/1787 1910/890/1806 1908/888/1805
f 1866/863/1787 1867/891/1832 1911/892/1797 1910/890/1806
f 1867/891/1832 1868/893/1833 1912/894/1798 1911/892/1797
f 1868/893/1833 1869/895/1834 1913/896/1781 1912/894/1798
f 1869/895/1834 1870/897/1835 1914/898/1782 1913/896/1781
f 1870/897/1835 1871/899/1836 1915/900/1807 1914/898/1782
f 1871/899/1836 1872/901/1837 1916/902/1799 1915/900/1807
f 1872/901/1837 1873/903/1838 1917/904/1800 1916/902/1799
f 1873/903/1838 1874/905/1839 1918/906/1791 1917/904/1800
f 1874/905/1839 1875/907/1840 1919/908/1792 1918/906/1791
f 1875/907/1840 1876/909/1841 1920/910/1808 1919/908/1792
f 1876/909/1841 1877/911/1842 1921/912/1801 1920/910/1808
f 1877/911/1842 1878/913/1843 1922/914/1802 1921/912/1801
f 1878/913/1843 1879/915/1844 1923/916/1793 1922/914/1802
f 1879/915/1844 1880/917/1845 1924/918/1794 1923/916/1793
f 1880/917/1845 1881/919/1846 1925/920/1809 1924/918/1794
f 1881/919/1846 1882/921/1847 1926/922/1803 1925/920/1809
f 1882/921/1847 1883/923/1848 1927/924/1804 1926/922/1803
f 1883/923/1848 1884/925/1849 1928/926/1795 1927/924/1804
f 1884/925/1849 1885/927/1850 1929/928/1796 1928/926/1795
f 1885/927/1850 1865/887/1831 1909/889/1810 1929/928/1796
f 1974/929/1883 2020/930/1884 2028/931/1885 2017/932/1886 1997/933/1887 1996/934/1888 2016/935/1889 1995/936/1890 1994/937/1891 2015/938/1892 1993/939/1893 1992/940/1894 1991/941/1895 1990/942/1896 1989/943/1897 2014/944/1898 2013/945/1899 2012/946/1900 2011/947/1901 1988/948/1902 1987/949/1903 2010/950/1904
f 2047/927/1998 2068/953/2011 2071/953/2009 2070/927/1988
f 2068/953/2011 2072/864/1996 2069/952/1991 2071/953/2009
f 2081/927/2044 2102/953/2057 2105/953/2055 2104/927/2034
f 2102/953/2057 2106/864/2042 2103/952/2037 2105/953/2055
f 2115/927/2090 2136/953/2103 2139/953/2101 2138/927/2080
f 2136/953/2103 2140/864/2088 2137/952/2083 2139/953/2101
f 2149/927/2136 2170/953/2149 2173/953/2147 2172/927/2126
f 2170/953/2149 2174/864/2134 2171/952/2129 2173/953/2147
f 2183/927/2182 2204/953/2195 2207/953/2193 2206/927/2172
f 2204/953/2195 2208/864/2180 2205/952/2175 2207/953/2193
f 2217/927/2228 2238/953/2241 2241/953/2239 2240/927/2218
f 2238/953/2241 2242/864/2226 2239/952/2221 2241/953/2239
f 2251/927/2274 2272/953/2287 2275/953/2285 2274/927/2264
f 2272/953/2287 2276/864/2272 2273/952/2267 2275/953/2285
usemtl Material.007
f 1866/863/1787 1864/864/1788 1930/864/1789 1932/863/1790
f 1940/905/1851 1939/903/1852 1961/903/1853 1962/905/1853
f 1881/919/1846 1880/917/1845 1946/917/1854 1947/919/1855
f 1874/905/1839 1873/903/1838 1939/903/1852 1940/905/1851
f 1867/891/1832 1866/863/1787 1932/863/1790 1933/891/1856
f 1882/921/1847 1881/919/1846 1947/919/1855 1948/921/1857
f 1875/907/1840 1874/905/1839 1940/905/1851 1941/907/1858
f 1868/893/1833 1867/891/1832 1933/891/1856 1934/893/1859
f 1883/923/1848 1882/921/1847 1948/921/1857 1949/923/1860
f 1876/909/1841 1875/907/1840 1941/907/1858 1942/909/1861
f 1869/895/1834 1868/893/1833 1934/893/1859 1935/895/1862
f 1884/925/1849 1883/923/1848 1949/923/1860 1950/925/1863
f 1877/911/1842 1876/909/1841 1942/909/1861 1943/911/1864
f 1870/897/1835 1869/895/1834 1935/895/1862 1936/897/1865
f 1885/927/1850 1884/925/1849 1950/925/1863 1951/927/1866
f 1878/913/1843 1877/911/1842 1943/911/1864 1944/913/1867
f 1871/899/1836 1870/897/1835 1936/897/1865 1937/899/1868
f 1865/887/1831 1885/927/1850 1951/927/1866 1931/887/1869
f 1879/915/1844 1878/913/1843 1944/913/1867 1945/915/1870
f 1872/901/1837 1871/899/1836 1937/899/1868 1938/901/1871
f 1864/864/1788 1865/887/1831 1931/887/1869 1930/864/1789
f 1880/917/1845 1879/915/1844 1945/915/1870 1946/917/1854
f 1873/903/1838 1872/901/1837 1938/901/1871 1939/903/1852
f 1933/891/1856 1932/863/1790 1954/863/1872 1955/891/1873
f 1948/921/1857 1947/919/1855 1969/919/1874 1970/921/1875
f 1941/907/1858 1940/905/1851 1962/905/1853 1963/907/1876
f 1934/893/1859 1933/891/1856 1955/891/1873 1956/893/1873
f 1949/923/1860 1948/921/1857 1970/921/1875 1971/923/1875
f 1942/909/1861 1941/907/1858 1963/907/1876 1964/909/1877
f 1935/895/1862 1934/893/1859 1956/893/1873 1957/895/1878
f 1950/925/1863 1949/923/1860 1971/923/1875 1972/925/1879
f 1943/911/1864 1942/909/1861 1964/909/1877 1965/911/1877
f 1936/897/1865 1935/895/1862 1957/895/1878 1958/897/1878
f 1951/927/1866 1950/925/1863 1972/925/1879 1973/927/1879
f 1944/913/1867 1943/911/1864 1965/911/1877 1966/913/1880
f 1937/899/1868 1936/897/1865 1958/897/1878 1959/899/1881
f 1931/887/1869 1951/927/1866 1973/927/1879 1953/887/1882
f 1945/915/1870 1944/913/1867 1966/913/1880 1967/915/1880
f 1938/901/1871 1937/899/1868 1959/899/1881 1960/901/1881
f 1930/864/1789 1931/887/1869 1953/887/1882 1952/864/1872
f 1946/917/1854 1945/915/1870 1967/915/1880 1968/917/1874
f 1939/903/1852 1938/901/1871 1960/901/1881 1961/903/1853
f 1932/863/1790 1930/864/1789 1952/864/1872 1954/863/1872
f 1947/919/1855 1946/917/1854 1968/917/1874 1969/919/1874
f 2020/930/1884 1974/929/1883 2278/864/1905 2279/887/1906
f 1974/929/1883 2010/950/1904 2295/863/1907 2278/864/1905
f 2010/950/1904 1987/949/1903 2281/891/1908 2295/863/1907
f 1987/949/1903 1988/948/1902 2280/893/1909 2281/891/1908
f 1988/948/1902 2011/947/1901 2282/895/1910 2280/893/1909
f 2011/947/1901 2012/946/1900 2296/897/1911 2282/895/1910
f 2012/946/1900 2013/945/1899 1978/899/1912 2296/897/1911
f 2013/945/1899 2014/944/1898 2298/901/1913 1978/899/1912
f 2014/944/1898 1989/943/1897 2284/903/1914 2298/901/1913
f 1989/943/1897 1990/942/1896 2283/905/1915 2284/903/1914
f 1990/942/1896 1991/941/1895 2285/907/1916 2283/905/1915
f 1991/941/1895 1992/940/1894 2291/909/1917 2285/907/1916
f 1992/940/1894 1993/939/1893 2290/911/1918 2291/909/1917
f 1993/939/1893 2015/938/1892 1982/913/1919 2290/911/1918
f 2015/938/1892 1994/937/1891 2293/915/1920 1982/913/1919
f 1994/937/1891 1995/936/1890 2292/917/1921 2293/915/1920
f 1995/936/1890 2016/935/1889 2294/919/1922 2292/917/1921
f 2016/935/1889 1996/934/1888 2287/921/1923 2294/919/1922
f 1996/934/1888 1997/933/1887 2286/923/1924 2287/921/1923
f 1997/933/1887 2017/932/1886 2019/925/1925 2286/923/1924
f 2028/931/1885 2020/930/1884 2279/887/1906 2018/927/1926
f 1985/864/1927 2029/864/1928 2030/887/1929 1986/887/1930
f 1979/903/1931 2034/903/1932 2033/901/1933 2022/901/1934
f 2027/919/1935 2007/919/1936 2038/917/1937 2026/917/1938
f 2009/863/1939 1998/863/1940 2029/864/1928 1985/864/1927
f 1980/905/1941 2035/905/1942 2034/903/1932 1979/903/1931
f 1975/891/1943 2001/891/1944 1998/863/1940 2009/863/1939
f 1983/921/1945 2039/921/1946 2007/919/1936 2027/919/1935
f 1981/907/1947 2004/907/1948 2035/905/1942 1980/905/1941
f 1976/893/1949 2031/893/1950 2001/891/1944 1975/891/1943
f 1984/923/1951 2008/923/1952 2039/921/1946 1983/921/1945
f 2023/909/1953 2005/909/1954 2004/907/1948 1981/907/1947
f 1977/895/1955 2032/895/1956 2031/893/1950 1976/893/1949
f 2289/925/1957 2000/925/1958 2008/923/1952 1984/923/1951
f 2024/911/1959 2036/911/1960 2005/909/1954 2023/909/1953
f 2021/897/1961 2002/897/1962 2032/895/1956 1977/895/1955
f 2288/927/1963 1999/927/1964 2000/925/1958 2289/925/1957
f 2299/913/1965 2006/913/1966 2036/911/1960 2024/911/1959
f 2297/899/1967 2003/899/1968 2002/897/1962 2021/897/1961
f 1986/887/1930 2030/887/1929 1999/927/1964 2288/927/1963
f 2025/915/1969 2037/915/1970 2006/913/1966 2299/913/1965
f 2022/901/1934 2033/901/1933 2003/899/1968 2297/899/1967
f 2017/932/1886 2028/931/1885 2018/927/1926 2019/925/1925
f 2026/917/1938 2038/917/1937 2037/915/1970 2025/915/1969
f 2053/951/1929 2042/951/1929 2315/951/1929 2066/951/1971
f 2042/951/1929 2055/951/1929 2316/951/1972 2315/951/1929
f 2052/864/1954 2301/863/1973 2300/863/1974 2057/864/1975
f 2040/951/1976 2060/951/1977 2302/951/1978 2044/951/1979
f 2058/951/1980 2041/951/1981 2063/951/1982 2307/951/1983
f 2050/927/1942 2049/887/1948 2043/887/1984 2064/927/1985
f 2055/951/1929 2312/951/1929 2313/951/1986 2316/951/1972
f 2309/925/1987 2070/927/1988 2065/927/1989 2314/925/1990
f 2069/952/1991 2051/863/1992 2304/863/1993 2306/864/1994
f 2057/864/1975 2300/863/1974 2048/863/1995 2072/864/1996
f 2308/925/1997 2064/927/1985 2047/927/1998 2061/925/1999
f 2059/951/2000 2054/951/2001 2305/951/2002 2303/951/2003
f 2311/925/2004 2050/927/1942 2064/927/1985 2308/925/1997
f 2049/887/1948 2052/864/1954 2057/864/1975 2043/887/1984
f 2060/951/1977 2059/951/2000 2303/951/2003 2302/951/1978
f 2072/864/1996 2048/863/1995 2051/863/1992 2069/952/1991
f 2061/925/1999 2047/927/1998 2070/927/1988 2309/925/1987
f 2056/951/2005 2062/951/2006 2073/951/2007 2046/951/2008
f 2062/951/2006 2058/951/1980 2307/951/1983 2073/951/2007
f 2071/953/2009 2069/952/1991 2306/864/1994 2045/887/2010
f 2070/927/1988 2071/953/2009 2045/887/2010 2065/927/1989
f 2064/927/1985 2043/887/1984 2068/953/2011 2047/927/1998
f 2043/887/1984 2057/864/1975 2072/864/1996 2068/953/2011
f 2310/951/1929 2053/951/1929 2066/951/1971 2067/951/2012
f 2087/951/2013 2076/951/2013 2332/951/2013 2100/951/2014
f 2076/951/2013 2089/951/2013 2333/951/2015 2332/951/2013
f 2086/864/2016 2318/863/2017 2317/863/2018 2091/864/2019
f 2074/951/2020 2094/951/2021 2319/951/2022 2078/951/2023
f 2092/951/2024 2075/951/2025 2097/951/2026 2324/951/2027
f 2084/927/2028 2083/887/2029 2077/887/2030 2098/927/2031
f 2089/951/2013 2329/951/2013 2330/951/2032 2333/951/2015
f 2326/925/2033 2104/927/2034 2099/927/2035 2331/925/2036
f 2103/952/2037 2085/863/2038 2321/863/2039 2323/864/2040
f 2091/864/2019 2317/863/2018 2082/863/2041 2106/864/2042
f 2325/925/2043 2098/927/2031 2081/927/2044 2095/925/2045
f 2093/951/2046 2088/951/2047 2322/951/2048 2320/951/2049
f 2328/925/2050 2084/927/2028 2098/927/2031 2325/925/2043
f 2083/887/2029 2086/864/2016 2091/864/2019 2077/887/2030
f 2094/951/2021 2093/951/2046 2320/951/2049 2319/951/2022
f 2106/864/2042 2082/863/2041 2085/863/2038 2103/952/2037
f 2095/925/2045 2081/927/2044 2104/927/2034 2326/925/2033
f 2090/951/2051 2096/951/2052 2107/951/2053 2080/951/2054
f 2096/951/2052 2092/951/2024 2324/951/2027 2107/951/2053
f 2105/953/2055 2103/952/2037 2323/864/2040 2079/887/2056
f 2104/927/2034 2105/953/2055 2079/887/2056 2099/927/2035
f 2098/927/2031 2077/887/2030 2102/953/2057 2081/927/2044
f 2077/887/2030 2091/864/2019 2106/864/2042 2102/953/2057
f 2327/951/2013 2087/951/2013 2100/951/2014 2101/951/2058
f 2121/951/2059 2110/951/2059 2349/951/2059 2134/951/2060
f 2110/951/2059 2123/951/2059 2350/951/2061 2349/951/2059
f 2120/864/2062 2335/863/2063 2334/863/2064 2125/864/2065
f 2108/951/2066 2128/951/2067 2336/951/2068 2112/951/2069
f 2126/951/2070 2109/951/2071 2131/951/2072 2341/951/2073
f 2118/927/2074 2117/887/2075 2111/887/2076 2132/927/2077
f 2123/951/2059 2346/951/2059 2347/951/2078 2350/951/2061
f 2343/925/2079 2138/927/2080 2133/927/2081 2348/925/2082
f 2137/952/2083 2119/863/2084 2338/863/2085 2340/864/2086
f 2125/864/2065 2334/863/2064 2116/863/2087 2140/864/2088
f 2342/925/2089 2132/927/2077 2115/927/2090 2129/925/2091
f 2127/951/2092 2122/951/2093 2339/951/2094 2337/951/2095
f 2345/925/2096 2118/927/2074 2132/927/2077 2342/925/2089
f 2117/887/2075 2120/864/2062 2125/864/2065 2111/887/2076
f 2128/951/2067 2127/951/2092 2337/951/2095 2336/951/2068
f 2140/864/2088 2116/863/2087 2119/863/2084 2137/952/2083
f 2129/925/2091 2115/927/2090 2138/927/2080 2343/925/2079
f 2124/951/2097 2130/951/2098 2141/951/2099 2114/951/2100
f 2130/951/2098 2126/951/2070 2341/951/2073 2141/951/2099
f 2139/953/2101 2137/952/2083 2340/864/2086 2113/887/2102
f 2138/927/2080 2139/953/2101 2113/887/2102 2133/927/2081
f 2132/927/2077 2111/887/2076 2136/953/2103 2115/927/2090
f 2111/887/2076 2125/864/2065 2140/864/2088 2136/953/2103
f 2344/951/2059 2121/951/2059 2134/951/2060 2135/951/2104
f 2155/951/2105 2144/951/2105 2366/951/2105 2168/951/2106
f 2144/951/2105 2157/951/2105 2367/951/2107 2366/951/2105
f 2154/864/2108 2352/863/2109 2351/863/2110 2159/864/2111
f 2142/951/2112 2162/951/2113 2353/951/2114 2146/951/2115
f 2160/951/2116 2143/951/2117 2165/951/2118 2358/951/2119
f 2152/927/2120 2151/887/2121 2145/887/2122 2166/927/2123
f 2157/951/2105 2363/951/2105 2364/951/2124 2367/951/2107
f 2360/925/2125 2172/927/2126 2167/927/2127 2365/925/2128
f 2171/952/2129 2153/863/2130 2355/863/2131 2357/864/2132
f 2159/864/2111 2351/863/2110 2150/863/2133 2174/864/2134
f 2359/925/2135 2166/927/2123 2149/927/2136 2163/925/2137
f 2161/951/2138 2156/951/2139 2356/951/2140 2354/951/2141
f 2362/925/2142 2152/927/2120 2166/927/2123 2359/925/2135
f 2151/887/2121 2154/864/2108 2159/864/2111 2145/887/2122
f 2162/951/2113 2161/951/2138 2354/951/2141 2353/951/2114
f 2174/864/2134 2150/863/2133 2153/863/2130 2171/952/2129
f 2163/925/2137 2149/927/2136 2172/927/2126 2360/925/2125
f 2158/951/2143 2164/951/2144 2175/951/2145 2148/951/2146
f 2164/951/2144 2160/951/2116 2358/951/2119 2175/951/2145
f 2173/953/2147 2171/952/2129 2357/864/2132 2147/887/2148
f 2172/927/2126 2173/953/2147 2147/887/2148 2167/927/2127
f 2166/927/2123 2145/887/2122 2170/953/2149 2149/927/2136
f 2145/887/2122 2159/864/2111 2174/864/2134 2170/953/2149
f 2361/951/2105 2155/951/2105 2168/951/2106 2169/951/2150
f 2189/951/2151 2178/951/2151 2383/951/2151 2202/951/2152
f 2178/951/2151 2191/951/2151 2384/951/2153 2383/951/2151
f 2188/864/2154 2369/863/2155 2368/863/2156 2193/864/2157
f 2176/951/2158 2196/951/2159 2370/951/2160 2180/951/2161
f 2194/951/2162 2177/951/2163 2199/951/2164 2375/951/2165
f 2186/927/2166 2185/887/2167 2179/887/2168 2200/927/2169
f 2191/951/2151 2380/951/2151 2381/951/2170 2384/951/2153
f 2377/925/2171 2206/927/2172 2201/927/2173 2382/925/2174
f 2205/952/2175 2187/863/2176 2372/863/2177 2374/864/2178
f 2193/864/2157 2368/863/2156 2184/863/2179 2208/864/2180
f 2376/925/2181 2200/927/2169 2183/927/2182 2197/925/2183
f 2195/951/2184 2190/951/2185 2373/951/2186 2371/951/2187
f 2379/925/2188 2186/927/2166 2200/927/2169 2376/925/2181
f 2185/887/2167 2188/864/2154 2193/864/2157 2179/887/2168
f 2196/951/2159 2195/951/2184 2371/951/2187 2370/951/2160
f 2208/864/2180 2184/863/2179 2187/863/2176 2205/952/2175
f 2197/925/2183 2183/927/2182 2206/927/2172 2377/925/2171
f 2192/951/2189 2198/951/2190 2209/951/2191 2182/951/2192
f 2198/951/2190 2194/951/2162 2375/951/2165 2209/951/2191
f 2207/953/2193 2205/952/2175 2374/864/2178 2181/887/2194
f 2206/927/2172 2207/953/2193 2181/887/2194 2201/927/2173
f 2200/927/2169 2179/887/2168 2204/953/2195 2183/927/2182
f 2179/887/2168 2193/864/2157 2208/864/2180 2204/953/2195
f 2378/951/2151 2189/951/2151 2202/951/2152 2203/951/2196
f 2223/951/2197 2212/951/2197 2400/951/2197 2236/951/2198
f 2212/951/2197 2225/951/2197 2401/951/2199 2400/951/2197
f 2222/864/2200 2386/863/2201 2385/863/2202 2227/864/2203
f 2210/951/2204 2230/951/2205 2387/951/2206 2214/951/2207
f 2228/951/2208 2211/951/2209 2233/951/2210 2392/951/2211
f 2220/927/2212 2219/887/2213 2213/887/2214 2234/927/2215
f 2225/951/2197 2397/951/2197 2398/951/2216 2401/951/2199
f 2394/925/2217 2240/927/2218 2235/927/2219 2399/925/2220
f 2239/952/2221 2221/863/2222 2389/863/2223 2391/864/2224
f 2227/864/2203 2385/863/2202 2218/863/2225 2242/864/2226
f 2393/925/2227 2234/927/2215 2217/927/2228 2231/925/2229
f 2229/951/2230 2224/951/2231 2390/951/2232 2388/951/2233
f 2396/925/2234 2220/927/2212 2234/927/2215 2393/925/2227
f 2219/887/2213 2222/864/2200 2227/864/2203 2213/887/2214
f 2230/951/2205 2229/951/2230 2388/951/2233 2387/951/2206
f 2242/864/2226 2218/863/2225 2221/863/2222 2239/952/2221
f 2231/925/2229 2217/927/2228 2240/927/2218 2394/925/2217
f 2226/951/2235 2232/951/2236 2243/951/2237 2216/951/2238
f 2232/951/2236 2228/951/2208 2392/951/2211 2243/951/2237
f 2241/953/2239 2239/952/2221 2391/864/2224 2215/887/2240
f 2240/927/2218 2241/953/2239 2215/887/2240 2235/927/2219
f 2234/927/2215 2213/887/2214 2238/953/2241 2217/927/2228
f 2213/887/2214 2227/864/2203 2242/864/2226 2238/953/2241
f 2395/951/2197 2223/951/2197 2236/951/2198 2237/951/2242
f 2257/951/2243 2246/951/2243 2417/951/2243 2270/951/2244
f 2246/951/2243 2259/951/2243 2418/951/2245 2417/951/2243
f 2256/864/2246 2403/863/2247 2402/863/2248 2261/864/2249
f 2244/951/2250 2264/951/2251 2404/951/2252 2248/951/2253
f 2262/951/2254 2245/951/2255 2267/951/2256 2409/951/2257
f 2254/927/2258 2253/887/2259 2247/887/2260 2268/927/2261
f 2259/951/2243 2414/951/2243 2415/951/2262 2418/951/2245
f 2411/925/2263 2274/927/2264 2269/927/2265 2416/925/2266
f 2273/952/2267 2255/863/2268 2406/863/2269 2408/864/2270
f 2261/864/2249 2402/863/2248 2252/863/2271 2276/864/2272
f 2410/925/2273 2268/927/2261 2251/927/2274 2265/925/2275
f 2263/951/2276 2258/951/2277 2407/951/2278 2405/951/2279
f 2413/925/2280 2254/927/2258 2268/927/2261 2410/925/2273
f 2253/887/2259 2256/864/2246 2261/864/2249 2247/887/2260
f 2264/951/2251 2263/951/2276 2405/951/2279 2404/951/2252
f 2276/864/2272 2252/863/2271 2255/863/2268 2273/952/2267
f 2265/925/2275 2251/927/2274 2274/927/2264 2411/925/2263
f 2260/951/2281 2266/951/2282 2277/951/2283 2250/951/2284
f 2266/951/2282 2262/951/2254 2409/951/2257 2277/951/2283
f 2275/953/2285 2273/952/2267 2408/864/2270 2249/887/2286
f 2274/927/2264 2275/953/2285 2249/887/2286 2269/927/2265
f 2268/927/2261 2247/887/2260 2272/953/2287 2251/927/2274
f 2247/887/2260 2261/864/2249 2276/864/2272 2272/953/2287
f 2412/951/2243 2257/951/2243 2270/951/2244 2271/951/2288
o glr-wheel.Bk.R
v -0.677203 0.654037 -1.489969
v -0.874713 0.654037 -1.489969
v -0.677203 0.640899 -1.581342
v -0.874713 0.640899 -1.581342
v -0.677203 0.602551 -1.665313
v -0.874713 0.602551 -1.665313
v -0.677203 0.542099 -1.735078
v -0.874713 0.542099 -1.735078
v -0.677203 0.464440 -1.784986
v -0.874713 0.464440 -1.784986
v -0.677203 0.375866 -1.810994
v -0.874713 0.375866 -1.810994
v -0.677203 0.283553 -1.810994
v -0.874713 0.283553 -1.810994
v -0.677203 0.194980 -1.784986
v -0.874713 0.194980 -1.784986
v -0.677203 0.117321 -1.735078
v -0.874713 0.117321 -1.735078
v -0.677203 0.056869 -1.665312
v -0.874713 0.056869 -1.665312
v -0.677203 0.018521 -1.581341
v -0.874713 0.018521 -1.581341
v -0.677203 0.005384 -1.489968
v -0.874713 0.005384 -1.489968
v -0.677203 0.018521 -1.398595
v -0.874713 0.018521 -1.398595
v -0.677203 0.056870 -1.314624
v -0.874713 0.056870 -1.314624
v -0.677203 0.117322 -1.244859
v -0.874713 0.117322 -1.244859
v -0.677203 0.194980 -1.194950
v -0.874713 0.194980 -1.194950
v -0.677203 0.283554 -1.168943
v -0.874713 0.283554 -1.168943
v -0.677203 0.375867 -1.168943
v -0.874713 0.375867 -1.168943
v -0.677203 0.464441 -1.194951
v -0.874713 0.464440 -1.194951
v -0.677203 0.542099 -1.244859
v -0.874713 0.542099 -1.244859
v -0.677203 0.602551 -1.314624
v -0.874713 0.602551 -1.314624
v -0.677203 0.640899 -1.398595
v -0.874713 0.640899 -1.398595
v -0.888709 0.562891 -1.558437
v -0.888709 0.572735 -1.489969
v -0.888709 0.534155 -1.621358
v -0.888709 0.488857 -1.673634
v -0.888709 0.430666 -1.711031
v -0.888709 0.364296 -1.730519
v -0.888709 0.295124 -1.730519
v -0.888709 0.228754 -1.711031
v -0.888709 0.170563 -1.673634
v -0.888709 0.125265 -1.621357
v -0.888709 0.096530 -1.558436
v -0.888709 0.086685 -1.489968
v -0.888709 0.096530 -1.421500
v -0.888709 0.125265 -1.358579
v -0.888709 0.170563 -1.306302
v -0.888709 0.228754 -1.268905
v -0.888709 0.295124 -1.249417
v -0.888709 0.364296 -1.249417
v -0.888709 0.430666 -1.268905
v -0.888709 0.488858 -1.306303
v -0.888709 0.534156 -1.358579
v -0.888709 0.562891 -1.421500
v -0.665842 0.640181 -1.489969
v -0.665842 0.627605 -1.577438
v -0.665842 0.590895 -1.657822
v -0.665842 0.533025 -1.724607
v -0.665842 0.458684 -1.772383
v -0.665842 0.373895 -1.797279
v -0.665842 0.285525 -1.797279
v -0.665842 0.200735 -1.772382
v -0.665842 0.126395 -1.724606
v -0.665842 0.068525 -1.657821
v -0.665842 0.031815 -1.577438
v -0.665842 0.019239 -1.489968
v -0.665842 0.031815 -1.402498
v -0.665842 0.068525 -1.322115
v -0.665842 0.126395 -1.255330
v -0.665842 0.200736 -1.207554
v -0.665842 0.285526 -1.182657
v -0.665842 0.373895 -1.182657
v -0.665842 0.458685 -1.207554
v -0.665842 0.533026 -1.255330
v -0.665842 0.590895 -1.322115
v -0.665842 0.627605 -1.402498
v -0.888709 0.627605 -1.577438
v -0.888709 0.640181 -1.489969
v -0.888709 0.590895 -1.657822
v -0.888709 0.533025 -1.724607
v -0.888709 0.458684 -1.772383
v -0.888709 0.373894 -1.797279
v -0.888709 0.285525 -1.797279
v -0.888709 0.200735 -1.772382
v -0.888709 0.126395 -1.724606
v -0.888709 0.068525 -1.657821
v -0.888709 0.031815 -1.577438
v -0.888709 0.019239 -1.489968
v -0.888709 0.031815 -1.402498
v -0.888709 0.068525 -1.322115
v -0.888709 0.126395 -1.255330
v -0.888709 0.200736 -1.207554
v -0.888709 0.285526 -1.182657
v -0.888709 0.373895 -1.182657
v -0.888709 0.458685 -1.207554
v -0.888709 0.533026 -1.255330
v -0.888709 0.590895 -1.322115
v -0.888709 0.627605 -1.402498
v -0.866748 0.548278 -1.554146
v -0.866748 0.557505 -1.489969
v -0.866748 0.521344 -1.613124
v -0.866748 0.478884 -1.662125
v -0.866748 0.424340 -1.697178
v -0.866748 0.362129 -1.715445
v -0.866748 0.297291 -1.715445
v -0.866748 0.235080 -1.697178
v -0.866748 0.180536 -1.662124
v -0.866748 0.138076 -1.613123
v -0.866748 0.111142 -1.554145
v -0.866748 0.101915 -1.489968
v -0.866748 0.111142 -1.425791
v -0.866748 0.138077 -1.366813
v -0.866748 0.180536 -1.317812
v -0.866748 0.235081 -1.282758
v -0.866748 0.297292 -1.264492
v -0.866748 0.362129 -1.264492
v -0.866748 0.424340 -1.282759
v -0.866748 0.478884 -1.317812
v -0.866748 0.521344 -1.366813
v -0.866748 0.548278 -1.425791
v -0.866742 0.520891 -1.546104
v -0.866742 0.528963 -1.489969
v -0.866742 0.497332 -1.597692
v -0.866742 0.460193 -1.640553
v -0.866742 0.412482 -1.671215
v -0.866742 0.358067 -1.687193
v -0.866742 0.301353 -1.687193
v -0.866742 0.246937 -1.671215
v -0.866742 0.199227 -1.640553
v -0.866742 0.162088 -1.597692
v -0.866742 0.138529 -1.546104
v -0.866742 0.130458 -1.489968
v -0.866742 0.138529 -1.433832
v -0.866742 0.162088 -1.382244
v -0.866742 0.199228 -1.339383
v -0.866742 0.246938 -1.308722
v -0.866742 0.301354 -1.292744
v -0.866742 0.358067 -1.292744
v -0.866742 0.412483 -1.308722
v -0.866742 0.460193 -1.339383
v -0.866742 0.497332 -1.382244
v -0.866742 0.520892 -1.433832
v -0.822951 0.357683 -1.498182
v -0.831615 0.379891 -1.547879
v -0.831615 0.361542 -1.559671
v -0.831615 0.340615 -1.565816
v -0.831615 0.297878 -1.559671
v -0.831615 0.265247 -1.531396
v -0.831615 0.256187 -1.511557
v -0.831615 0.253083 -1.489968
v -0.831615 0.279530 -1.432057
v -0.831615 0.361542 -1.420265
v -0.831615 0.379891 -1.432057
v -0.831615 0.403234 -1.511557
v -0.831615 0.406338 -1.489968
v -0.822951 0.348802 -1.512001
v -0.822951 0.341821 -1.516487
v -0.822951 0.305185 -1.505730
v -0.822951 0.301738 -1.498182
v -0.822951 0.300557 -1.489968
v -0.822951 0.301738 -1.481755
v -0.822951 0.305185 -1.474207
v -0.822951 0.317600 -1.463449
v -0.822951 0.325561 -1.461112
v -0.822951 0.341821 -1.463449
v -0.822951 0.348802 -1.467936
v -0.808514 0.394173 -1.531396
v -0.808514 0.403234 -1.468380
v -0.808514 0.394173 -1.448540
v -0.808514 0.379891 -1.547879
v -0.808513 0.318805 -1.565816
v -0.808513 0.297878 -1.559671
v -0.808514 0.253083 -1.489968
v -0.808514 0.256187 -1.468380
v -0.808514 0.279530 -1.432057
v -0.808514 0.340616 -1.414121
v -0.808514 0.379891 -1.432057
v -0.831615 0.394173 -1.531396
v -0.822951 0.354236 -1.505730
v -0.822951 0.333859 -1.518825
v -0.822951 0.325561 -1.518825
v -0.822951 0.317599 -1.516487
v -0.822951 0.310619 -1.512001
v -0.822951 0.310619 -1.467936
v -0.822951 0.333859 -1.461112
v -0.822951 0.354236 -1.474207
v -0.831615 0.403234 -1.468380
v -0.831615 0.394173 -1.448540
v -0.822951 0.358864 -1.489968
v -0.831615 0.318805 -1.565816
v -0.831615 0.279530 -1.547879
v -0.831615 0.256187 -1.468380
v -0.831615 0.265247 -1.448540
v -0.831615 0.297878 -1.420265
v -0.831615 0.318805 -1.414121
v -0.831615 0.340616 -1.414121
v -0.822951 0.357683 -1.481755
v -0.808514 0.403234 -1.511557
v -0.808514 0.406338 -1.489968
v -0.808514 0.361542 -1.559671
v -0.808513 0.340615 -1.565816
v -0.808514 0.279530 -1.547879
v -0.808514 0.265247 -1.531396
v -0.808514 0.256187 -1.511557
v -0.808514 0.265247 -1.448540
v -0.808513 0.297878 -1.420265
v -0.808514 0.318805 -1.414121
v -0.808514 0.361542 -1.420265
v -0.807146 0.394173 -1.531396
v -0.807146 0.394173 -1.448540
v -0.843276 0.560956 -1.489969
v -0.828412 0.406338 -1.489968
v -0.828412 0.394173 -1.531396
v -0.868653 0.560956 -1.489969
v -0.868653 0.560956 -1.453735
v -0.834633 0.420655 -1.471087
v -0.834240 0.413995 -1.526202
v -0.807146 0.406338 -1.489968
v -0.807146 0.403234 -1.468380
v -0.868653 0.531688 -1.520566
v -0.807146 0.403234 -1.511557
v -0.843276 0.560956 -1.508850
v -0.843276 0.560956 -1.526202
v -0.843276 0.560956 -1.471087
v -0.843276 0.560956 -1.453735
v -0.828412 0.403234 -1.511557
v -0.812449 0.413995 -1.453735
v -0.843276 0.531688 -1.520566
v -0.812449 0.413995 -1.526202
v -0.834240 0.413995 -1.453735
v -0.843276 0.531688 -1.459371
v -0.828412 0.394173 -1.448540
v -0.828412 0.403234 -1.468380
v -0.868653 0.560956 -1.471087
v -0.868653 0.560956 -1.508850
v -0.868653 0.560956 -1.526202
v -0.837521 0.422937 -1.489968
v -0.868653 0.533014 -1.505913
v -0.868653 0.533014 -1.474024
v -0.871625 0.533469 -1.489969
v -0.834633 0.420655 -1.508850
v -0.868653 0.531688 -1.459371
v -0.807148 0.341929 -1.565615
v -0.807148 0.403597 -1.510278
v -0.843276 0.484151 -1.662080
v -0.828415 0.380887 -1.547001
v -0.828415 0.341929 -1.565615
v -0.868653 0.484151 -1.662080
v -0.868653 0.511120 -1.637880
v -0.834611 0.404503 -1.545046
v -0.834207 0.359033 -1.576899
v -0.807148 0.380887 -1.547001
v -0.807148 0.394882 -1.530272
v -0.868653 0.441831 -1.660732
v -0.807148 0.362746 -1.559109
v -0.843276 0.470098 -1.674690
v -0.843276 0.457183 -1.686279
v -0.843276 0.498205 -1.649469
v -0.843276 0.511120 -1.637880
v -0.828415 0.362746 -1.559109
v -0.812484 0.412969 -1.528500
v -0.843276 0.441831 -1.660732
v -0.812418 0.359033 -1.576899
v -0.834278 0.412969 -1.528500
v -0.843276 0.487378 -1.619861
v -0.828415 0.403597 -1.510278
v -0.828415 0.394882 -1.530272
v -0.868653 0.498205 -1.649469
v -0.868653 0.470098 -1.674690
v -0.868653 0.457183 -1.686279
v -0.837523 0.391973 -1.559355
v -0.868653 0.453623 -1.651932
v -0.868653 0.477358 -1.630635
v -0.871625 0.465794 -1.641622
v -0.834659 0.376396 -1.570267
v -0.868653 0.487378 -1.619861
v -0.807151 0.277940 -1.546463
v -0.807151 0.359593 -1.560529
v -0.843276 0.290453 -1.717857
v -0.828419 0.316701 -1.565483
v -0.828419 0.277940 -1.546463
v -0.868653 0.290453 -1.717857
v -0.868653 0.326160 -1.724008
v -0.834678 0.332879 -1.582798
v -0.834277 0.279694 -1.566878
v -0.807151 0.316701 -1.565483
v -0.807151 0.338504 -1.566090
v -0.868653 0.265268 -1.683820
v -0.807151 0.295953 -1.558760
v -0.843276 0.271845 -1.714651
v -0.843276 0.254745 -1.711706
v -0.843276 0.309060 -1.721062
v -0.843276 0.326160 -1.724008
v -0.828419 0.295953 -1.558760
v -0.812402 0.351109 -1.579181
v -0.843276 0.265268 -1.683820
v -0.812483 0.279694 -1.566878
v -0.834189 0.351109 -1.579181
v -0.843276 0.325575 -1.694209
v -0.828419 0.359593 -1.560529
v -0.828419 0.338504 -1.566090
v -0.868653 0.309060 -1.721062
v -0.868653 0.271845 -1.714651
v -0.868653 0.254745 -1.711706
v -0.837527 0.313884 -1.581841
v -0.868653 0.279483 -1.687614
v -0.868653 0.310909 -1.693028
v -0.871625 0.295119 -1.690769
v -0.834601 0.295663 -1.576387
v -0.868653 0.325575 -1.694209
v -0.807236 0.253549 -1.481525
v -0.807236 0.290392 -1.555739
v -0.843276 0.122584 -1.592793
v -0.828512 0.261075 -1.524041
v -0.828512 0.253549 -1.481525
v -0.868653 0.122584 -1.592793
v -0.868653 0.138695 -1.625248
v -0.834653 0.256647 -1.547320
v -0.834141 0.238105 -1.494991
v -0.807236 0.261075 -1.524041
v -0.807236 0.273455 -1.541998
v -0.868653 0.135193 -1.552373
v -0.807236 0.254256 -1.503324
v -0.843276 0.114188 -1.575881
v -0.843276 0.106472 -1.560338
v -0.843276 0.130980 -1.609706
v -0.843276 0.138695 -1.625248
v -0.828512 0.254256 -1.503324
v -0.812336 0.270328 -1.559901
v -0.843276 0.135193 -1.552373
v -0.812359 0.238105 -1.494991
v -0.834116 0.270328 -1.559901
v -0.843276 0.162404 -1.607185
v -0.828512 0.290392 -1.555739
v -0.828512 0.273455 -1.541998
v -0.868653 0.130980 -1.609706
v -0.868653 0.114188 -1.575881
v -0.868653 0.106472 -1.560338
v -0.837626 0.246207 -1.531422
v -0.868653 0.140521 -1.566087
v -0.868653 0.154701 -1.594651
v -0.871625 0.147204 -1.580571
v -0.834584 0.239855 -1.513495
v -0.868653 0.162404 -1.607185
v -0.807147 0.297046 -1.420652
v -0.807147 0.253088 -1.490886
v -0.843276 0.133692 -1.367286
v -0.828414 0.264756 -1.449315
v -0.828414 0.297046 -1.420652
v -0.868653 0.133692 -1.367286
v -0.868653 0.114468 -1.398000
v -0.834617 0.242602 -1.457725
v -0.834217 0.277488 -1.414539
v -0.807147 0.264756 -1.449315
v -0.807147 0.255934 -1.469262
v -0.868653 0.174734 -1.356876
v -0.807147 0.278840 -1.432662
v -0.843276 0.143709 -1.351280
v -0.843276 0.152915 -1.336571
v -0.843276 0.123674 -1.383291
v -0.843276 0.114468 -1.398000
v -0.828414 0.278840 -1.432662
v -0.812472 0.239042 -1.475967
v -0.843276 0.174734 -1.356876
v -0.812427 0.277488 -1.414539
v -0.834266 0.239042 -1.475967
v -0.843276 0.142268 -1.408750
v -0.828414 0.253088 -1.490886
v -0.828414 0.255934 -1.469262
v -0.868653 0.123674 -1.383291
v -0.868653 0.143709 -1.351280
v -0.868653 0.152915 -1.336571
v -0.837522 0.250686 -1.440509
v -0.868653 0.165836 -1.368593
v -0.868653 0.148917 -1.395625
v -0.871625 0.156991 -1.381868
v -0.834651 0.262637 -1.425714
v -0.868653 0.142268 -1.408750
v -0.807146 0.361436 -1.420217
v -0.807146 0.279441 -1.432134
v -0.843276 0.296450 -1.261128
v -0.828412 0.318689 -1.414138
v -0.828412 0.361436 -1.420217
v -0.868653 0.296450 -1.261128
v -0.868653 0.260593 -1.266339
v -0.834631 0.297944 -1.402685
v -0.834237 0.353445 -1.401348
v -0.807146 0.318689 -1.414138
v -0.807146 0.297771 -1.420314
v -0.868653 0.330939 -1.285690
v -0.807146 0.340499 -1.414104
v -0.843276 0.315135 -1.258412
v -0.843276 0.332307 -1.255916
v -0.843276 0.277764 -1.263843
v -0.843276 0.260593 -1.266339
v -0.828412 0.340499 -1.414104
v -0.812452 0.281730 -1.411772
v -0.843276 0.330939 -1.285690
v -0.812446 0.353445 -1.401348
v -0.834243 0.281730 -1.411772
v -0.843276 0.270380 -1.294492
v -0.828412 0.279441 -1.432134
v -0.828412 0.297771 -1.420314
v -0.868653 0.277764 -1.263843
v -0.868653 0.315135 -1.258412
v -0.868653 0.332307 -1.255916
v -0.837520 0.316301 -1.397711
v -0.868653 0.316248 -1.286485
v -0.868653 0.284690 -1.291072
v -0.871625 0.300403 -1.288329
v -0.834635 0.335315 -1.397253
v -0.868653 0.270380 -1.294492
v -0.807146 0.403197 -1.468254
v -0.807146 0.340485 -1.414102
v -0.843276 0.480843 -1.314945
v -0.828412 0.379791 -1.431971
v -0.828412 0.403197 -1.468254
v -0.868653 0.480843 -1.314945
v -0.868653 0.453419 -1.291264
v -0.834630 0.374857 -1.408794
v -0.834237 0.412220 -1.449857
v -0.807146 0.379791 -1.431971
v -0.807146 0.361423 -1.420211
v -0.868653 0.484874 -1.357094
v -0.807146 0.394102 -1.448430
v -0.843276 0.495134 -1.327285
v -0.843276 0.508268 -1.338626
v -0.843276 0.466552 -1.302605
v -0.843276 0.453419 -1.291264
v -0.828413 0.394102 -1.448430
v -0.812452 0.357371 -1.402494
v -0.843276 0.484874 -1.357094
v -0.812446 0.412220 -1.449857
v -0.834243 0.357371 -1.402494
v -0.843276 0.438557 -1.317099
v -0.828412 0.340485 -1.414102
v -0.828412 0.361423 -1.420211
v -0.868653 0.466552 -1.302605
v -0.868653 0.495134 -1.327285
v -0.868653 0.508268 -1.338626
v -0.837521 0.390640 -1.419408
v -0.868653 0.474650 -1.346514
v -0.868653 0.450514 -1.325672
v -0.871625 0.462879 -1.335749
v -0.834635 0.403439 -1.433475
v -0.868653 0.438557 -1.317099
v -0.831615 0.403234 -1.511557
v -0.831615 0.406338 -1.489968
v -0.831615 0.361542 -1.559671
v -0.831615 0.379891 -1.547879
v -0.831615 0.340615 -1.565816
v -0.831615 0.256187 -1.511557
v -0.831615 0.265247 -1.531396
v -0.831615 0.253083 -1.489968
v -0.831615 0.379891 -1.432057
v -0.831615 0.361542 -1.420265
v -0.831615 0.403234 -1.468380
v -0.831615 0.394173 -1.448540
v -0.831615 0.265247 -1.448540
v -0.831615 0.256187 -1.468380
v -0.831615 0.318805 -1.414121
v -0.831615 0.297878 -1.420265
v -0.831615 0.340616 -1.414121
v -0.831615 0.394173 -1.531396
v -0.831615 0.318805 -1.565816
v -0.831615 0.297878 -1.559671
v -0.831615 0.279530 -1.547879
v -0.831615 0.279530 -1.432057
v -0.828412 0.394173 -1.531396
v -0.807146 0.394173 -1.531396
v -0.834240 0.413995 -1.526202
v -0.868653 0.531688 -1.520566
v -0.868653 0.560956 -1.526202
v -0.868653 0.560956 -1.526202
v -0.868653 0.560956 -1.508850
v -0.834240 0.413995 -1.453735
v -0.828412 0.394173 -1.448540
v -0.868653 0.531688 -1.459371
v -0.843276 0.560956 -1.526202
v -0.807146 0.394173 -1.448540
v -0.843276 0.560956 -1.453735
v -0.868653 0.560956 -1.453735
v -0.868653 0.560956 -1.453735
v -0.868653 0.560956 -1.489969
v -0.868653 0.560956 -1.471087
v -0.828415 0.341929 -1.565615
v -0.807148 0.341929 -1.565615
v -0.834207 0.359033 -1.576899
v -0.868653 0.441831 -1.660732
v -0.868653 0.457183 -1.686279
v -0.868653 0.457183 -1.686279
v -0.868653 0.470098 -1.674690
v -0.834278 0.412969 -1.528500
v -0.828415 0.403597 -1.510278
v -0.868653 0.487378 -1.619861
v -0.843276 0.457183 -1.686279
v -0.807148 0.403597 -1.510278
v -0.843276 0.511120 -1.637880
v -0.868653 0.511120 -1.637880
v -0.868653 0.511120 -1.637880
v -0.868653 0.484151 -1.662080
v -0.868653 0.498205 -1.649469
v -0.828419 0.277940 -1.546463
v -0.807151 0.277940 -1.546463
v -0.834277 0.279694 -1.566878
v -0.868653 0.265268 -1.683820
v -0.868653 0.254745 -1.711706
v -0.868653 0.254745 -1.711706
v -0.868653 0.271845 -1.714651
v -0.834189 0.351109 -1.579181
v -0.828419 0.359593 -1.560529
v -0.868653 0.325575 -1.694209
v -0.843276 0.254745 -1.711706
v -0.807151 0.359593 -1.560529
v -0.843276 0.326160 -1.724008
v -0.868653 0.326160 -1.724008
v -0.868653 0.326160 -1.724008
v -0.868653 0.290453 -1.717857
v -0.868653 0.309060 -1.721062
v -0.828512 0.253549 -1.481525
v -0.807236 0.253549 -1.481525
v -0.834141 0.238105 -1.494991
v -0.868653 0.135193 -1.552373
v -0.868653 0.106472 -1.560338
v -0.868653 0.106472 -1.560338
v -0.868653 0.114188 -1.575881
v -0.834116 0.270328 -1.559901
v -0.828512 0.290392 -1.555739
v -0.868653 0.162404 -1.607185
v -0.843276 0.106472 -1.560338
v -0.807236 0.290392 -1.555739
v -0.843276 0.138695 -1.625248
v -0.868653 0.138695 -1.625248
v -0.868653 0.138695 -1.625248
v -0.868653 0.122584 -1.592793
v -0.868653 0.130980 -1.609706
v -0.828414 0.297046 -1.420652
v -0.807147 0.297046 -1.420652
v -0.834217 0.277488 -1.414539
v -0.868653 0.174734 -1.356876
v -0.868653 0.152915 -1.336571
v -0.868653 0.152915 -1.336571
v -0.868653 0.143709 -1.351280
v -0.834266 0.239042 -1.475967
v -0.828414 0.253088 -1.490886
v -0.868653 0.142268 -1.408750
v -0.843276 0.152915 -1.336571
v -0.807147 0.253088 -1.490886
v -0.843276 0.114468 -1.398000
v -0.868653 0.114468 -1.398000
v -0.868653 0.114468 -1.398000
v -0.868653 0.133692 -1.367286
v -0.868653 0.123674 -1.383291
v -0.828412 0.361436 -1.420217
v -0.807146 0.361436 -1.420217
v -0.834237 0.353445 -1.401348
v -0.868653 0.330939 -1.285690
v -0.868653 0.332307 -1.255916
v -0.868653 0.332307 -1.255916
v -0.868653 0.315135 -1.258412
v -0.834243 0.281730 -1.411772
v -0.828412 0.279441 -1.432134
v -0.868653 0.270380 -1.294492
v -0.843276 0.332307 -1.255916
v -0.807146 0.279441 -1.432134
v -0.843276 0.260593 -1.266339
v -0.868653 0.260593 -1.266339
v -0.868653 0.260593 -1.266339
v -0.868653 0.296450 -1.261128
v -0.868653 0.277764 -1.263843
v -0.828412 0.403197 -1.468254
v -0.807146 0.403197 -1.468254
v -0.834237 0.412220 -1.449857
v -0.868653 0.484874 -1.357094
v -0.868653 0.508268 -1.338626
v -0.868653 0.508268 -1.338626
v -0.868653 0.495134 -1.327285
v -0.834243 0.357371 -1.402494
v -0.828412 0.340485 -1.414102
v -0.868653 0.438557 -1.317099
v -0.843276 0.508268 -1.338626
v -0.807146 0.340485 -1.414102
v -0.843276 0.453419 -1.291264
v -0.868653 0.453419 -1.291264
v -0.868653 0.453419 -1.291264
v -0.868653 0.480843 -1.314945
v -0.868653 0.466552 -1.302605
vn -0.4135 -0.9105 -0.0000
vn 0.3687 -0.9295 -0.0000
vn 0.3687 -0.8919 0.2619
vn -0.4135 -0.8736 0.2565
vn 0.3687 -0.7820 0.5025
vn -0.4135 -0.7660 0.4923
vn 0.3687 -0.6087 0.7025
vn -0.4135 -0.5963 0.6881
vn 0.3687 -0.3861 0.8455
vn -0.4135 -0.3782 0.8282
vn 0.3687 -0.1323 0.9201
vn -0.4135 -0.1296 0.9013
vn 0.3687 0.1323 0.9201
vn -0.4135 0.1296 0.9013
vn 0.3687 0.3861 0.8455
vn -0.4135 0.3782 0.8282
vn 0.3687 0.6087 0.7025
vn -0.4135 0.5963 0.6881
vn 0.3687 0.7820 0.5025
vn -0.4135 0.7660 0.4923
vn 0.3687 0.8919 0.2619
vn -0.4135 0.8736 0.2565
vn 0.3687 0.9295 -0.0000
vn -0.4135 0.9105 -0.0000
vn 0.3687 0.8919 -0.2619
vn -0.4135 0.8736 -0.2565
vn 0.3687 0.7820 -0.5025
vn -0.4135 0.7660 -0.4923
vn 0.3687 0.6087 -0.7025
vn -0.4135 0.5963 -0.6881
vn 0.3687 0.3861 -0.8455
vn -0.4135 0.3782 -0.8282
vn 0.3687 0.1323 -0.9201
vn -0.4135 0.1296 -0.9013
vn 0.3687 -0.1323 -0.9201
vn -0.4135 -0.1296 -0.9013
vn 0.3687 -0.3861 -0.8455
vn -0.4135 -0.3782 -0.8282
vn 0.3687 -0.6087 -0.7025
vn -0.4135 -0.5963 -0.6881
vn 0.3687 -0.7820 -0.5025
vn -0.4135 -0.7660 -0.4923
vn 0.9103 -0.0589 0.4098
vn 0.9103 0.0589 0.4098
vn 0.3687 -0.8919 -0.2619
vn -0.4135 -0.8736 -0.2565
vn -0.9317 -0.1509 0.3304
vn -0.9317 -0.2379 0.2745
vn 0.9031 0.3613 -0.2322
vn 0.9031 0.4120 -0.1210
vn 0.8685 0.4756 -0.1396
vn 0.8685 0.4169 -0.2680
vn 0.9103 0.3972 0.1166
vn 0.9103 0.4140 -0.0000
vn 0.9103 0.1720 -0.3766
vn 0.9103 0.0589 -0.4098
vn 0.9103 -0.3483 -0.2238
vn 0.9103 -0.3972 -0.1166
vn 0.9103 -0.2711 0.3129
vn 0.9103 -0.1720 0.3766
vn 0.9103 0.2711 0.3129
vn 0.9103 0.3483 0.2238
vn 0.9103 0.3483 -0.2238
vn 0.9103 0.2711 -0.3129
vn 0.9103 -0.1720 -0.3766
vn 0.9103 -0.2711 -0.3129
vn 0.9103 -0.3972 0.1166
vn 0.9103 -0.3483 0.2238
vn 0.9103 0.1720 0.3766
vn 0.9103 0.3972 -0.1166
vn 0.9103 -0.0589 -0.4098
vn 0.9103 -0.4140 -0.0000
vn -0.9317 -0.3632 -0.0000
vn -0.9317 -0.3485 0.1023
vn -0.9317 -0.3056 0.1964
vn -0.9317 -0.0517 0.3595
vn -0.9317 0.0517 0.3595
vn -0.9317 0.1509 0.3304
vn -0.9317 0.2379 0.2745
vn -0.9317 0.3056 0.1964
vn -0.9317 0.3485 0.1023
vn -0.9317 0.3632 -0.0000
vn -0.9317 0.3485 -0.1023
vn -0.9317 0.3056 -0.1964
vn -0.9317 0.2379 -0.2745
vn -0.9317 0.1509 -0.3304
vn -0.9317 0.0517 -0.3595
vn -0.9317 -0.0517 -0.3595
vn -0.9317 -0.1509 -0.3304
vn -0.9317 -0.2379 -0.2745
vn -0.9317 -0.3056 -0.1964
vn -0.9317 -0.3485 -0.1023
vn 0.9031 0.4294 -0.0000
vn 0.9031 0.2812 -0.3245
vn 0.9031 0.1784 -0.3906
vn 0.9031 0.0611 -0.4250
vn 0.9031 -0.0611 -0.4250
vn 0.9031 -0.1784 -0.3906
vn 0.9031 -0.2812 -0.3245
vn 0.9031 -0.3613 -0.2322
vn 0.9031 -0.4120 -0.1210
vn 0.9031 -0.4294 -0.0000
vn 0.9031 -0.4120 0.1210
vn 0.9031 -0.3613 0.2322
vn 0.9031 -0.2812 0.3245
vn 0.9031 -0.1784 0.3906
vn 0.9031 -0.0611 0.4250
vn 0.9031 0.0611 0.4250
vn 0.9031 0.1784 0.3906
vn 0.9031 0.2812 0.3245
vn 0.9031 0.3613 0.2322
vn 0.9031 0.4120 0.1210
vn 0.8685 -0.4756 -0.1396
vn 0.8685 -0.4169 -0.2680
vn 1.0000 -0.0002 -0.0001
vn 0.8685 -0.0705 0.4906
vn 0.8685 0.0705 0.4906
vn 0.8685 0.3246 -0.3746
vn 0.8685 0.2059 0.4508
vn 0.8685 -0.4956 -0.0000
vn 0.8685 0.2059 -0.4508
vn 0.8685 0.3246 0.3746
vn 0.8685 -0.4756 0.1396
vn 0.8685 0.0705 -0.4906
vn 0.8685 0.4169 0.2680
vn 0.8685 -0.4169 0.2680
vn 0.8685 -0.0705 -0.4906
vn 0.8685 0.4756 0.1396
vn 0.8685 -0.3246 0.3746
vn 0.8685 -0.2059 -0.4508
vn 0.8685 0.4956 -0.0000
vn 0.8685 -0.2059 0.4508
vn 0.8685 -0.3246 -0.3746
vn 1.0000 0.0002 -0.0001
vn 1.0000 0.0001 -0.0002
vn 1.0000 -0.0000 0.0002
vn 1.0000 0.0001 0.0002
vn 1.0000 -0.0002 -0.0000
vn 1.0000 -0.0002 0.0001
vn 1.0000 -0.0000 -0.0002
vn 1.0000 0.0002 0.0001
vn 1.0000 -0.0001 0.0002
vn 1.0000 -0.0001 -0.0002
vn 1.0000 0.0002 -0.0000
vn 0.9712 0.2295 -0.0640
vn 0.9712 0.2382 0.0032
vn 0.9901 0.1261 -0.0614
vn 0.9901 0.1383 -0.0234
vn 0.9712 0.1536 0.1822
vn 0.9712 0.0960 0.2180
vn 0.9712 0.0307 0.2363
vn 0.9712 -0.0371 0.2353
vn 0.9712 -0.1019 0.2154
vn 0.9712 -0.1584 0.1779
vn 0.9712 -0.2022 0.1261
vn 0.9712 -0.2295 0.0640
vn 0.9712 -0.2382 -0.0032
vn 0.9712 -0.2277 -0.0702
vn 0.9712 -0.1987 -0.1315
vn 0.9712 -0.1536 -0.1822
vn 0.9712 -0.0960 -0.2180
vn 0.9712 -0.0307 -0.2363
vn 0.9712 0.0371 -0.2353
vn 0.9712 0.1019 -0.2154
vn 0.9712 0.1584 -0.1779
vn 0.9712 0.2022 -0.1261
vn 0.9844 0.1698 -0.0466
vn 0.9839 0.1789 0.0047
vn 0.9844 0.1498 -0.0926
vn 0.9844 0.1177 -0.1310
vn 0.9844 0.0760 -0.1588
vn 0.9844 0.0282 -0.1738
vn 0.9844 -0.0219 -0.1747
vn 0.9844 -0.0703 -0.1615
vn 0.9844 -0.1129 -0.1351
vn 0.9844 -0.1464 -0.0978
vn 0.9844 -0.1680 -0.0526
vn 0.9844 -0.1761 -0.0032
vn 0.9844 -0.1698 0.0466
vn 0.9844 -0.1498 0.0926
vn 0.9844 -0.1177 0.1310
vn 0.9845 -0.0752 0.1584
vn 0.9845 -0.0275 0.1732
vn 0.9844 0.0219 0.1747
vn 0.9844 0.0703 0.1615
vn 0.9844 0.1129 0.1351
vn 0.9843 0.1464 0.0987
vn 0.9845 0.1675 0.0519
vn 0.0031 -0.9604 0.2787
vn -0.0000 -0.9595 0.2817
vn -0.0000 -1.0000 -0.0000
vn -0.0000 -1.0000 -0.0044
vn 0.0030 0.8395 0.5433
vn -0.0000 0.8413 0.5406
vn -0.0000 0.6549 0.7557
vn 0.0030 0.6525 0.7578
vn 0.0031 -0.1392 -0.9903
vn -0.0000 -0.1423 -0.9898
vn -0.0000 0.1423 -0.9898
vn 0.0038 0.1449 -0.9894
vn 0.0030 -0.8429 0.5380
vn -0.0000 -0.8413 0.5406
vn 0.0031 0.9586 0.2848
vn -0.0000 0.9595 0.2817
vn 0.0031 -0.6573 0.7537
vn -0.0000 -0.6549 0.7558
vn 0.0031 -0.4125 -0.9109
vn -0.0000 -0.4154 -0.9096
vn 0.0031 1.0000 0.0032
vn -0.0000 1.0000 -0.0000
vn 0.0031 -0.4183 0.9083
vn -0.0000 -0.4154 0.9096
vn 0.0030 -0.6525 -0.7578
vn -0.0000 -0.6549 -0.7558
vn 0.0031 0.9604 -0.2787
vn -0.0000 0.9595 -0.2817
vn 0.0031 -0.1455 0.9894
vn -0.0000 -0.1423 0.9898
vn 0.0025 -0.8391 -0.5439
vn -0.0000 -0.8413 -0.5406
vn 0.0030 0.8429 -0.5380
vn -0.0000 0.8413 -0.5406
vn 0.0031 0.1392 0.9903
vn -0.0000 0.1423 0.9898
vn 0.0038 -0.9587 -0.2842
vn -0.0000 -0.9595 -0.2817
vn 0.0030 0.6572 -0.7537
vn -0.0000 0.6549 -0.7557
vn 0.0031 0.4125 0.9109
vn -0.0000 0.4154 0.9096
vn 0.0039 0.4178 -0.9085
vn -0.0000 0.4154 -0.9096
vn 0.0064 -0.9998 0.0192
vn 0.0116 -0.9996 -0.0250
vn -0.0000 0.9096 -0.4154
vn 0.1199 0.9868 -0.1090
vn 0.6573 0.7045 -0.2677
vn -0.0000 -0.2535 0.9673
vn -0.0000 -0.1682 0.9857
vn 0.0406 -0.1212 0.9918
vn 0.5188 -0.2167 0.8270
vn -0.0000 -0.1682 -0.9857
vn -0.0000 -0.2535 -0.9673
vn -0.1419 0.2660 -0.9535
vn 0.0341 -0.1150 -0.9928
vn 0.5731 0.8195 0.0075
vn 0.6573 0.7045 0.2677
vn -0.0000 -0.9944 -0.1060
vn 0.9877 0.1562 -0.0085
vn 0.9908 0.1288 -0.0423
vn 0.9993 -0.0344 -0.0151
vn 0.9944 -0.1041 -0.0200
vn 0.9900 0.1346 0.0427
vn 0.9942 0.1024 -0.0317
vn 0.9964 -0.0531 0.0666
vn 0.9994 -0.0291 0.0209
vn 0.9483 0.3105 -0.0655
vn 0.9429 0.3328 -0.0134
vn 0.7511 0.6031 0.2687
vn 0.9446 0.3282 0.0043
vn 0.9502 0.3034 0.0710
vn -0.0000 0.0621 0.9981
vn -0.0000 0.1891 0.9820
vn 0.0590 0.1281 0.9900
vn 0.0006 0.1321 0.9912
vn -0.0000 0.9096 0.4154
vn -0.0000 0.1891 -0.9820
vn -0.0000 0.0621 -0.9981
vn 0.0448 0.0827 -0.9956
vn 0.1060 0.1880 -0.9764
vn 0.9928 0.1194 -0.0002
vn 0.9988 -0.0490 -0.0000
vn 0.9439 0.3302 0.0002
vn 0.0614 -0.9964 0.0590
vn -0.0000 -0.6679 0.7443
vn 0.0064 -0.6535 0.7569
vn 0.0116 -0.6862 0.7273
vn -0.0000 0.4311 -0.9023
vn -0.0000 0.2983 -0.9545
vn 0.1205 0.5784 -0.8068
vn 0.6574 0.2716 -0.7029
vn -0.0000 0.5507 0.8347
vn -0.0000 0.6213 0.7835
vn 0.0406 0.6571 0.7527
vn 0.5188 0.4708 0.7136
vn -0.0000 -0.8460 -0.5331
vn -0.0000 -0.8893 -0.4574
vn -0.1427 -0.5321 -0.8345
vn 0.0341 -0.8157 -0.5775
vn -0.0000 0.8505 -0.5260
vn -0.0000 0.6679 -0.7443
vn 0.5731 0.5526 -0.6052
vn 0.6571 0.6701 -0.3452
vn -0.0000 -0.7430 0.6693
vn 0.9877 0.0986 -0.1213
vn 0.9908 0.0548 -0.1240
vn 0.9993 -0.0342 0.0155
vn 0.9944 -0.0844 0.0641
vn 0.9900 0.1218 -0.0715
vn 0.9943 0.0454 -0.0968
vn 0.9964 0.0141 0.0840
vn 0.9994 -0.0039 0.0357
vn 0.9486 0.1597 -0.2734
vn 0.9429 0.2127 -0.2563
vn 0.7511 0.6029 -0.2690
vn 0.9446 0.2228 -0.2410
vn 0.9500 0.2570 -0.1775
vn -0.0000 0.7843 0.6203
vn -0.0000 0.8571 0.5151
vn 0.0590 0.8224 0.5658
vn 0.0006 0.8260 0.5637
vn -0.0000 0.9167 -0.3996
vn -0.0000 -0.6046 -0.7966
vn -0.0000 -0.7013 -0.7128
vn 0.0448 -0.6858 -0.7264
vn 0.1060 -0.6012 -0.7921
vn 0.9928 0.0794 -0.0892
vn 0.9988 -0.0327 0.0365
vn 0.9439 0.2202 -0.2461
vn 0.0614 -0.6215 0.7810
vn -0.0000 0.1698 0.9855
vn 0.0064 0.1886 0.9820
vn 0.0116 0.1451 0.9894
vn -0.0000 -0.4405 -0.8977
vn -0.0000 -0.5638 -0.8259
vn 0.1194 -0.2757 -0.9538
vn 0.6573 -0.3838 -0.6486
vn -0.0000 0.9963 0.0856
vn -0.0000 1.0000 -0.0015
vn 0.0406 0.9980 -0.0490
vn 0.5188 0.8518 0.0732
vn -0.0000 -0.9429 0.3331
vn -0.0000 -0.9103 0.4140
vn -0.1406 -0.9849 -0.1006
vn 0.0341 -0.9588 0.2820
vn -0.0000 0.1148 -0.9934
vn -0.0000 -0.1698 -0.9855
vn 0.5730 -0.1311 -0.8090
vn 0.6575 0.1435 -0.7397
vn -0.0000 0.0644 0.9979
vn 0.9877 -0.0363 -0.1522
vn 0.9908 -0.0639 -0.1196
vn 0.9993 -0.0091 0.0365
vn 0.9944 -0.0021 0.1060
vn 0.9900 0.0190 -0.1399
vn 0.9942 -0.0497 -0.0953
vn 0.9964 0.0746 0.0410
vn 0.9994 0.0256 0.0252
vn 0.9482 -0.1191 -0.2946
vn 0.9430 -0.0701 -0.3254
vn 0.7511 0.1617 -0.6401
vn 0.9446 -0.0523 -0.3241
vn 0.9506 0.0157 -0.3100
vn -0.0000 0.9730 -0.2307
vn -0.0000 0.9356 -0.3531
vn 0.0590 0.9539 -0.2944
vn 0.0006 0.9544 -0.2984
vn -0.0000 0.2550 -0.9670
vn -0.0000 -0.9998 -0.0196
vn -0.0000 -0.9941 0.1082
vn 0.0448 -0.9952 0.0875
vn 0.1060 -0.9942 -0.0195
vn 0.9928 -0.0199 -0.1177
vn 0.9988 0.0083 0.0483
vn 0.9439 -0.0548 -0.3256
vn 0.0614 0.2273 0.9719
vn -0.0000 0.8957 0.4447
vn 0.0064 0.9040 0.4274
vn 0.0116 0.8843 0.4669
vn -0.0000 -0.9847 -0.1743
vn -0.0000 -0.9995 -0.0324
vn 0.1246 -0.9312 -0.3426
vn 0.6604 -0.7472 -0.0746
vn -0.0000 0.6572 -0.7537
vn -0.0000 0.5888 -0.8083
vn 0.0406 0.5500 -0.8342
vn 0.5188 0.5618 -0.6444
vn -0.0000 -0.2879 0.9577
vn -0.0000 -0.2031 0.9792
vn -0.1369 -0.6636 0.7355
vn 0.0342 -0.3380 0.9405
vn -0.0000 -0.7341 -0.6790
vn -0.0000 -0.8957 -0.4447
vn 0.5743 -0.7296 -0.3713
vn 0.6601 -0.5117 -0.5499
vn -0.0000 0.8435 0.5371
vn 0.9877 -0.1447 -0.0600
vn 0.9907 -0.1348 -0.0179
vn 0.9993 0.0241 0.0289
vn 0.9944 0.0843 0.0642
vn 0.9899 -0.1010 -0.0994
vn 0.9942 -0.1058 -0.0178
vn 0.9964 0.0771 -0.0360
vn 0.9994 0.0354 -0.0058
vn 0.9504 -0.3006 -0.0803
vn 0.9438 -0.3004 -0.1379
vn 0.7520 -0.4208 -0.5074
vn 0.9453 -0.2919 -0.1456
vn 0.9523 -0.2383 -0.1907
vn -0.0000 0.3882 -0.9216
vn -0.0000 0.2673 -0.9636
vn 0.0590 0.3254 -0.9437
vn 0.0006 0.3225 -0.9466
vn -0.0000 -0.6300 -0.7766
vn -0.0000 -0.6060 0.7955
vn -0.0000 -0.4994 0.8664
vn 0.0448 -0.5168 0.8549
vn 0.1060 -0.6026 0.7910
vn 0.9929 -0.1066 -0.0532
vn 0.9988 0.0439 0.0218
vn 0.9444 -0.2940 -0.1472
vn 0.0614 0.9187 0.3902
vn -0.0000 0.8477 -0.5305
vn 0.0064 0.8373 -0.5467
vn 0.0116 0.8606 -0.5092
vn -0.0000 -0.6639 0.7479
vn -0.0000 -0.5507 0.8347
vn 0.1203 -0.7789 0.6155
vn 0.6574 -0.4553 0.6004
vn -0.0000 -0.2983 -0.9545
vn -0.0000 -0.3804 -0.9248
vn 0.0406 -0.4234 -0.9051
vn 0.5188 -0.2551 -0.8160
vn -0.0000 0.6656 0.7463
vn -0.0000 0.7281 0.6855
vn -0.1425 0.2805 0.9492
vn 0.0341 0.6241 0.7806
vn -0.0000 -0.9628 0.2702
vn -0.0000 -0.8477 0.5305
vn 0.5731 -0.6985 0.4286
vn 0.6572 -0.7394 0.1465
vn -0.0000 0.8991 -0.4377
vn 0.9877 -0.1282 0.0895
vn 0.9908 -0.0869 0.1040
vn 0.9993 0.0372 -0.0054
vn 0.9944 0.0989 -0.0382
vn 0.9900 -0.1368 0.0351
vn 0.9943 -0.0703 0.0807
vn 0.9964 0.0097 -0.0846
vn 0.9994 0.0136 -0.0332
vn 0.9485 -0.2289 0.2191
vn 0.9429 -0.2752 0.1876
vn 0.7511 -0.6538 0.0919
vn 0.9446 -0.2807 0.1701
vn 0.9500 -0.2957 0.0999
vn -0.0000 -0.5822 -0.8131
vn -0.0000 -0.6813 -0.7320
vn 0.0590 -0.6339 -0.7712
vn 0.0006 -0.6378 -0.7702
vn -0.0000 -0.9915 0.1305
vn -0.0000 0.3607 0.9327
vn -0.0000 0.4768 0.8790
vn 0.0448 0.4581 0.8878
vn 0.1060 0.3586 0.9274
vn 0.9928 -0.1010 0.0637
vn 0.9988 0.0415 -0.0260
vn 0.9439 -0.2798 0.1754
vn 0.0614 0.8133 -0.5786
vn -0.0000 0.1438 -0.9896
vn 0.0064 0.1248 -0.9922
vn 0.0116 0.1685 -0.9856
vn -0.0000 0.1408 0.9900
vn -0.0000 0.2803 0.9599
vn 0.1199 -0.0341 0.9922
vn 0.6573 0.1636 0.7357
vn -0.0000 -0.9208 -0.3900
vn -0.0000 -0.9513 -0.3083
vn 0.0406 -0.9640 -0.2626
vn 0.5188 -0.7872 -0.3334
vn -0.0000 0.9997 -0.0247
vn -0.0000 0.9937 -0.1117
vn -0.1420 0.9053 0.4003
vn 0.0341 0.9990 0.0290
vn -0.0000 -0.4168 0.9090
vn -0.0000 -0.1438 0.9896
vn 0.5731 -0.1253 0.8099
vn 0.6572 -0.3663 0.6587
vn -0.0000 0.2479 -0.9688
vn 0.9877 -0.0141 0.1557
vn 0.9908 0.0233 0.1336
vn 0.9993 0.0199 -0.0319
vn 0.9944 0.0348 -0.1001
vn 0.9900 -0.0616 0.1271
vn 0.9942 0.0166 0.1059
vn 0.9964 -0.0582 -0.0621
vn 0.9994 -0.0165 -0.0318
vn 0.9483 0.0200 0.3166
vn 0.9429 -0.0347 0.3313
vn 0.7511 -0.3527 0.5582
vn 0.9446 -0.0515 0.3242
vn 0.9502 -0.1140 0.2901
vn -0.0000 -0.9966 -0.0821
vn -0.0000 -0.9989 0.0459
vn 0.0590 -0.9981 -0.0156
vn 0.0006 -0.9999 -0.0119
vn -0.0000 -0.5419 0.8404
vn -0.0000 0.9446 0.3284
vn -0.0000 0.9788 0.2051
vn 0.0448 0.9733 0.2250
vn 0.1060 0.9392 0.3265
vn 0.9928 -0.0170 0.1182
vn 0.9988 0.0070 -0.0485
vn 0.9439 -0.0476 0.3268
vn 0.0614 0.0849 -0.9945
vn -0.0000 -0.6536 -0.7569
vn 0.0064 -0.6679 -0.7442
vn 0.0116 -0.6344 -0.7729
vn -0.0000 0.8403 0.5421
vn -0.0000 0.9089 0.4170
vn 0.1199 0.7274 0.6757
vn 0.6573 0.6630 0.3583
vn -0.0000 -0.8978 0.4404
vn -0.0000 -0.8560 0.5169
vn 0.0406 -0.8299 0.5564
vn 0.5188 -0.7676 0.3765
vn -0.0000 0.6361 -0.7716
vn -0.0000 0.5665 -0.8241
vn -0.1420 0.8955 -0.4219
vn 0.0341 0.6763 -0.7359
vn -0.0000 0.4139 0.9103
vn -0.0000 0.6536 0.7569
vn 0.5731 0.5299 0.6251
vn 0.6572 0.2578 0.7082
vn -0.0000 -0.5697 -0.8219
vn 0.9877 0.1084 0.1127
vn 0.9908 0.1162 0.0699
vn 0.9993 -0.0110 -0.0359
vn 0.9944 -0.0528 -0.0919
vn 0.9900 0.0557 0.1298
vn 0.9942 0.0909 0.0568
vn 0.9964 -0.0851 0.0033
vn 0.9994 -0.0349 -0.0084
vn 0.9483 0.2523 0.1923
vn 0.9429 0.2276 0.2432
vn 0.7511 0.1908 0.6321
vn 0.9446 0.2112 0.2513
vn 0.9502 0.1445 0.2762
vn -0.0000 -0.7148 0.6993
vn -0.0000 -0.6196 0.7849
vn 0.0590 -0.6656 0.7440
vn 0.0006 -0.6639 0.7478
vn -0.0000 0.2801 0.9600
vn -0.0000 0.8668 -0.4986
vn -0.0000 0.7960 -0.6053
vn 0.0448 0.8076 -0.5881
vn 0.1060 0.8619 -0.4958
vn 0.9928 0.0782 0.0903
vn 0.9988 -0.0320 -0.0371
vn 0.9439 0.2157 0.2500
vn 0.0614 -0.6958 -0.7156
vt 1.000000 0.500000
vt 1.000000 1.000000
vt 0.954545 1.000000
vt 0.954545 0.500000
vt 0.909091 1.000000
vt 0.909091 0.500000
vt 0.863636 1.000000
vt 0.863636 0.500000
vt 0.818182 1.000000
vt 0.818182 0.500000
vt 0.772727 1.000000
vt 0.772727 0.500000
vt 0.727273 1.000000
vt 0.727273 0.500000
vt 0.681818 1.000000
vt 0.681818 0.500000
vt 0.636364 1.000000
vt 0.636364 0.500000
vt 0.590909 1.000000
vt 0.590909 0.500000
vt 0.545454 1.000000
vt 0.545454 0.500000
vt 0.500000 1.000000
vt 0.500000 0.500000
vt 0.454545 1.000000
vt 0.454545 0.500000
vt 0.409091 1.000000
vt 0.409091 0.500000
vt 0.363636 1.000000
vt 0.363636 0.500000
vt 0.318182 1.000000
vt 0.318182 0.500000
vt 0.272727 1.000000
vt 0.272727 0.500000
vt 0.227272 1.000000
vt 0.227272 0.500000
vt 0.181818 1.000000
vt 0.181818 0.500000
vt 0.136363 1.000000
vt 0.136363 0.500000
vt 0.090909 1.000000
vt 0.090909 0.500000
vt 0.045454 1.000000
vt 0.045454 0.500000
vt -0.000000 1.000000
vt -0.000000 0.500000
vt 0.351566 0.408040
vt 0.302927 0.430253
vt 0.750000 0.490000
vt 0.817616 0.480278
vt 0.879754 0.451901
vt 0.931380 0.407167
vt 0.968312 0.349700
vt 0.987557 0.284156
vt 0.987557 0.215844
vt 0.968312 0.150300
vt 0.931380 0.092833
vt 0.879754 0.048099
vt 0.817616 0.019722
vt 0.750000 0.010000
vt 0.682384 0.019722
vt 0.620246 0.048099
vt 0.568620 0.092833
vt 0.531688 0.150300
vt 0.512443 0.215844
vt 0.512443 0.284155
vt 0.531688 0.349699
vt 0.568620 0.407166
vt 0.620246 0.451901
vt 0.682384 0.480278
vt 0.250000 0.437863
vt 0.317616 0.480278
vt 0.250000 0.490000
vt 0.379754 0.451901
vt 0.391977 0.373024
vt 0.431380 0.407167
vt 0.420886 0.328041
vt 0.468312 0.349700
vt 0.435950 0.276736
vt 0.487557 0.284156
vt 0.435950 0.223264
vt 0.487557 0.215844
vt 0.420886 0.171959
vt 0.468312 0.150300
vt 0.391977 0.126976
vt 0.431380 0.092833
vt 0.351566 0.091960
vt 0.379754 0.048099
vt 0.302927 0.069747
vt 0.317616 0.019722
vt 0.250000 0.062137
vt 0.250000 0.010000
vt 0.197073 0.069747
vt 0.182384 0.019722
vt 0.148434 0.091960
vt 0.120246 0.048099
vt 0.108023 0.126976
vt 0.068620 0.092833
vt 0.079114 0.171959
vt 0.031688 0.150300
vt 0.064049 0.223264
vt 0.012443 0.215844
vt 0.064049 0.276735
vt 0.012443 0.284155
vt 0.079114 0.328041
vt 0.031688 0.349699
vt 0.108023 0.373024
vt 0.068620 0.407166
vt 0.148434 0.408040
vt 0.120246 0.451901
vt 0.197073 0.430253
vt 0.182384 0.480278
vt 0.283336 0.363533
vt 0.250000 0.368326
vt 0.216663 0.363533
vt 0.186028 0.349543
vt 0.160575 0.327487
vt 0.142366 0.299154
vt 0.132878 0.266840
vt 0.132878 0.233160
vt 0.142366 0.200845
vt 0.160575 0.172513
vt 0.186028 0.150458
vt 0.216664 0.136467
vt 0.250000 0.131674
vt 0.283336 0.136467
vt 0.313972 0.150458
vt 0.339425 0.172513
vt 0.357633 0.200845
vt 0.367122 0.233160
vt 0.367122 0.266840
vt 0.357634 0.299155
vt 0.339425 0.327487
vt 0.313972 0.349543
vt 0.000000 0.000000
vt 0.302927 0.430253
vt 0.250000 0.437863
s 1
usemtl Material.006
f 2419/954/2289 2420/955/2290 2422/956/2291 2421/957/2292
f 2421/957/2292 2422/956/2291 2424/958/2293 2423/959/2294
f 2423/959/2294 2424/958/2293 2426/960/2295 2425/961/2296
f 2425/961/2296 2426/960/2295 2428/962/2297 2427/963/2298
f 2427/963/2298 2428/962/2297 2430/964/2299 2429/965/2300
f 2429/965/2300 2430/964/2299 2432/966/2301 2431/967/2302
f 2431/967/2302 2432/966/2301 2434/968/2303 2433/969/2304
f 2433/969/2304 2434/968/2303 2436/970/2305 2435/971/2306
f 2435/971/2306 2436/970/2305 2438/972/2307 2437/973/2308
f 2437/973/2308 2438/972/2307 2440/974/2309 2439/975/2310
f 2439/975/2310 2440/974/2309 2442/976/2311 2441/977/2312
f 2441/977/2312 2442/976/2311 2444/978/2313 2443/979/2314
f 2443/979/2314 2444/978/2313 2446/980/2315 2445/981/2316
f 2445/981/2316 2446/980/2315 2448/982/2317 2447/983/2318
f 2447/983/2318 2448/982/2317 2450/984/2319 2449/985/2320
f 2449/985/2320 2450/984/2319 2452/986/2321 2451/987/2322
f 2451/987/2322 2452/986/2321 2454/988/2323 2453/989/2324
f 2453/989/2324 2454/988/2323 2456/990/2325 2455/991/2326
f 2455/991/2326 2456/990/2325 2458/992/2327 2457/993/2328
f 2457/993/2328 2458/992/2327 2460/994/2329 2459/995/2330
f 2432/966/2301 2430/964/2299 2512/964/2331 2513/966/2332
f 2459/995/2330 2460/994/2329 2462/996/2333 2461/997/2334
f 2461/997/2334 2462/996/2333 2420/998/2290 2419/999/2289
f 2425/961/2296 2427/963/2298 2489/963/2335 2488/961/2336
f 2442/976/2311 2440/974/2309 2517/974/2341 2518/976/2342
f 2452/986/2321 2450/984/2319 2522/984/2343 2523/986/2344
f 2462/996/2333 2460/994/2329 2527/994/2345 2528/996/2346
f 2428/962/2297 2426/960/2295 2510/960/2347 2511/962/2348
f 2438/972/2307 2436/970/2305 2515/970/2349 2516/972/2350
f 2448/982/2317 2446/980/2315 2520/980/2351 2521/982/2352
f 2458/992/2327 2456/990/2325 2525/990/2353 2526/992/2354
f 2424/958/2293 2422/956/2291 2507/956/2355 2509/958/2356
f 2434/968/2303 2432/966/2301 2513/966/2332 2514/968/2357
f 2444/978/2313 2442/976/2311 2518/976/2342 2519/978/2358
f 2454/988/2323 2452/986/2321 2523/986/2344 2524/988/2359
f 2420/998/2290 2462/996/2333 2528/996/2346 2508/998/2360
f 2430/964/2299 2428/962/2297 2511/962/2348 2512/964/2331
f 2440/974/2309 2438/972/2307 2516/972/2350 2517/974/2341
f 2450/984/2319 2448/982/2317 2521/982/2352 2522/984/2343
f 2460/994/2329 2458/992/2327 2526/992/2354 2527/994/2345
f 2426/960/2295 2424/958/2293 2509/958/2356 2510/960/2347
f 2436/970/2305 2434/968/2303 2514/968/2357 2515/970/2349
f 2422/956/2291 2420/955/2290 2508/955/2360 2507/956/2355
f 2446/980/2315 2444/978/2313 2519/978/2358 2520/980/2351
f 2456/990/2325 2454/988/2323 2524/988/2359 2525/990/2353
f 2485/1002/2361 2486/1003/2362 2487/1004/2363 2488/1005/2336 2489/1006/2335 2490/1007/2364 2491/1008/2365 2492/1009/2366 2493/1010/2367 2494/1011/2368 2495/1012/2369 2496/1013/2370 2497/1014/2371 2498/1015/2372 2499/1016/2373 2500/1017/2374 2501/1018/2375 2502/1019/2376 2503/1020/2377 2504/1021/2378 2505/1022/2379 2506/1023/2380
f 2435/971/2306 2437/973/2308 2494/973/2368 2493/971/2367
f 2445/981/2316 2447/983/2318 2499/983/2373 2498/981/2372
f 2455/991/2326 2457/993/2328 2504/993/2378 2503/991/2377
f 2421/957/2292 2423/959/2294 2487/959/2363 2486/957/2362
f 2431/967/2302 2433/969/2304 2492/969/2366 2491/967/2365
f 2441/977/2312 2443/979/2314 2497/979/2371 2496/977/2370
f 2451/987/2322 2453/989/2324 2502/989/2376 2501/987/2375
f 2461/997/2334 2419/999/2289 2485/999/2361 2506/997/2380
f 2427/963/2298 2429/965/2300 2490/965/2364 2489/963/2335
f 2437/973/2308 2439/975/2310 2495/975/2369 2494/973/2368
f 2447/983/2318 2449/985/2320 2500/985/2374 2499/983/2373
f 2457/993/2328 2459/995/2330 2505/995/2379 2504/993/2378
f 2423/959/2294 2425/961/2296 2488/961/2336 2487/959/2363
f 2433/969/2304 2435/971/2306 2493/971/2367 2492/969/2366
f 2419/954/2289 2421/957/2292 2486/957/2362 2485/954/2361
f 2443/979/2314 2445/981/2316 2498/981/2372 2497/979/2371
f 2453/989/2324 2455/991/2326 2503/991/2377 2502/989/2376
f 2429/965/2300 2431/967/2302 2491/967/2365 2490/965/2364
f 2439/975/2310 2441/977/2312 2496/977/2370 2495/975/2369
f 2449/985/2320 2451/987/2322 2501/987/2375 2500/985/2374
f 2459/995/2330 2461/997/2334 2506/997/2380 2505/995/2379
f 2464/1024/2381 2463/1001/2338 2507/1025/2355 2508/1026/2360
f 2463/1001/2338 2465/1000/2337 2509/1027/2356 2507/1025/2355
f 2465/1000/2337 2466/1028/2382 2510/1029/2347 2509/1027/2356
f 2466/1028/2382 2467/1030/2383 2511/1031/2348 2510/1029/2347
f 2467/1030/2383 2468/1032/2384 2512/1033/2331 2511/1031/2348
f 2468/1032/2384 2469/1034/2385 2513/1035/2332 2512/1033/2331
f 2469/1034/2385 2470/1036/2386 2514/1037/2357 2513/1035/2332
f 2470/1036/2386 2471/1038/2387 2515/1039/2349 2514/1037/2357
f 2471/1038/2387 2472/1040/2388 2516/1041/2350 2515/1039/2349
f 2472/1040/2388 2473/1042/2389 2517/1043/2341 2516/1041/2350
f 2473/1042/2389 2474/1044/2390 2518/1045/2342 2517/1043/2341
f 2474/1044/2390 2475/1046/2391 2519/1047/2358 2518/1045/2342
f 2475/1046/2391 2476/1048/2392 2520/1049/2351 2519/1047/2358
f 2476/1048/2392 2477/1050/2393 2521/1051/2352 2520/1049/2351
f 2477/1050/2393 2478/1052/2394 2522/1053/2343 2521/1051/2352
f 2478/1052/2394 2479/1054/2395 2523/1055/2344 2522/1053/2343
f 2479/1054/2395 2480/1056/2396 2524/1057/2359 2523/1055/2344
f 2480/1056/2396 2481/1058/2397 2525/1059/2353 2524/1057/2359
f 2481/1058/2397 2482/1060/2398 2526/1061/2354 2525/1059/2353
f 2482/1060/2398 2483/1062/2399 2527/1063/2345 2526/1061/2354
f 2483/1062/2399 2484/1064/2400 2528/1065/2346 2527/1063/2345
f 2484/1064/2400 2464/1024/2381 2508/1026/2360 2528/1065/2346
f 2573/1066/2433 2619/1067/2434 2627/1068/2435 2616/1069/2436 2596/1070/2437 2595/1071/2438 2615/1072/2439 2594/1073/2440 2593/1074/2441 2614/1075/2442 2592/1076/2443 2591/1077/2444 2590/1078/2445 2589/1079/2446 2588/1080/2447 2613/1081/2448 2612/1082/2449 2611/1083/2450 2610/1084/2451 2587/1085/2452 2586/1086/2453 2609/1087/2454
f 2646/1064/2548 2667/1090/2561 2670/1090/2559 2669/1064/2538
f 2667/1090/2561 2671/1001/2546 2668/1089/2541 2670/1090/2559
f 2680/1064/2594 2701/1090/2607 2704/1090/2605 2703/1064/2584
f 2701/1090/2607 2705/1001/2592 2702/1089/2587 2704/1090/2605
f 2714/1064/2640 2735/1090/2653 2738/1090/2651 2737/1064/2630
f 2735/1090/2653 2739/1001/2638 2736/1089/2633 2738/1090/2651
f 2748/1064/2686 2769/1090/2699 2772/1090/2697 2771/1064/2676
f 2769/1090/2699 2773/1001/2684 2770/1089/2679 2772/1090/2697
f 2782/1064/2732 2803/1090/2745 2806/1090/2743 2805/1064/2722
f 2803/1090/2745 2807/1001/2730 2804/1089/2725 2806/1090/2743
f 2816/1064/2778 2837/1090/2791 2840/1090/2789 2839/1064/2768
f 2837/1090/2791 2841/1001/2776 2838/1089/2771 2840/1090/2789
f 2850/1064/2824 2871/1090/2837 2874/1090/2835 2873/1064/2814
f 2871/1090/2837 2875/1001/2822 2872/1089/2817 2874/1090/2835
usemtl Material.007
f 2465/1000/2337 2463/1001/2338 2529/1001/2339 2531/1000/2340
f 2539/1042/2401 2538/1040/2402 2560/1040/2403 2561/1042/2403
f 2480/1056/2396 2479/1054/2395 2545/1054/2404 2546/1056/2405
f 2473/1042/2389 2472/1040/2388 2538/1040/2402 2539/1042/2401
f 2466/1028/2382 2465/1000/2337 2531/1000/2340 2532/1028/2406
f 2481/1058/2397 2480/1056/2396 2546/1056/2405 2547/1058/2407
f 2474/1044/2390 2473/1042/2389 2539/1042/2401 2540/1044/2408
f 2467/1030/2383 2466/1028/2382 2532/1028/2406 2533/1030/2409
f 2482/1060/2398 2481/1058/2397 2547/1058/2407 2548/1060/2410
f 2475/1046/2391 2474/1044/2390 2540/1044/2408 2541/1046/2411
f 2468/1032/2384 2467/1030/2383 2533/1030/2409 2534/1032/2412
f 2483/1062/2399 2482/1060/2398 2548/1060/2410 2549/1062/2413
f 2476/1048/2392 2475/1046/2391 2541/1046/2411 2542/1048/2414
f 2469/1034/2385 2468/1032/2384 2534/1032/2412 2535/1034/2415
f 2484/1064/2400 2483/1062/2399 2549/1062/2413 2550/1064/2416
f 2477/1050/2393 2476/1048/2392 2542/1048/2414 2543/1050/2417
f 2470/1036/2386 2469/1034/2385 2535/1034/2415 2536/1036/2418
f 2464/1024/2381 2484/1064/2400 2550/1064/2416 2530/1024/2419
f 2478/1052/2394 2477/1050/2393 2543/1050/2417 2544/1052/2420
f 2471/1038/2387 2470/1036/2386 2536/1036/2418 2537/1038/2421
f 2463/1001/2338 2464/1024/2381 2530/1024/2419 2529/1001/2339
f 2479/1054/2395 2478/1052/2394 2544/1052/2420 2545/1054/2404
f 2472/1040/2388 2471/1038/2387 2537/1038/2421 2538/1040/2402
f 2532/1028/2406 2531/1000/2340 2553/1000/2422 2554/1028/2423
f 2547/1058/2407 2546/1056/2405 2568/1056/2424 2569/1058/2425
f 2540/1044/2408 2539/1042/2401 2561/1042/2403 2562/1044/2426
f 2533/1030/2409 2532/1028/2406 2554/1028/2423 2555/1030/2423
f 2548/1060/2410 2547/1058/2407 2569/1058/2425 2570/1060/2425
f 2541/1046/2411 2540/1044/2408 2562/1044/2426 2563/1046/2427
f 2534/1032/2412 2533/1030/2409 2555/1030/2423 2556/1032/2428
f 2549/1062/2413 2548/1060/2410 2570/1060/2425 2571/1062/2429
f 2542/1048/2414 2541/1046/2411 2563/1046/2427 2564/1048/2427
f 2535/1034/2415 2534/1032/2412 2556/1032/2428 2557/1034/2428
f 2550/1064/2416 2549/1062/2413 2571/1062/2429 2572/1064/2429
f 2543/1050/2417 2542/1048/2414 2564/1048/2427 2565/1050/2430
f 2536/1036/2418 2535/1034/2415 2557/1034/2428 2558/1036/2431
f 2530/1024/2419 2550/1064/2416 2572/1064/2429 2552/1024/2432
f 2544/1052/2420 2543/1050/2417 2565/1050/2430 2566/1052/2430
f 2537/1038/2421 2536/1036/2418 2558/1036/2431 2559/1038/2431
f 2529/1001/2339 2530/1024/2419 2552/1024/2432 2551/1001/2422
f 2545/1054/2404 2544/1052/2420 2566/1052/2430 2567/1054/2424
f 2538/1040/2402 2537/1038/2421 2559/1038/2431 2560/1040/2403
f 2531/1000/2340 2529/1001/2339 2551/1001/2422 2553/1000/2422
f 2546/1056/2405 2545/1054/2404 2567/1054/2424 2568/1056/2424
f 2619/1067/2434 2573/1066/2433 2877/1001/2455 2878/1024/2456
f 2573/1066/2433 2609/1087/2454 2894/1000/2457 2877/1001/2455
f 2609/1087/2454 2586/1086/2453 2880/1028/2458 2894/1000/2457
f 2586/1086/2453 2587/1085/2452 2879/1030/2459 2880/1028/2458
f 2587/1085/2452 2610/1084/2451 2881/1032/2460 2879/1030/2459
f 2610/1084/2451 2611/1083/2450 2895/1034/2461 2881/1032/2460
f 2611/1083/2450 2612/1082/2449 2577/1036/2462 2895/1034/2461
f 2612/1082/2449 2613/1081/2448 2897/1038/2463 2577/1036/2462
f 2613/1081/2448 2588/1080/2447 2883/1040/2464 2897/1038/2463
f 2588/1080/2447 2589/1079/2446 2882/1042/2465 2883/1040/2464
f 2589/1079/2446 2590/1078/2445 2884/1044/2466 2882/1042/2465
f 2590/1078/2445 2591/1077/2444 2890/1046/2467 2884/1044/2466
f 2591/1077/2444 2592/1076/2443 2889/1048/2468 2890/1046/2467
f 2592/1076/2443 2614/1075/2442 2581/1050/2469 2889/1048/2468
f 2614/1075/2442 2593/1074/2441 2892/1052/2470 2581/1050/2469
f 2593/1074/2441 2594/1073/2440 2891/1054/2471 2892/1052/2470
f 2594/1073/2440 2615/1072/2439 2893/1056/2472 2891/1054/2471
f 2615/1072/2439 2595/1071/2438 2886/1058/2473 2893/1056/2472
f 2595/1071/2438 2596/1070/2437 2885/1060/2474 2886/1058/2473
f 2596/1070/2437 2616/1069/2436 2618/1062/2475 2885/1060/2474
f 2627/1068/2435 2619/1067/2434 2878/1024/2456 2617/1064/2476
f 2584/1001/2477 2628/1001/2478 2629/1024/2479 2585/1024/2480
f 2578/1040/2481 2633/1040/2482 2632/1038/2483 2621/1038/2484
f 2626/1056/2485 2606/1056/2486 2637/1054/2487 2625/1054/2488
f 2608/1000/2489 2597/1000/2490 2628/1001/2478 2584/1001/2477
f 2579/1042/2491 2634/1042/2492 2633/1040/2482 2578/1040/2481
f 2574/1028/2493 2600/1028/2494 2597/1000/2490 2608/1000/2489
f 2582/1058/2495 2638/1058/2496 2606/1056/2486 2626/1056/2485
f 2580/1044/2497 2603/1044/2498 2634/1042/2492 2579/1042/2491
f 2575/1030/2499 2630/1030/2500 2600/1028/2494 2574/1028/2493
f 2583/1060/2501 2607/1060/2502 2638/1058/2496 2582/1058/2495
f 2622/1046/2503 2604/1046/2504 2603/1044/2498 2580/1044/2497
f 2576/1032/2505 2631/1032/2506 2630/1030/2500 2575/1030/2499
f 2888/1062/2507 2599/1062/2508 2607/1060/2502 2583/1060/2501
f 2623/1048/2509 2635/1048/2510 2604/1046/2504 2622/1046/2503
f 2620/1034/2511 2601/1034/2512 2631/1032/2506 2576/1032/2505
f 2887/1064/2513 2598/1064/2514 2599/1062/2508 2888/1062/2507
f 2898/1050/2515 2605/1050/2516 2635/1048/2510 2623/1048/2509
f 2896/1036/2517 2602/1036/2518 2601/1034/2512 2620/1034/2511
f 2585/1024/2480 2629/1024/2479 2598/1064/2514 2887/1064/2513
f 2624/1052/2519 2636/1052/2520 2605/1050/2516 2898/1050/2515
f 2621/1038/2484 2632/1038/2483 2602/1036/2518 2896/1036/2517
f 2616/1069/2436 2627/1068/2435 2617/1064/2476 2618/1062/2475
f 2625/1054/2488 2637/1054/2487 2636/1052/2520 2624/1052/2519
f 2652/1088/2479 2641/1088/2479 2914/1088/2479 2665/1088/2521
f 2641/1088/2479 2654/1088/2479 2915/1088/2522 2914/1088/2479
f 2651/1001/2504 2900/1000/2523 2899/1000/2524 2656/1001/2525
f 2639/1088/2526 2659/1088/2527 2901/1088/2528 2643/1088/2529
f 2657/1088/2530 2640/1088/2531 2662/1088/2532 2906/1088/2533
f 2649/1064/2492 2648/1024/2498 2642/1024/2534 2663/1064/2535
f 2654/1088/2479 2911/1088/2479 2912/1088/2536 2915/1088/2522
f 2908/1062/2537 2669/1064/2538 2664/1064/2539 2913/1062/2540
f 2668/1089/2541 2650/1000/2542 2903/1000/2543 2905/1001/2544
f 2656/1001/2525 2899/1000/2524 2647/1000/2545 2671/1001/2546
f 2907/1062/2547 2663/1064/2535 2646/1064/2548 2660/1062/2549
f 2658/1088/2550 2653/1088/2551 2904/1088/2552 2902/1088/2553
f 2910/1062/2554 2649/1064/2492 2663/1064/2535 2907/1062/2547
f 2648/1024/2498 2651/1001/2504 2656/1001/2525 2642/1024/2534
f 2659/1088/2527 2658/1088/2550 2902/1088/2553 2901/1088/2528
f 2671/1001/2546 2647/1000/2545 2650/1000/2542 2668/1089/2541
f 2660/1062/2549 2646/1064/2548 2669/1064/2538 2908/1062/2537
f 2655/1088/2555 2661/1088/2556 2672/1088/2557 2645/1088/2558
f 2661/1088/2556 2657/1088/2530 2906/1088/2533 2672/1088/2557
f 2670/1090/2559 2668/1089/2541 2905/1001/2544 2644/1024/2560
f 2669/1064/2538 2670/1090/2559 2644/1024/2560 2664/1064/2539
f 2663/1064/2535 2642/1024/2534 2667/1090/2561 2646/1064/2548
f 2642/1024/2534 2656/1001/2525 2671/1001/2546 2667/1090/2561
f 2909/1088/2479 2652/1088/2479 2665/1088/2521 2666/1088/2562
f 2686/1088/2563 2675/1088/2563 2931/1088/2563 2699/1088/2564
f 2675/1088/2563 2688/1088/2563 2932/1088/2565 2931/1088/2563
f 2685/1001/2566 2917/1000/2567 2916/1000/2568 2690/1001/2569
f 2673/1088/2570 2693/1088/2571 2918/1088/2572 2677/1088/2573
f 2691/1088/2574 2674/1088/2575 2696/1088/2576 2923/1088/2577
f 2683/1064/2578 2682/1024/2579 2676/1024/2580 2697/1064/2581
f 2688/1088/2563 2928/1088/2563 2929/1088/2582 2932/1088/2565
f 2925/1062/2583 2703/1064/2584 2698/1064/2585 2930/1062/2586
f 2702/1089/2587 2684/1000/2588 2920/1000/2589 2922/1001/2590
f 2690/1001/2569 2916/1000/2568 2681/1000/2591 2705/1001/2592
f 2924/1062/2593 2697/1064/2581 2680/1064/2594 2694/1062/2595
f 2692/1088/2596 2687/1088/2597 2921/1088/2598 2919/1088/2599
f 2927/1062/2600 2683/1064/2578 2697/1064/2581 2924/1062/2593
f 2682/1024/2579 2685/1001/2566 2690/1001/2569 2676/1024/2580
f 2693/1088/2571 2692/1088/2596 2919/1088/2599 2918/1088/2572
f 2705/1001/2592 2681/1000/2591 2684/1000/2588 2702/1089/2587
f 2694/1062/2595 2680/1064/2594 2703/1064/2584 2925/1062/2583
f 2689/1088/2601 2695/1088/2602 2706/1088/2603 2679/1088/2604
f 2695/1088/2602 2691/1088/2574 2923/1088/2577 2706/1088/2603
f 2704/1090/2605 2702/1089/2587 2922/1001/2590 2678/1024/2606
f 2703/1064/2584 2704/1090/2605 2678/1024/2606 2698/1064/2585
f 2697/1064/2581 2676/1024/2580 2701/1090/2607 2680/1064/2594
f 2676/1024/2580 2690/1001/2569 2705/1001/2592 2701/1090/2607
f 2926/1088/2563 2686/1088/2563 2699/1088/2564 2700/1088/2608
f 2720/1088/2609 2709/1088/2609 2948/1088/2609 2733/1088/2610
f 2709/1088/2609 2722/1088/2609 2949/1088/2611 2948/1088/2609
f 2719/1001/2612 2934/1000/2613 2933/1000/2614 2724/1001/2615
f 2707/1088/2616 2727/1088/2617 2935/1088/2618 2711/1088/2619
f 2725/1088/2620 2708/1088/2621 2730/1088/2622 2940/1088/2623
f 2717/1064/2624 2716/1024/2625 2710/1024/2626 2731/1064/2627
f 2722/1088/2609 2945/1088/2609 2946/1088/2628 2949/1088/2611
f 2942/1062/2629 2737/1064/2630 2732/1064/2631 2947/1062/2632
f 2736/1089/2633 2718/1000/2634 2937/1000/2635 2939/1001/2636
f 2724/1001/2615 2933/1000/2614 2715/1000/2637 2739/1001/2638
f 2941/1062/2639 2731/1064/2627 2714/1064/2640 2728/1062/2641
f 2726/1088/2642 2721/1088/2643 2938/1088/2644 2936/1088/2645
f 2944/1062/2646 2717/1064/2624 2731/1064/2627 2941/1062/2639
f 2716/1024/2625 2719/1001/2612 2724/1001/2615 2710/1024/2626
f 2727/1088/2617 2726/1088/2642 2936/1088/2645 2935/1088/2618
f 2739/1001/2638 2715/1000/2637 2718/1000/2634 2736/1089/2633
f 2728/1062/2641 2714/1064/2640 2737/1064/2630 2942/1062/2629
f 2723/1088/2647 2729/1088/2648 2740/1088/2649 2713/1088/2650
f 2729/1088/2648 2725/1088/2620 2940/1088/2623 2740/1088/2649
f 2738/1090/2651 2736/1089/2633 2939/1001/2636 2712/1024/2652
f 2737/1064/2630 2738/1090/2651 2712/1024/2652 2732/1064/2631
f 2731/1064/2627 2710/1024/2626 2735/1090/2653 2714/1064/2640
f 2710/1024/2626 2724/1001/2615 2739/1001/2638 2735/1090/2653
f 2943/1088/2609 2720/1088/2609 2733/1088/2610 2734/1088/2654
f 2754/1088/2655 2743/1088/2655 2965/1088/2655 2767/1088/2656
f 2743/1088/2655 2756/1088/2655 2966/1088/2657 2965/1088/2655
f 2753/1001/2658 2951/1000/2659 2950/1000/2660 2758/1001/2661
f 2741/1088/2662 2761/1088/2663 2952/1088/2664 2745/1088/2665
f 2759/1088/2666 2742/1088/2667 2764/1088/2668 2957/1088/2669
f 2751/1064/2670 2750/1024/2671 2744/1024/2672 2765/1064/2673
f 2756/1088/2655 2962/1088/2655 2963/1088/2674 2966/1088/2657
f 2959/1062/2675 2771/1064/2676 2766/1064/2677 2964/1062/2678
f 2770/1089/2679 2752/1000/2680 2954/1000/2681 2956/1001/2682
f 2758/1001/2661 2950/1000/2660 2749/1000/2683 2773/1001/2684
f 2958/1062/2685 2765/1064/2673 2748/1064/2686 2762/1062/2687
f 2760/1088/2688 2755/1088/2689 2955/1088/2690 2953/1088/2691
f 2961/1062/2692 2751/1064/2670 2765/1064/2673 2958/1062/2685
f 2750/1024/2671 2753/1001/2658 2758/1001/2661 2744/1024/2672
f 2761/1088/2663 2760/1088/2688 2953/1088/2691 2952/1088/2664
f 2773/1001/2684 2749/1000/2683 2752/1000/2680 2770/1089/2679
f 2762/1062/2687 2748/1064/2686 2771/1064/2676 2959/1062/2675
f 2757/1088/2693 2763/1088/2694 2774/1088/2695 2747/1088/2696
f 2763/1088/2694 2759/1088/2666 2957/1088/2669 2774/1088/2695
f 2772/1090/2697 2770/1089/2679 2956/1001/2682 2746/1024/2698
f 2771/1064/2676 2772/1090/2697 2746/1024/2698 2766/1064/2677
f 2765/1064/2673 2744/1024/2672 2769/1090/2699 2748/1064/2686
f 2744/1024/2672 2758/1001/2661 2773/1001/2684 2769/1090/2699
f 2960/1088/2655 2754/1088/2655 2767/1088/2656 2768/1088/2700
f 2788/1088/2701 2777/1088/2701 2982/1088/2701 2801/1088/2702
f 2777/1088/2701 2790/1088/2701 2983/1088/2703 2982/1088/2701
f 2787/1001/2704 2968/1000/2705 2967/1000/2706 2792/1001/2707
f 2775/1088/2708 2795/1088/2709 2969/1088/2710 2779/1088/2711
f 2793/1088/2712 2776/1088/2713 2798/1088/2714 2974/1088/2715
f 2785/1064/2716 2784/1024/2717 2778/1024/2718 2799/1064/2719
f 2790/1088/2701 2979/1088/2701 2980/1088/2720 2983/1088/2703
f 2976/1062/2721 2805/1064/2722 2800/1064/2723 2981/1062/2724
f 2804/1089/2725 2786/1000/2726 2971/1000/2727 2973/1001/2728
f 2792/1001/2707 2967/1000/2706 2783/1000/2729 2807/1001/2730
f 2975/1062/2731 2799/1064/2719 2782/1064/2732 2796/1062/2733
f 2794/1088/2734 2789/1088/2735 2972/1088/2736 2970/1088/2737
f 2978/1062/2738 2785/1064/2716 2799/1064/2719 2975/1062/2731
f 2784/1024/2717 2787/1001/2704 2792/1001/2707 2778/1024/2718
f 2795/1088/2709 2794/1088/2734 2970/1088/2737 2969/1088/2710
f 2807/1001/2730 2783/1000/2729 2786/1000/2726 2804/1089/2725
f 2796/1062/2733 2782/1064/2732 2805/1064/2722 2976/1062/2721
f 2791/1088/2739 2797/1088/2740 2808/1088/2741 2781/1088/2742
f 2797/1088/2740 2793/1088/2712 2974/1088/2715 2808/1088/2741
f 2806/1090/2743 2804/1089/2725 2973/1001/2728 2780/1024/2744
f 2805/1064/2722 2806/1090/2743 2780/1024/2744 2800/1064/2723
f 2799/1064/2719 2778/1024/2718 2803/1090/2745 2782/1064/2732
f 2778/1024/2718 2792/1001/2707 2807/1001/2730 2803/1090/2745
f 2977/1088/2701 2788/1088/2701 2801/1088/2702 2802/1088/2746
f 2822/1088/2747 2811/1088/2747 2999/1088/2747 2835/1088/2748
f 2811/1088/2747 2824/1088/2747 3000/1088/2749 2999/1088/2747
f 2821/1001/2750 2985/1000/2751 2984/1000/2752 2826/1001/2753
f 2809/1088/2754 2829/1088/2755 2986/1088/2756 2813/1088/2757
f 2827/1088/2758 2810/1088/2759 2832/1088/2760 2991/1088/2761
f 2819/1064/2762 2818/1024/2763 2812/1024/2764 2833/1064/2765
f 2824/1088/2747 2996/1088/2747 2997/1088/2766 3000/1088/2749
f 2993/1062/2767 2839/1064/2768 2834/1064/2769 2998/1062/2770
f 2838/1089/2771 2820/1000/2772 2988/1000/2773 2990/1001/2774
f 2826/1001/2753 2984/1000/2752 2817/1000/2775 2841/1001/2776
f 2992/1062/2777 2833/1064/2765 2816/1064/2778 2830/1062/2779
f 2828/1088/2780 2823/1088/2781 2989/1088/2782 2987/1088/2783
f 2995/1062/2784 2819/1064/2762 2833/1064/2765 2992/1062/2777
f 2818/1024/2763 2821/1001/2750 2826/1001/2753 2812/1024/2764
f 2829/1088/2755 2828/1088/2780 2987/1088/2783 2986/1088/2756
f 2841/1001/2776 2817/1000/2775 2820/1000/2772 2838/1089/2771
f 2830/1062/2779 2816/1064/2778 2839/1064/2768 2993/1062/2767
f 2825/1088/2785 2831/1088/2786 2842/1088/2787 2815/1088/2788
f 2831/1088/2786 2827/1088/2758 2991/1088/2761 2842/1088/2787
f 2840/1090/2789 2838/1089/2771 2990/1001/2774 2814/1024/2790
f 2839/1064/2768 2840/1090/2789 2814/1024/2790 2834/1064/2769
f 2833/1064/2765 2812/1024/2764 2837/1090/2791 2816/1064/2778
f 2812/1024/2764 2826/1001/2753 2841/1001/2776 2837/1090/2791
f 2994/1088/2747 2822/1088/2747 2835/1088/2748 2836/1088/2792
f 2856/1088/2793 2845/1088/2793 3016/1088/2793 2869/1088/2794
f 2845/1088/2793 2858/1088/2793 3017/1088/2795 3016/1088/2793
f 2855/1001/2796 3002/1000/2797 3001/1000/2798 2860/1001/2799
f 2843/1088/2800 2863/1088/2801 3003/1088/2802 2847/1088/2803
f 2861/1088/2804 2844/1088/2805 2866/1088/2806 3008/1088/2807
f 2853/1064/2808 2852/1024/2809 2846/1024/2810 2867/1064/2811
f 2858/1088/2793 3013/1088/2793 3014/1088/2812 3017/1088/2795
f 3010/1062/2813 2873/1064/2814 2868/1064/2815 3015/1062/2816
f 2872/1089/2817 2854/1000/2818 3005/1000/2819 3007/1001/2820
f 2860/1001/2799 3001/1000/2798 2851/1000/2821 2875/1001/2822
f 3009/1062/2823 2867/1064/2811 2850/1064/2824 2864/1062/2825
f 2862/1088/2826 2857/1088/2827 3006/1088/2828 3004/1088/2829
f 3012/1062/2830 2853/1064/2808 2867/1064/2811 3009/1062/2823
f 2852/1024/2809 2855/1001/2796 2860/1001/2799 2846/1024/2810
f 2863/1088/2801 2862/1088/2826 3004/1088/2829 3003/1088/2802
f 2875/1001/2822 2851/1000/2821 2854/1000/2818 2872/1089/2817
f 2864/1062/2825 2850/1064/2824 2873/1064/2814 3010/1062/2813
f 2859/1088/2831 2865/1088/2832 2876/1088/2833 2849/1088/2834
f 2865/1088/2832 2861/1088/2804 3008/1088/2807 2876/1088/2833
f 2874/1090/2835 2872/1089/2817 3007/1001/2820 2848/1024/2836
f 2873/1064/2814 2874/1090/2835 2848/1024/2836 2868/1064/2815
f 2867/1064/2811 2846/1024/2810 2871/1090/2837 2850/1064/2824
f 2846/1024/2810 2860/1001/2799 2875/1001/2822 2871/1090/2837
f 3011/1088/2793 2856/1088/2793 2869/1088/2794 2870/1088/2838
o glr-wheel.Bk.L
v 0.678356 0.654037 -1.489968
v 0.875866 0.654037 -1.489968
v 0.678356 0.640899 -1.581342
v 0.875866 0.640899 -1.581342
v 0.678356 0.602551 -1.665312
v 0.875866 0.602551 -1.665312
v 0.678356 0.542099 -1.735078
v 0.875866 0.542099 -1.735078
v 0.678356 0.464440 -1.784986
v 0.875866 0.464440 -1.784986
v 0.678356 0.375867 -1.810994
v 0.875866 0.375867 -1.810994
v 0.678356 0.283554 -1.810994
v 0.875866 0.283554 -1.810994
v 0.678356 0.194980 -1.784986
v 0.875866 0.194980 -1.784986
v 0.678356 0.117321 -1.735078
v 0.875866 0.117321 -1.735078
v 0.678356 0.056869 -1.665312
v 0.875866 0.056869 -1.665312
v 0.678356 0.018521 -1.581342
v 0.875866 0.018521 -1.581342
v 0.678356 0.005384 -1.489968
v 0.875866 0.005384 -1.489968
v 0.678356 0.018521 -1.398595
v 0.875866 0.018521 -1.398595
v 0.678356 0.056869 -1.314624
v 0.875866 0.056869 -1.314624
v 0.678356 0.117321 -1.244859
v 0.875866 0.117321 -1.244859
v 0.678356 0.194980 -1.194951
v 0.875866 0.194980 -1.194951
v 0.678356 0.283554 -1.168943
v 0.875866 0.283554 -1.168943
v 0.678356 0.375867 -1.168943
v 0.875866 0.375866 -1.168943
v 0.678356 0.464440 -1.194950
v 0.875866 0.464440 -1.194950
v 0.678356 0.542099 -1.244859
v 0.875866 0.542099 -1.244859
v 0.678356 0.602551 -1.314624
v 0.875866 0.602551 -1.314624
v 0.678356 0.640899 -1.398595
v 0.875866 0.640899 -1.398595
v 0.889862 0.562891 -1.558436
v 0.889862 0.572735 -1.489968
v 0.889862 0.534156 -1.621357
v 0.889862 0.488858 -1.673634
v 0.889862 0.430666 -1.711031
v 0.889862 0.364296 -1.730519
v 0.889862 0.295124 -1.730519
v 0.889862 0.228754 -1.711031
v 0.889862 0.170563 -1.673634
v 0.889862 0.125265 -1.621357
v 0.889862 0.096530 -1.558436
v 0.889862 0.086685 -1.489968
v 0.889862 0.096530 -1.421500
v 0.889862 0.125265 -1.358579
v 0.889862 0.170563 -1.306303
v 0.889862 0.228754 -1.268905
v 0.889862 0.295124 -1.249417
v 0.889862 0.364296 -1.249417
v 0.889862 0.430666 -1.268905
v 0.889862 0.488857 -1.306302
v 0.889862 0.534156 -1.358579
v 0.889862 0.562891 -1.421500
v 0.666995 0.640181 -1.489968
v 0.666995 0.627605 -1.577438
v 0.666995 0.590895 -1.657822
v 0.666995 0.533026 -1.724607
v 0.666995 0.458685 -1.772383
v 0.666995 0.373895 -1.797279
v 0.666995 0.285526 -1.797279
v 0.666995 0.200736 -1.772383
v 0.666995 0.126395 -1.724607
v 0.666995 0.068525 -1.657822
v 0.666995 0.031815 -1.577438
v 0.666995 0.019239 -1.489968
v 0.666995 0.031815 -1.402499
v 0.666995 0.068525 -1.322115
v 0.666995 0.126395 -1.255330
v 0.666995 0.200736 -1.207554
v 0.666995 0.285525 -1.182657
v 0.666995 0.373895 -1.182657
v 0.666995 0.458684 -1.207554
v 0.666995 0.533025 -1.255330
v 0.666995 0.590895 -1.322115
v 0.666995 0.627605 -1.402498
v 0.889862 0.627605 -1.577438
v 0.889862 0.640181 -1.489968
v 0.889862 0.590895 -1.657822
v 0.889862 0.533026 -1.724607
v 0.889862 0.458685 -1.772383
v 0.889862 0.373895 -1.797279
v 0.889862 0.285526 -1.797279
v 0.889862 0.200736 -1.772383
v 0.889862 0.126395 -1.724607
v 0.889862 0.068525 -1.657822
v 0.889862 0.031815 -1.577438
v 0.889862 0.019239 -1.489968
v 0.889862 0.031815 -1.402499
v 0.889862 0.068525 -1.322115
v 0.889862 0.126395 -1.255330
v 0.889862 0.200736 -1.207554
v 0.889862 0.285525 -1.182657
v 0.889862 0.373895 -1.182657
v 0.889862 0.458684 -1.207554
v 0.889862 0.533025 -1.255330
v 0.889862 0.590895 -1.322115
v 0.889862 0.627605 -1.402498
v 0.867901 0.548278 -1.554146
v 0.867901 0.557505 -1.489968
v 0.867901 0.521344 -1.613124
v 0.867901 0.478884 -1.662124
v 0.867901 0.424340 -1.697178
v 0.867901 0.362129 -1.715445
v 0.867901 0.297292 -1.715445
v 0.867901 0.235081 -1.697178
v 0.867901 0.180536 -1.662124
v 0.867901 0.138077 -1.613124
v 0.867901 0.111142 -1.554146
v 0.867901 0.101915 -1.489968
v 0.867901 0.111142 -1.425791
v 0.867901 0.138077 -1.366813
v 0.867901 0.180536 -1.317812
v 0.867901 0.235081 -1.282759
v 0.867901 0.297291 -1.264492
v 0.867901 0.362129 -1.264492
v 0.867901 0.424340 -1.282758
v 0.867901 0.478884 -1.317812
v 0.867901 0.521344 -1.366813
v 0.867901 0.548278 -1.425791
v 0.867895 0.520892 -1.546104
v 0.867895 0.528963 -1.489968
v 0.867895 0.497332 -1.597692
v 0.867895 0.460193 -1.640553
v 0.867895 0.412483 -1.671215
v 0.867895 0.358067 -1.687193
v 0.867895 0.301354 -1.687193
v 0.867895 0.246938 -1.671215
v 0.867895 0.199228 -1.640553
v 0.867895 0.162088 -1.597692
v 0.867895 0.138529 -1.546104
v 0.867895 0.130458 -1.489968
v 0.867895 0.138529 -1.433833
v 0.867895 0.162088 -1.382244
v 0.867895 0.199228 -1.339383
v 0.867895 0.246938 -1.308722
v 0.867895 0.301354 -1.292744
v 0.867895 0.358067 -1.292744
v 0.867895 0.412483 -1.308722
v 0.867895 0.460193 -1.339383
v 0.867895 0.497332 -1.382244
v 0.867895 0.520891 -1.433832
v 0.824103 0.357683 -1.498182
v 0.832767 0.379891 -1.547879
v 0.832767 0.361542 -1.559671
v 0.832767 0.340615 -1.565816
v 0.832767 0.297878 -1.559671
v 0.832767 0.265247 -1.531396
v 0.832767 0.256187 -1.511557
v 0.832767 0.253083 -1.489968
v 0.832767 0.279530 -1.432057
v 0.832767 0.361542 -1.420265
v 0.832767 0.379891 -1.432057
v 0.832767 0.403234 -1.511557
v 0.832767 0.406338 -1.489968
v 0.824103 0.348802 -1.512001
v 0.824103 0.341821 -1.516487
v 0.824103 0.305185 -1.505730
v 0.824103 0.301738 -1.498182
v 0.824103 0.300557 -1.489968
v 0.824103 0.301738 -1.481755
v 0.824103 0.305185 -1.474207
v 0.824103 0.317599 -1.463449
v 0.824103 0.325561 -1.461112
v 0.824103 0.341821 -1.463449
v 0.824103 0.348802 -1.467936
v 0.809666 0.394173 -1.531396
v 0.809666 0.403234 -1.468380
v 0.809666 0.394173 -1.448540
v 0.809666 0.379891 -1.547879
v 0.809665 0.318805 -1.565816
v 0.809665 0.297878 -1.559671
v 0.809666 0.253083 -1.489968
v 0.809666 0.256187 -1.468380
v 0.809666 0.279530 -1.432057
v 0.809666 0.340615 -1.414121
v 0.809666 0.379891 -1.432057
v 0.832767 0.394173 -1.531396
v 0.824103 0.354236 -1.505730
v 0.824103 0.333859 -1.518825
v 0.824103 0.325561 -1.518825
v 0.824103 0.317599 -1.516487
v 0.824103 0.310619 -1.512001
v 0.824103 0.310619 -1.467936
v 0.824103 0.333859 -1.461112
v 0.824103 0.354236 -1.474207
v 0.832767 0.403234 -1.468380
v 0.832767 0.394173 -1.448540
v 0.824103 0.358864 -1.489968
v 0.832767 0.318805 -1.565816
v 0.832767 0.279530 -1.547879
v 0.832767 0.256187 -1.468380
v 0.832767 0.265247 -1.448540
v 0.832767 0.297878 -1.420265
v 0.832767 0.318805 -1.414121
v 0.832767 0.340615 -1.414121
v 0.824103 0.357683 -1.481755
v 0.809666 0.403234 -1.511557
v 0.809666 0.406338 -1.489968
v 0.809665 0.361542 -1.559671
v 0.809665 0.340615 -1.565816
v 0.809666 0.279530 -1.547879
v 0.809666 0.265247 -1.531396
v 0.809666 0.256187 -1.511557
v 0.809666 0.265247 -1.448540
v 0.809666 0.297878 -1.420265
v 0.809666 0.318805 -1.414121
v 0.809666 0.361542 -1.420265
v 0.808298 0.394173 -1.531396
v 0.808298 0.394173 -1.448540
v 0.844429 0.560956 -1.489968
v 0.829564 0.406338 -1.489968
v 0.829564 0.394173 -1.531396
v 0.869806 0.560956 -1.489968
v 0.869806 0.560956 -1.453734
v 0.835785 0.420655 -1.471087
v 0.835392 0.413995 -1.526202
v 0.808298 0.406338 -1.489968
v 0.808298 0.403234 -1.468380
v 0.869806 0.531688 -1.520566
v 0.808298 0.403234 -1.511557
v 0.844429 0.560956 -1.508850
v 0.844429 0.560956 -1.526202
v 0.844429 0.560956 -1.471087
v 0.844429 0.560956 -1.453734
v 0.829564 0.403234 -1.511557
v 0.813601 0.413995 -1.453734
v 0.844429 0.531688 -1.520566
v 0.813601 0.413995 -1.526202
v 0.835392 0.413995 -1.453735
v 0.844429 0.531688 -1.459370
v 0.829564 0.394173 -1.448540
v 0.829564 0.403234 -1.468380
v 0.869806 0.560956 -1.471087
v 0.869806 0.560956 -1.508850
v 0.869806 0.560956 -1.526202
v 0.838673 0.422937 -1.489968
v 0.869806 0.533014 -1.505913
v 0.869806 0.533014 -1.474023
v 0.872778 0.533469 -1.489968
v 0.835785 0.420655 -1.508850
v 0.869806 0.531688 -1.459370
v 0.808300 0.341929 -1.565615
v 0.808300 0.403597 -1.510278
v 0.844429 0.484152 -1.662079
v 0.829567 0.380887 -1.547001
v 0.829567 0.341929 -1.565615
v 0.869806 0.484152 -1.662079
v 0.869806 0.511120 -1.637880
v 0.835764 0.404503 -1.545046
v 0.835359 0.359033 -1.576899
v 0.808300 0.380887 -1.547001
v 0.808300 0.394882 -1.530272
v 0.869806 0.441831 -1.660731
v 0.808300 0.362746 -1.559109
v 0.844429 0.470098 -1.674690
v 0.844429 0.457183 -1.686279
v 0.844429 0.498205 -1.649469
v 0.844429 0.511120 -1.637880
v 0.829567 0.362746 -1.559109
v 0.813636 0.412969 -1.528500
v 0.844429 0.441831 -1.660731
v 0.813571 0.359033 -1.576899
v 0.835430 0.412969 -1.528500
v 0.844429 0.487378 -1.619861
v 0.829567 0.403597 -1.510278
v 0.829567 0.394882 -1.530272
v 0.869806 0.498205 -1.649469
v 0.869806 0.470098 -1.674690
v 0.869806 0.457183 -1.686279
v 0.838675 0.391973 -1.559355
v 0.869806 0.453623 -1.651932
v 0.869806 0.477358 -1.630634
v 0.872778 0.465794 -1.641621
v 0.835812 0.376396 -1.570267
v 0.869806 0.487378 -1.619861
v 0.808303 0.277940 -1.546463
v 0.808303 0.359593 -1.560529
v 0.844429 0.290453 -1.717857
v 0.829571 0.316702 -1.565483
v 0.829571 0.277940 -1.546463
v 0.869806 0.290453 -1.717857
v 0.869806 0.326161 -1.724008
v 0.835830 0.332879 -1.582798
v 0.835430 0.279694 -1.566878
v 0.808303 0.316702 -1.565483
v 0.808303 0.338504 -1.566090
v 0.869806 0.265268 -1.683820
v 0.808303 0.295953 -1.558760
v 0.844429 0.271845 -1.714651
v 0.844429 0.254745 -1.711706
v 0.844429 0.309061 -1.721062
v 0.844429 0.326161 -1.724008
v 0.829571 0.295953 -1.558760
v 0.813555 0.351110 -1.579181
v 0.844429 0.265268 -1.683820
v 0.813635 0.279694 -1.566878
v 0.835341 0.351110 -1.579181
v 0.844429 0.325575 -1.694209
v 0.829571 0.359593 -1.560529
v 0.829571 0.338504 -1.566090
v 0.869806 0.309061 -1.721062
v 0.869806 0.271845 -1.714651
v 0.869806 0.254745 -1.711706
v 0.838679 0.313884 -1.581841
v 0.869806 0.279483 -1.687614
v 0.869806 0.310910 -1.693028
v 0.872778 0.295119 -1.690769
v 0.835753 0.295663 -1.576387
v 0.869806 0.325575 -1.694209
v 0.808388 0.253549 -1.481525
v 0.808388 0.290392 -1.555739
v 0.844429 0.122584 -1.592793
v 0.829664 0.261075 -1.524041
v 0.829664 0.253549 -1.481525
v 0.869806 0.122584 -1.592793
v 0.869806 0.138695 -1.625248
v 0.835805 0.256647 -1.547320
v 0.835294 0.238105 -1.494992
v 0.808388 0.261075 -1.524041
v 0.808388 0.273455 -1.541998
v 0.869806 0.135193 -1.552373
v 0.808388 0.254256 -1.503324
v 0.844429 0.114188 -1.575881
v 0.844429 0.106472 -1.560339
v 0.844429 0.130980 -1.609706
v 0.844429 0.138695 -1.625248
v 0.829664 0.254256 -1.503324
v 0.813488 0.270328 -1.559901
v 0.844429 0.135193 -1.552373
v 0.813511 0.238105 -1.494992
v 0.835269 0.270328 -1.559901
v 0.844429 0.162404 -1.607186
v 0.829664 0.290392 -1.555739
v 0.829664 0.273455 -1.541998
v 0.869806 0.130980 -1.609706
v 0.869806 0.114188 -1.575881
v 0.869806 0.106472 -1.560339
v 0.838778 0.246207 -1.531422
v 0.869806 0.140521 -1.566087
v 0.869806 0.154701 -1.594651
v 0.872778 0.147204 -1.580571
v 0.835736 0.239855 -1.513495
v 0.869806 0.162404 -1.607186
v 0.808299 0.297046 -1.420652
v 0.808299 0.253088 -1.490886
v 0.844429 0.133691 -1.367286
v 0.829566 0.264756 -1.449315
v 0.829566 0.297046 -1.420652
v 0.869806 0.133691 -1.367286
v 0.869806 0.114468 -1.398000
v 0.835770 0.242602 -1.457725
v 0.835369 0.277488 -1.414539
v 0.808299 0.264756 -1.449315
v 0.808299 0.255934 -1.469262
v 0.869806 0.174734 -1.356876
v 0.808299 0.278840 -1.432662
v 0.844429 0.143709 -1.351280
v 0.844429 0.152915 -1.336572
v 0.844429 0.123674 -1.383291
v 0.844429 0.114468 -1.398000
v 0.829566 0.278840 -1.432662
v 0.813625 0.239042 -1.475967
v 0.844429 0.174734 -1.356876
v 0.813580 0.277488 -1.414539
v 0.835418 0.239042 -1.475967
v 0.844429 0.142268 -1.408750
v 0.829566 0.253088 -1.490886
v 0.829566 0.255934 -1.469262
v 0.869806 0.123674 -1.383291
v 0.869806 0.143709 -1.351280
v 0.869806 0.152915 -1.336572
v 0.838674 0.250686 -1.440509
v 0.869806 0.165835 -1.368594
v 0.869806 0.148917 -1.395625
v 0.872778 0.156991 -1.381868
v 0.835803 0.262637 -1.425714
v 0.869806 0.142268 -1.408750
v 0.808298 0.361436 -1.420217
v 0.808298 0.279441 -1.432134
v 0.844429 0.296450 -1.261128
v 0.829564 0.318689 -1.414138
v 0.829564 0.361436 -1.420217
v 0.869806 0.296450 -1.261128
v 0.869806 0.260593 -1.266339
v 0.835783 0.297944 -1.402685
v 0.835389 0.353445 -1.401348
v 0.808298 0.318689 -1.414138
v 0.808298 0.297771 -1.420314
v 0.869806 0.330939 -1.285690
v 0.808298 0.340499 -1.414104
v 0.844429 0.315135 -1.258412
v 0.844429 0.332307 -1.255916
v 0.844429 0.277764 -1.263843
v 0.844429 0.260593 -1.266339
v 0.829564 0.340499 -1.414104
v 0.813604 0.281730 -1.411772
v 0.844429 0.330939 -1.285690
v 0.813598 0.353445 -1.401348
v 0.835395 0.281730 -1.411772
v 0.844429 0.270380 -1.294492
v 0.829564 0.279441 -1.432134
v 0.829564 0.297771 -1.420314
v 0.869806 0.277764 -1.263843
v 0.869806 0.315135 -1.258412
v 0.869806 0.332307 -1.255916
v 0.838673 0.316301 -1.397711
v 0.869806 0.316247 -1.286485
v 0.869806 0.284690 -1.291072
v 0.872778 0.300403 -1.288329
v 0.835787 0.335315 -1.397253
v 0.869806 0.270380 -1.294492
v 0.808298 0.403197 -1.468254
v 0.808298 0.340485 -1.414102
v 0.844429 0.480843 -1.314945
v 0.829565 0.379791 -1.431971
v 0.829564 0.403197 -1.468254
v 0.869806 0.480843 -1.314945
v 0.869806 0.453419 -1.291264
v 0.835783 0.374857 -1.408794
v 0.835389 0.412220 -1.449856
v 0.808298 0.379791 -1.431971
v 0.808298 0.361423 -1.420211
v 0.869806 0.484874 -1.357094
v 0.808298 0.394102 -1.448430
v 0.844429 0.495134 -1.327285
v 0.844429 0.508268 -1.338626
v 0.844429 0.466552 -1.302604
v 0.844429 0.453419 -1.291264
v 0.829564 0.394102 -1.448430
v 0.813604 0.357371 -1.402494
v 0.844429 0.484874 -1.357094
v 0.813598 0.412220 -1.449856
v 0.835396 0.357371 -1.402494
v 0.844429 0.438556 -1.317099
v 0.829564 0.340485 -1.414102
v 0.829564 0.361423 -1.420211
v 0.869806 0.466552 -1.302604
v 0.869806 0.495134 -1.327285
v 0.869806 0.508268 -1.338626
v 0.838673 0.390639 -1.419408
v 0.869806 0.474650 -1.346514
v 0.869806 0.450514 -1.325672
v 0.872778 0.462879 -1.335749
v 0.835787 0.403439 -1.433475
v 0.869806 0.438556 -1.317099
v 0.832767 0.403234 -1.511557
v 0.832767 0.406338 -1.489968
v 0.832767 0.361542 -1.559671
v 0.832767 0.379891 -1.547879
v 0.832767 0.340615 -1.565816
v 0.832767 0.256187 -1.511557
v 0.832767 0.265247 -1.531396
v 0.832767 0.253083 -1.489968
v 0.832767 0.379891 -1.432057
v 0.832767 0.361542 -1.420265
v 0.832767 0.403234 -1.468380
v 0.832767 0.394173 -1.448540
v 0.832767 0.265247 -1.448540
v 0.832767 0.256187 -1.468380
v 0.832767 0.318805 -1.414121
v 0.832767 0.297878 -1.420265
v 0.832767 0.340615 -1.414121
v 0.832767 0.394173 -1.531396
v 0.832767 0.318805 -1.565816
v 0.832767 0.297878 -1.559671
v 0.832767 0.279530 -1.547879
v 0.832767 0.279530 -1.432057
v 0.829564 0.394173 -1.531396
v 0.808298 0.394173 -1.531396
v 0.835392 0.413995 -1.526202
v 0.869806 0.531688 -1.520566
v 0.869806 0.560956 -1.526202
v 0.869806 0.560956 -1.526202
v 0.869806 0.560956 -1.508850
v 0.835392 0.413995 -1.453735
v 0.829564 0.394173 -1.448540
v 0.869806 0.531688 -1.459370
v 0.844429 0.560956 -1.526202
v 0.808298 0.394173 -1.448540
v 0.844429 0.560956 -1.453734
v 0.869806 0.560956 -1.453734
v 0.869806 0.560956 -1.453734
v 0.869806 0.560956 -1.489968
v 0.869806 0.560956 -1.471087
v 0.829567 0.341929 -1.565615
v 0.808300 0.341929 -1.565615
v 0.835359 0.359033 -1.576899
v 0.869806 0.441831 -1.660731
v 0.869806 0.457183 -1.686279
v 0.869806 0.457183 -1.686279
v 0.869806 0.470098 -1.674690
v 0.835430 0.412969 -1.528500
v 0.829567 0.403597 -1.510278
v 0.869806 0.487378 -1.619861
v 0.844429 0.457183 -1.686279
v 0.808300 0.403597 -1.510278
v 0.844429 0.511120 -1.637880
v 0.869806 0.511120 -1.637880
v 0.869806 0.511120 -1.637880
v 0.869806 0.484152 -1.662079
v 0.869806 0.498205 -1.649469
v 0.829571 0.277940 -1.546463
v 0.808303 0.277940 -1.546463
v 0.835430 0.279694 -1.566878
v 0.869806 0.265268 -1.683820
v 0.869806 0.254745 -1.711706
v 0.869806 0.254745 -1.711706
v 0.869806 0.271845 -1.714651
v 0.835341 0.351110 -1.579181
v 0.829571 0.359593 -1.560529
v 0.869806 0.325575 -1.694209
v 0.844429 0.254745 -1.711706
v 0.808303 0.359593 -1.560529
v 0.844429 0.326161 -1.724008
v 0.869806 0.326161 -1.724008
v 0.869806 0.326161 -1.724008
v 0.869806 0.290453 -1.717857
v 0.869806 0.309061 -1.721062
v 0.829664 0.253549 -1.481525
v 0.808388 0.253549 -1.481525
v 0.835294 0.238105 -1.494992
v 0.869806 0.135193 -1.552373
v 0.869806 0.106472 -1.560339
v 0.869806 0.106472 -1.560339
v 0.869806 0.114188 -1.575881
v 0.835269 0.270328 -1.559901
v 0.829664 0.290392 -1.555739
v 0.869806 0.162404 -1.607186
v 0.844429 0.106472 -1.560339
v 0.808388 0.290392 -1.555739
v 0.844429 0.138695 -1.625248
v 0.869806 0.138695 -1.625248
v 0.869806 0.138695 -1.625248
v 0.869806 0.122584 -1.592793
v 0.869806 0.130980 -1.609706
v 0.829566 0.297046 -1.420652
v 0.808299 0.297046 -1.420652
v 0.835369 0.277488 -1.414539
v 0.869806 0.174734 -1.356876
v 0.869806 0.152915 -1.336572
v 0.869806 0.152915 -1.336572
v 0.869806 0.143709 -1.351280
v 0.835418 0.239042 -1.475967
v 0.829566 0.253088 -1.490886
v 0.869806 0.142268 -1.408750
v 0.844429 0.152915 -1.336572
v 0.808299 0.253088 -1.490886
v 0.844429 0.114468 -1.398000
v 0.869806 0.114468 -1.398000
v 0.869806 0.114468 -1.398000
v 0.869806 0.133691 -1.367286
v 0.869806 0.123674 -1.383291
v 0.829564 0.361436 -1.420217
v 0.808298 0.361436 -1.420217
v 0.835389 0.353445 -1.401348
v 0.869806 0.330939 -1.285690
v 0.869806 0.332307 -1.255916
v 0.869806 0.332307 -1.255916
v 0.869806 0.315135 -1.258412
v 0.835395 0.281730 -1.411772
v 0.829564 0.279441 -1.432134
v 0.869806 0.270380 -1.294492
v 0.844429 0.332307 -1.255916
v 0.808298 0.279441 -1.432134
v 0.844429 0.260593 -1.266339
v 0.869806 0.260593 -1.266339
v 0.869806 0.260593 -1.266339
v 0.869806 0.296450 -1.261128
v 0.869806 0.277764 -1.263843
v 0.829564 0.403197 -1.468254
v 0.808298 0.403197 -1.468254
v 0.835389 0.412220 -1.449856
v 0.869806 0.484874 -1.357094
v 0.869806 0.508268 -1.338626
v 0.869806 0.508268 -1.338626
v 0.869806 0.495134 -1.327285
v 0.835396 0.357371 -1.402494
v 0.829564 0.340485 -1.414102
v 0.869806 0.438556 -1.317099
v 0.844429 0.508268 -1.338626
v 0.808298 0.340485 -1.414102
v 0.844429 0.453419 -1.291264
v 0.869806 0.453419 -1.291264
v 0.869806 0.453419 -1.291264
v 0.869806 0.480843 -1.314945
v 0.869806 0.466552 -1.302604
vn -0.4135 0.9105 -0.0000
vn 0.3687 0.9295 -0.0000
vn 0.3687 0.8919 -0.2619
vn -0.4135 0.8736 -0.2565
vn 0.3687 0.7820 -0.5025
vn -0.4135 0.7660 -0.4923
vn 0.3687 0.6087 -0.7025
vn -0.4135 0.5963 -0.6881
vn 0.3687 0.3861 -0.8455
vn -0.4135 0.3782 -0.8282
vn 0.3687 0.1323 -0.9201
vn -0.4135 0.1296 -0.9013
vn 0.3687 -0.1323 -0.9201
vn -0.4135 -0.1296 -0.9013
vn 0.3687 -0.3861 -0.8455
vn -0.4135 -0.3782 -0.8282
vn 0.3687 -0.6087 -0.7025
vn -0.4135 -0.5963 -0.6881
vn 0.3687 -0.7820 -0.5025
vn -0.4135 -0.7660 -0.4923
vn 0.3687 -0.8919 -0.2619
vn -0.4135 -0.8736 -0.2565
vn 0.3687 -0.9295 -0.0000
vn -0.4135 -0.9105 -0.0000
vn 0.3687 -0.8919 0.2619
vn -0.4135 -0.8736 0.2565
vn 0.3687 -0.7820 0.5025
vn -0.4135 -0.7660 0.4923
vn 0.3687 -0.6087 0.7025
vn -0.4135 -0.5963 0.6881
vn 0.3687 -0.3861 0.8455
vn -0.4135 -0.3782 0.8282
vn 0.3687 -0.1323 0.9201
vn -0.4135 -0.1296 0.9013
vn 0.3687 0.1323 0.9201
vn -0.4135 0.1296 0.9013
vn 0.3687 0.3861 0.8455
vn -0.4135 0.3782 0.8282
vn 0.3687 0.6087 0.7025
vn -0.4135 0.5963 0.6881
vn 0.3687 0.7820 0.5025
vn -0.4135 0.7660 0.4923
vn 0.9103 0.0589 -0.4098
vn 0.9103 -0.0589 -0.4098
vn 0.3687 0.8919 0.2619
vn -0.4135 0.8736 0.2565
vn -0.9317 0.1509 -0.3304
vn -0.9317 0.2379 -0.2745
vn 0.9031 -0.3613 0.2322
vn 0.9031 -0.4120 0.1210
vn 0.8685 -0.4756 0.1396
vn 0.8685 -0.4170 0.2680
vn 0.9103 -0.3972 -0.1166
vn 0.9103 -0.4140 -0.0000
vn 0.9103 -0.1720 0.3766
vn 0.9103 -0.0589 0.4098
vn 0.9103 0.3483 0.2238
vn 0.9103 0.3972 0.1166
vn 0.9103 0.2711 -0.3129
vn 0.9103 0.1720 -0.3766
vn 0.9103 -0.2711 -0.3129
vn 0.9103 -0.3483 -0.2238
vn 0.9103 -0.3483 0.2238
vn 0.9103 -0.2711 0.3129
vn 0.9103 0.1720 0.3766
vn 0.9103 0.2711 0.3129
vn 0.9103 0.3972 -0.1166
vn 0.9103 0.3483 -0.2238
vn 0.9103 -0.1720 -0.3766
vn 0.9103 -0.3972 0.1166
vn 0.9103 0.0589 0.4098
vn 0.9103 0.4140 -0.0000
vn -0.9317 0.3632 -0.0000
vn -0.9317 0.3485 -0.1023
vn -0.9317 0.3056 -0.1964
vn -0.9317 0.0517 -0.3595
vn -0.9317 -0.0517 -0.3595
vn -0.9317 -0.1509 -0.3304
vn -0.9317 -0.2379 -0.2745
vn -0.9317 -0.3056 -0.1964
vn -0.9317 -0.3485 -0.1023
vn -0.9317 -0.3632 -0.0000
vn -0.9317 -0.3485 0.1023
vn -0.9317 -0.3056 0.1964
vn -0.9317 -0.2379 0.2745
vn -0.9317 -0.1509 0.3304
vn -0.9317 -0.0517 0.3595
vn -0.9317 0.0517 0.3595
vn -0.9317 0.1509 0.3304
vn -0.9317 0.2379 0.2745
vn -0.9317 0.3056 0.1964
vn -0.9317 0.3485 0.1023
vn 0.9031 -0.4294 -0.0000
vn 0.9031 -0.2812 0.3245
vn 0.9031 -0.1784 0.3906
vn 0.9031 -0.0611 0.4250
vn 0.9031 0.0611 0.4250
vn 0.9031 0.1784 0.3906
vn 0.9031 0.2812 0.3245
vn 0.9031 0.3613 0.2322
vn 0.9031 0.4120 0.1210
vn 0.9031 0.4294 -0.0000
vn 0.9031 0.4120 -0.1210
vn 0.9031 0.3613 -0.2322
vn 0.9031 0.2812 -0.3245
vn 0.9031 0.1784 -0.3906
vn 0.9031 0.0611 -0.4250
vn 0.9031 -0.0611 -0.4250
vn 0.9031 -0.1784 -0.3906
vn 0.9031 -0.2812 -0.3245
vn 0.9031 -0.3613 -0.2322
vn 0.9031 -0.4120 -0.1210
vn 0.8685 0.4756 0.1396
vn 0.8685 0.4169 0.2680
vn 1.0000 0.0002 0.0001
vn 0.8685 0.0705 -0.4906
vn 0.8685 -0.0705 -0.4906
vn 0.8685 -0.3246 0.3746
vn 0.8685 -0.2059 -0.4508
vn 0.8685 0.4956 -0.0000
vn 0.8685 -0.2059 0.4508
vn 0.8685 -0.3246 -0.3746
vn 0.8685 0.4756 -0.1396
vn 0.8685 -0.0705 0.4906
vn 0.8685 -0.4169 -0.2680
vn 0.8685 0.4169 -0.2680
vn 0.8685 0.0705 0.4906
vn 0.8685 -0.4756 -0.1396
vn 0.8685 0.3246 -0.3746
vn 0.8685 0.2059 0.4508
vn 0.8685 -0.4956 -0.0000
vn 0.8685 0.2059 -0.4508
vn 0.8685 0.3246 0.3746
vn 1.0000 -0.0002 0.0001
vn 1.0000 -0.0001 0.0002
vn 1.0000 -0.0000 -0.0002
vn 1.0000 -0.0001 -0.0002
vn 1.0000 0.0002 -0.0000
vn 1.0000 0.0002 -0.0001
vn 1.0000 -0.0000 0.0002
vn 1.0000 -0.0002 -0.0001
vn 1.0000 0.0001 -0.0002
vn 1.0000 0.0001 0.0002
vn 1.0000 -0.0002 -0.0000
vn 0.9993 0.0366 -0.0075
vn 0.9993 0.0372 0.0031
vn 0.9916 -0.0631 -0.1125
vn 0.9916 -0.0289 -0.1257
vn 0.9993 0.0220 0.0302
vn 0.9993 0.0127 0.0351
vn 0.9993 0.0022 0.0373
vn 0.9993 -0.0084 0.0364
vn 0.9993 -0.0183 0.0326
vn 0.9993 -0.0267 0.0261
vn 0.9993 -0.0330 0.0175
vn 0.9993 -0.0366 0.0075
vn 0.9993 -0.0372 -0.0031
vn 0.9993 -0.0349 -0.0134
vn 0.9993 -0.0297 -0.0227
vn 0.9993 -0.0220 -0.0302
vn 0.9993 -0.0127 -0.0351
vn 0.9993 -0.0022 -0.0373
vn 0.9993 0.0084 -0.0364
vn 0.9993 0.0183 -0.0326
vn 0.9993 0.0267 -0.0261
vn 0.9993 0.0330 -0.0175
vn 0.9831 -0.1747 0.0545
vn 0.9836 -0.1802 0.0046
vn 0.9831 -0.1522 0.1015
vn 0.9831 -0.1175 0.1403
vn 0.9831 -0.0732 0.1677
vn 0.9831 -0.0230 0.1815
vn 0.9831 0.0291 0.1806
vn 0.9831 0.0788 0.1651
vn 0.9831 0.1221 0.1362
vn 0.9831 0.1555 0.0963
vn 0.9831 0.1764 0.0486
vn 0.9831 0.1829 -0.0031
vn 0.9831 0.1747 -0.0545
vn 0.9831 0.1522 -0.1015
vn 0.9831 0.1175 -0.1402
vn 0.9830 0.0740 -0.1681
vn 0.9830 0.0236 -0.1821
vn 0.9831 -0.0291 -0.1806
vn 0.9831 -0.0788 -0.1651
vn 0.9831 -0.1221 -0.1362
vn 0.9832 -0.1556 -0.0954
vn 0.9830 -0.1769 -0.0493
vn -0.0035 0.9585 -0.2852
vn -0.0000 0.9595 -0.2817
vn -0.0000 1.0000 -0.0000
vn -0.0000 1.0000 -0.0050
vn -0.0034 -0.8432 -0.5377
vn -0.0000 -0.8413 -0.5406
vn -0.0000 -0.6549 -0.7558
vn -0.0034 -0.6575 -0.7534
vn -0.0035 0.1459 0.9893
vn -0.0000 0.1423 0.9898
vn -0.0000 -0.1423 0.9898
vn -0.0043 -0.1394 0.9902
vn -0.0034 0.8393 -0.5436
vn -0.0000 0.8413 -0.5406
vn -0.0035 -0.9605 -0.2783
vn -0.0000 -0.9595 -0.2817
vn -0.0035 0.6521 -0.7581
vn -0.0000 0.6549 -0.7557
vn -0.0035 0.4187 0.9081
vn -0.0000 0.4154 0.9096
vn -0.0035 -1.0000 0.0036
vn -0.0000 -1.0000 -0.0000
vn -0.0035 0.4122 -0.9111
vn -0.0000 0.4154 -0.9096
vn -0.0034 0.6575 0.7534
vn -0.0000 0.6549 0.7558
vn -0.0035 -0.9585 0.2852
vn -0.0000 -0.9595 0.2817
vn -0.0035 0.1388 -0.9903
vn -0.0000 0.1423 -0.9898
vn -0.0029 0.8436 0.5369
vn -0.0000 0.8413 0.5406
vn -0.0034 -0.8393 0.5436
vn -0.0000 -0.8413 0.5406
vn -0.0035 -0.1459 -0.9893
vn -0.0000 -0.1423 -0.9898
vn -0.0043 0.9603 0.2789
vn -0.0000 0.9595 0.2817
vn -0.0034 -0.6522 0.7581
vn -0.0000 -0.6549 0.7557
vn -0.0035 -0.4187 -0.9081
vn -0.0000 -0.4154 -0.9096
vn -0.0044 -0.4127 0.9109
vn -0.0000 -0.4154 0.9096
vn -0.0064 0.9998 0.0192
vn -0.0116 0.9996 -0.0250
vn -0.0000 -0.9096 0.4154
vn 0.7072 -0.3120 0.6345
vn 0.4777 -0.8688 0.1305
vn -0.0000 0.2535 -0.9673
vn -0.0000 0.1682 -0.9857
vn -0.0373 0.1436 -0.9889
vn -0.5188 0.2167 -0.8270
vn -0.0000 0.1682 0.9857
vn -0.0000 0.2535 0.9673
vn 0.1419 0.6994 0.7005
vn -0.0313 0.1494 0.9883
vn 0.5576 -0.8300 0.0098
vn 0.4777 -0.8688 -0.1304
vn -0.0000 0.9944 -0.1060
vn 0.9881 -0.1350 -0.0742
vn 0.9898 -0.1343 0.0485
vn 0.9978 0.0111 0.0651
vn 0.9944 -0.1041 -0.0200
vn 0.9906 -0.1283 -0.0481
vn 0.9803 -0.1953 0.0291
vn 0.9964 -0.0531 0.0666
vn 0.9981 0.0164 -0.0592
vn 0.9365 -0.3192 0.1452
vn 0.9428 -0.3333 0.0017
vn -0.2388 -0.8870 -0.3952
vn 0.9412 -0.3377 -0.0103
vn 0.9348 -0.3264 -0.1397
vn -0.0000 -0.0621 -0.9981
vn -0.0000 -0.1891 -0.9820
vn -0.0590 -0.2487 -0.9668
vn -0.0005 -0.0384 -0.9993
vn -0.0000 -0.9096 -0.4154
vn -0.0000 -0.1891 0.9820
vn -0.0000 -0.0621 0.9981
vn -0.0406 -0.0831 0.9957
vn -0.1060 -0.1880 0.9764
vn 0.9935 -0.1142 -0.0002
vn 0.9988 0.0490 -0.0000
vn 0.9324 -0.3615 0.0002
vn -0.0614 0.9964 0.0590
vn -0.0000 0.6679 -0.7443
vn -0.0064 0.6820 -0.7313
vn -0.0116 0.6490 -0.7607
vn -0.0000 -0.4311 0.9023
vn -0.0000 -0.2983 0.9545
vn 0.7071 0.2639 0.6560
vn 0.4779 -0.4835 0.7334
vn -0.0000 -0.5507 -0.8347
vn -0.0000 -0.6213 -0.7835
vn -0.0373 -0.6401 -0.7674
vn -0.5188 -0.4708 -0.7136
vn -0.0000 0.8460 0.5331
vn -0.0000 0.8893 0.4574
vn 0.1427 0.9884 -0.0525
vn -0.0313 0.8353 0.5488
vn -0.0000 -0.8505 0.5260
vn -0.0000 -0.6679 0.7443
vn 0.5576 -0.5467 0.6246
vn 0.4775 -0.6777 0.5592
vn -0.0000 0.5852 -0.8109
vn 0.9880 -0.1461 0.0503
vn 0.9898 -0.0538 0.1322
vn 0.9978 0.0558 0.0352
vn 0.9944 -0.0844 0.0641
vn 0.9906 -0.1216 0.0632
vn 0.9803 -0.1095 0.1642
vn 0.9964 0.0141 0.0840
vn 0.9981 -0.0331 -0.0517
vn 0.9369 -0.1062 0.3332
vn 0.9428 -0.2218 0.2488
vn -0.2388 -0.8868 0.3957
vn 0.9412 -0.2336 0.2440
vn 0.9345 -0.3235 0.1487
vn -0.0000 -0.7843 -0.6203
vn -0.0000 -0.8571 -0.5151
vn -0.0590 -0.8856 -0.4606
vn -0.0005 -0.7694 -0.6388
vn -0.0000 -0.9167 0.3996
vn -0.0000 0.6046 0.7966
vn -0.0000 0.7013 0.7128
vn -0.0406 0.6856 0.7269
vn -0.1060 0.6012 0.7921
vn 0.9935 -0.0762 0.0851
vn 0.9988 0.0327 -0.0365
vn 0.9324 -0.2408 0.2697
vn -0.0614 0.7094 -0.7022
vn -0.0000 -0.1698 -0.9855
vn -0.0064 -0.1509 -0.9885
vn -0.0116 -0.1943 -0.9809
vn -0.0000 0.4405 0.8977
vn -0.0000 0.5638 0.8259
vn 0.7072 0.6783 0.1996
vn 0.4777 0.2765 0.8339
vn -0.0000 -0.9963 -0.0856
vn -0.0000 -1.0000 0.0015
vn -0.0373 -0.9990 0.0263
vn -0.5188 -0.8518 -0.0732
vn -0.0000 0.9429 -0.3331
vn -0.0000 0.9103 -0.4140
vn 0.1406 0.5715 -0.8085
vn -0.0313 0.9485 -0.3151
vn -0.0000 -0.1148 0.9934
vn -0.0000 0.1698 0.9855
vn 0.5576 0.1500 0.8164
vn 0.4780 0.0198 0.8781
vn -0.0000 -0.2733 -0.9619
vn 0.9882 -0.0488 0.1454
vn 0.9897 0.0710 0.1240
vn 0.9978 0.0622 -0.0220
vn 0.9944 -0.0021 0.1060
vn 0.9906 -0.0254 0.1346
vn 0.9803 0.0629 0.1874
vn 0.9964 0.0746 0.0410
vn 0.9981 -0.0611 -0.0061
vn 0.9362 0.1992 0.2897
vn 0.9429 0.0587 0.3279
vn -0.2388 -0.2379 0.9415
vn 0.9412 0.0480 0.3344
vn 0.9354 -0.0796 0.3444
vn -0.0000 -0.9730 0.2307
vn -0.0000 -0.9356 0.3531
vn -0.0590 -0.9105 0.4092
vn -0.0005 -0.9782 0.2075
vn -0.0000 -0.2550 0.9670
vn -0.0000 0.9998 0.0196
vn -0.0000 0.9941 -0.1082
vn -0.0406 0.9954 -0.0871
vn -0.1060 0.9942 0.0195
vn 0.9935 0.0187 0.1126
vn 0.9988 -0.0083 -0.0483
vn 0.9324 0.0606 0.3564
vn -0.0614 -0.1110 -0.9919
vn -0.0000 -0.8957 -0.4447
vn -0.0064 -0.8870 -0.4617
vn -0.0116 -0.9065 -0.4221
vn -0.0000 0.9847 0.1743
vn -0.0000 0.9995 0.0324
vn 0.7064 0.5604 -0.4324
vn 0.4814 0.8336 0.2709
vn -0.0000 -0.6572 0.7537
vn -0.0000 -0.5888 0.8083
vn -0.0373 -0.5685 0.8218
vn -0.5188 -0.5618 0.6444
vn -0.0000 0.2879 -0.9577
vn -0.0000 0.2031 -0.9792
vn 0.1369 -0.3163 -0.9387
vn -0.0314 0.3054 -0.9517
vn -0.0000 0.7341 0.6790
vn -0.0000 0.8957 0.4447
vn 0.5589 0.7468 0.3604
vn 0.4810 0.7202 0.4999
vn -0.0000 -0.9378 -0.3472
vn 0.9882 0.0890 0.1247
vn 0.9897 0.1425 0.0148
vn 0.9978 0.0190 -0.0632
vn 0.9944 0.0843 0.0642
vn 0.9905 0.0929 0.1014
vn 0.9803 0.1878 0.0615
vn 0.9964 0.0771 -0.0360
vn 0.9981 -0.0410 0.0457
vn 0.9389 0.3441 0.0129
vn 0.9437 0.2956 0.1486
vn -0.2375 0.6201 0.7477
vn 0.9420 0.2977 0.1552
vn 0.9374 0.2285 0.2626
vn -0.0000 -0.3882 0.9216
vn -0.0000 -0.2673 0.9636
vn -0.0590 -0.2071 0.9765
vn -0.0005 -0.4099 0.9121
vn -0.0000 0.6300 0.7766
vn -0.0000 0.6060 -0.7955
vn -0.0000 0.4994 -0.8664
vn -0.0406 0.5172 -0.8549
vn -0.1060 0.6026 -0.7910
vn 0.9935 0.1018 0.0513
vn 0.9988 -0.0439 -0.0218
vn 0.9329 0.3222 0.1608
vn -0.0614 -0.8662 -0.4959
vn -0.0000 -0.8477 0.5305
vn -0.0064 -0.8577 0.5142
vn -0.0116 -0.8341 0.5515
vn -0.0000 0.6639 -0.7479
vn -0.0000 0.5507 -0.8347
vn 0.7071 -0.0722 -0.7034
vn 0.4778 0.6674 -0.5712
vn -0.0000 0.2983 0.9545
vn -0.0000 0.3804 0.9248
vn -0.0373 0.4029 0.9145
vn -0.5188 0.2550 0.8160
vn -0.0000 -0.6656 -0.7463
vn -0.0000 -0.7281 -0.6855
vn 0.1425 -0.9644 -0.2229
vn -0.0313 -0.6510 -0.7585
vn -0.0000 0.9628 -0.2702
vn -0.0000 0.8477 -0.5305
vn 0.5576 0.6982 -0.4489
vn 0.4776 0.8059 -0.3500
vn -0.0000 -0.7867 0.6174
vn 0.9880 0.1542 -0.0082
vn 0.9898 0.0882 -0.1122
vn 0.9978 -0.0439 -0.0493
vn 0.9944 0.0989 -0.0382
vn 0.9906 0.1343 -0.0272
vn 0.9803 0.1505 -0.1277
vn 0.9964 0.0097 -0.0846
vn 0.9981 0.0175 0.0589
vn 0.9367 0.1940 -0.2913
vn 0.9428 0.2818 -0.1779
vn -0.2388 0.9616 -0.1352
vn 0.9412 0.2919 -0.1701
vn 0.9346 0.3516 -0.0538
vn -0.0000 0.5822 0.8131
vn -0.0000 0.6813 0.7321
vn -0.0590 0.7237 0.6876
vn -0.0005 0.5627 0.8267
vn -0.0000 0.9915 -0.1305
vn -0.0000 -0.3607 -0.9327
vn -0.0000 -0.4768 -0.8790
vn -0.0406 -0.4578 -0.8881
vn -0.1060 -0.3586 -0.9274
vn 0.9935 0.0968 -0.0606
vn 0.9988 -0.0415 0.0260
vn 0.9324 0.3061 -0.1924
vn -0.0614 -0.8759 0.4786
vn -0.0000 -0.1438 0.9896
vn -0.0064 -0.1628 0.9866
vn -0.0116 -0.1191 0.9928
vn -0.0000 -0.1408 -0.9900
vn -0.0000 -0.2803 -0.9599
vn 0.7072 -0.5830 -0.4000
vn 0.4777 -0.0041 -0.8785
vn -0.0000 0.9208 0.3900
vn -0.0000 0.9513 0.3083
vn -0.0373 0.9580 0.2844
vn -0.5188 0.7872 0.3334
vn -0.0000 -0.9997 0.0247
vn -0.0000 -0.9937 0.1117
vn 0.1420 -0.7938 0.5913
vn -0.0313 -0.9995 0.0057
vn -0.0000 0.4168 -0.9090
vn -0.0000 0.1438 -0.9896
vn 0.5576 0.1096 -0.8228
vn 0.4777 0.2541 -0.8410
vn -0.0000 -0.0381 0.9993
vn 0.9881 0.0930 -0.1229
vn 0.9898 -0.0287 -0.1399
vn 0.9978 -0.0660 0.0016
vn 0.9944 0.0348 -0.1001
vn 0.9906 0.0660 -0.1200
vn 0.9803 -0.0006 -0.1975
vn 0.9964 -0.0582 -0.0621
vn 0.9981 0.0562 0.0248
vn 0.9365 -0.0977 -0.3368
vn 0.9428 0.0463 -0.3301
vn -0.2388 0.5187 -0.8209
vn 0.9412 0.0588 -0.3327
vn 0.9348 0.1854 -0.3029
vn -0.0000 0.9966 0.0821
vn -0.0000 0.9989 -0.0459
vn -0.0590 0.9925 -0.1070
vn -0.0005 0.9944 0.1057
vn -0.0000 0.5419 -0.8404
vn -0.0000 -0.9445 -0.3284
vn -0.0000 -0.9788 -0.2051
vn -0.0406 -0.9734 -0.2255
vn -0.1060 -0.9392 -0.3265
vn 0.9935 0.0166 -0.1130
vn 0.9988 -0.0070 0.0485
vn 0.9324 0.0517 -0.3578
vn -0.0614 -0.2017 0.9775
vn -0.0000 0.6536 0.7569
vn -0.0064 0.6389 0.7692
vn -0.0116 0.6722 0.7403
vn -0.0000 -0.8403 -0.5421
vn -0.0000 -0.9089 -0.4170
vn 0.7071 -0.6841 0.1786
vn 0.4777 -0.6665 -0.5723
vn -0.0000 0.8978 -0.4404
vn -0.0000 0.8560 -0.5169
vn -0.0373 0.8424 -0.5376
vn -0.5188 0.7676 -0.3765
vn -0.0000 -0.6361 0.7716
vn -0.0000 -0.5665 0.8241
vn 0.1420 -0.0731 0.9872
vn -0.0313 -0.6503 0.7590
vn -0.0000 -0.4138 -0.9103
vn -0.0000 -0.6536 -0.7569
vn 0.5576 -0.5499 -0.6218
vn 0.4777 -0.4690 -0.7428
vn -0.0000 0.7301 0.6833
vn 0.9881 -0.0320 -0.1508
vn 0.9898 -0.1244 -0.0699
vn 0.9978 -0.0420 0.0509
vn 0.9944 -0.0528 -0.0919
vn 0.9906 -0.0474 -0.1285
vn 0.9803 -0.1496 -0.1289
vn 0.9964 -0.0851 0.0033
vn 0.9981 0.0555 -0.0263
vn 0.9365 -0.3184 -0.1468
vn 0.9428 -0.2191 -0.2512
vn -0.2388 -0.2806 -0.9297
vn 0.9412 -0.2128 -0.2623
vn 0.9348 -0.1075 -0.3385
vn -0.0000 0.7148 -0.6993
vn -0.0000 0.6196 -0.7849
vn -0.0590 0.5692 -0.8201
vn -0.0005 0.7312 -0.6821
vn -0.0000 -0.2801 -0.9600
vn -0.0000 -0.8668 0.4986
vn -0.0000 -0.7960 0.6053
vn -0.0406 -0.8080 0.5878
vn -0.1060 -0.8619 0.4958
vn 0.9935 -0.0745 -0.0866
vn 0.9988 0.0320 0.0371
vn 0.9324 -0.2365 -0.2734
vn -0.0614 0.6065 0.7927
vt 1.000000 0.500000
vt 1.000000 1.000000
vt 0.954545 1.000000
vt 0.954545 0.500000
vt 0.909091 1.000000
vt 0.909091 0.500000
vt 0.863636 1.000000
vt 0.863636 0.500000
vt 0.818182 1.000000
vt 0.818182 0.500000
vt 0.772727 1.000000
vt 0.772727 0.500000
vt 0.727273 1.000000
vt 0.727273 0.500000
vt 0.681818 1.000000
vt 0.681818 0.500000
vt 0.636364 1.000000
vt 0.636364 0.500000
vt 0.590909 1.000000
vt 0.590909 0.500000
vt 0.545454 1.000000
vt 0.545454 0.500000
vt 0.500000 1.000000
vt 0.500000 0.500000
vt 0.454545 1.000000
vt 0.454545 0.500000
vt 0.409091 1.000000
vt 0.409091 0.500000
vt 0.363636 1.000000
vt 0.363636 0.500000
vt 0.318182 1.000000
vt 0.318182 0.500000
vt 0.272727 1.000000
vt 0.272727 0.500000
vt 0.227272 1.000000
vt 0.227272 0.500000
vt 0.181818 1.000000
vt 0.181818 0.500000
vt 0.136363 1.000000
vt 0.136363 0.500000
vt 0.090909 1.000000
vt 0.090909 0.500000
vt 0.045454 1.000000
vt 0.045454 0.500000
vt -0.000000 1.000000
vt -0.000000 0.500000
vt 0.351566 0.408040
vt 0.302927 0.430253
vt 0.750000 0.490000
vt 0.817616 0.480278
vt 0.879754 0.451901
vt 0.931380 0.407167
vt 0.968312 0.349700
vt 0.987557 0.284156
vt 0.987557 0.215844
vt 0.968312 0.150300
vt 0.931380 0.092833
vt 0.879754 0.048099
vt 0.817616 0.019722
vt 0.750000 0.010000
vt 0.682384 0.019722
vt 0.620246 0.048099
vt 0.568620 0.092833
vt 0.531688 0.150300
vt 0.512443 0.215844
vt 0.512443 0.284155
vt 0.531688 0.349699
vt 0.568620 0.407166
vt 0.620246 0.451901
vt 0.682384 0.480278
vt 0.250000 0.437863
vt 0.317616 0.480278
vt 0.250000 0.490000
vt 0.379754 0.451901
vt 0.391977 0.373024
vt 0.431380 0.407167
vt 0.420886 0.328041
vt 0.468312 0.349700
vt 0.435950 0.276736
vt 0.487557 0.284156
vt 0.435950 0.223264
vt 0.487557 0.215844
vt 0.420886 0.171959
vt 0.468312 0.150300
vt 0.391977 0.126976
vt 0.431380 0.092833
vt 0.351566 0.091960
vt 0.379754 0.048099
vt 0.302927 0.069747
vt 0.317616 0.019722
vt 0.250000 0.062137
vt 0.250000 0.010000
vt 0.197073 0.069747
vt 0.182384 0.019722
vt 0.148434 0.091960
vt 0.120246 0.048099
vt 0.108023 0.126976
vt 0.068620 0.092833
vt 0.079114 0.171959
vt 0.031688 0.150300
vt 0.064049 0.223264
vt 0.012443 0.215844
vt 0.064049 0.276735
vt 0.012443 0.284155
vt 0.079114 0.328041
vt 0.031688 0.349699
vt 0.108023 0.373024
vt 0.068620 0.407166
vt 0.148434 0.408040
vt 0.120246 0.451901
vt 0.197073 0.430253
vt 0.182384 0.480278
vt 0.283336 0.363533
vt 0.250000 0.368326
vt 0.216663 0.363533
vt 0.186028 0.349543
vt 0.160575 0.327487
vt 0.142366 0.299154
vt 0.132878 0.266840
vt 0.132878 0.233160
vt 0.142366 0.200845
vt 0.160575 0.172513
vt 0.186028 0.150458
vt 0.216664 0.136467
vt 0.250000 0.131674
vt 0.283336 0.136467
vt 0.313972 0.150458
vt 0.339425 0.172513
vt 0.357633 0.200845
vt 0.367122 0.233160
vt 0.367122 0.266840
vt 0.357634 0.299155
vt 0.339425 0.327487
vt 0.313972 0.349543
vt 0.000000 0.000000
vt 0.302927 0.430253
vt 0.250000 0.437863
s 1
usemtl Material.006
f 3018/1091/2839 3019/1092/2840 3021/1093/2841 3020/1094/2842
f 3020/1094/2842 3021/1093/2841 3023/1095/2843 3022/1096/2844
f 3022/1096/2844 3023/1095/2843 3025/1097/2845 3024/1098/2846
f 3024/1098/2846 3025/1097/2845 3027/1099/2847 3026/1100/2848
f 3026/1100/2848 3027/1099/2847 3029/1101/2849 3028/1102/2850
f 3028/1102/2850 3029/1101/2849 3031/1103/2851 3030/1104/2852
f 3030/1104/2852 3031/1103/2851 3033/1105/2853 3032/1106/2854
f 3032/1106/2854 3033/1105/2853 3035/1107/2855 3034/1108/2856
f 3034/1108/2856 3035/1107/2855 3037/1109/2857 3036/1110/2858
f 3036/1110/2858 3037/1109/2857 3039/1111/2859 3038/1112/2860
f 3038/1112/2860 3039/1111/2859 3041/1113/2861 3040/1114/2862
f 3040/1114/2862 3041/1113/2861 3043/1115/2863 3042/1116/2864
f 3042/1116/2864 3043/1115/2863 3045/1117/2865 3044/1118/2866
f 3044/1118/2866 3045/1117/2865 3047/1119/2867 3046/1120/2868
f 3046/1120/2868 3047/1119/2867 3049/1121/2869 3048/1122/2870
f 3048/1122/2870 3049/1121/2869 3051/1123/2871 3050/1124/2872
f 3050/1124/2872 3051/1123/2871 3053/1125/2873 3052/1126/2874
f 3052/1126/2874 3053/1125/2873 3055/1127/2875 3054/1128/2876
f 3054/1128/2876 3055/1127/2875 3057/1129/2877 3056/1130/2878
f 3056/1130/2878 3057/1129/2877 3059/1131/2879 3058/1132/2880
f 3031/1103/2851 3029/1101/2849 3111/1101/2881 3112/1103/2882
f 3058/1132/2880 3059/1131/2879 3061/1133/2883 3060/1134/2884
f 3060/1134/2884 3061/1133/2883 3019/1135/2840 3018/1136/2839
f 3024/1098/2846 3026/1100/2848 3088/1100/2885 3087/1098/2886
f 3041/1113/2861 3039/1111/2859 3116/1111/2891 3117/1113/2892
f 3051/1123/2871 3049/1121/2869 3121/1121/2893 3122/1123/2894
f 3061/1133/2883 3059/1131/2879 3126/1131/2895 3127/1133/2896
f 3027/1099/2847 3025/1097/2845 3109/1097/2897 3110/1099/2898
f 3037/1109/2857 3035/1107/2855 3114/1107/2899 3115/1109/2900
f 3047/1119/2867 3045/1117/2865 3119/1117/2901 3120/1119/2902
f 3057/1129/2877 3055/1127/2875 3124/1127/2903 3125/1129/2904
f 3023/1095/2843 3021/1093/2841 3106/1093/2905 3108/1095/2906
f 3033/1105/2853 3031/1103/2851 3112/1103/2882 3113/1105/2907
f 3043/1115/2863 3041/1113/2861 3117/1113/2892 3118/1115/2908
f 3053/1125/2873 3051/1123/2871 3122/1123/2894 3123/1125/2909
f 3019/1135/2840 3061/1133/2883 3127/1133/2896 3107/1135/2910
f 3029/1101/2849 3027/1099/2847 3110/1099/2898 3111/1101/2881
f 3039/1111/2859 3037/1109/2857 3115/1109/2900 3116/1111/2891
f 3049/1121/2869 3047/1119/2867 3120/1119/2902 3121/1121/2893
f 3059/1131/2879 3057/1129/2877 3125/1129/2904 3126/1131/2895
f 3025/1097/2845 3023/1095/2843 3108/1095/2906 3109/1097/2897
f 3035/1107/2855 3033/1105/2853 3113/1105/2907 3114/1107/2899
f 3021/1093/2841 3019/1092/2840 3107/1092/2910 3106/1093/2905
f 3045/1117/2865 3043/1115/2863 3118/1115/2908 3119/1117/2901
f 3055/1127/2875 3053/1125/2873 3123/1125/2909 3124/1127/2903
f 3084/1139/2911 3085/1140/2912 3086/1141/2913 3087/1142/2886 3088/1143/2885 3089/1144/2914 3090/1145/2915 3091/1146/2916 3092/1147/2917 3093/1148/2918 3094/1149/2919 3095/1150/2920 3096/1151/2921 3097/1152/2922 3098/1153/2923 3099/1154/2924 3100/1155/2925 3101/1156/2926 3102/1157/2927 3103/1158/2928 3104/1159/2929 3105/1160/2930
f 3034/1108/2856 3036/1110/2858 3093/1110/2918 3092/1108/2917
f 3044/1118/2866 3046/1120/2868 3098/1120/2923 3097/1118/2922
f 3054/1128/2876 3056/1130/2878 3103/1130/2928 3102/1128/2927
f 3020/1094/2842 3022/1096/2844 3086/1096/2913 3085/1094/2912
f 3030/1104/2852 3032/1106/2854 3091/1106/2916 3090/1104/2915
f 3040/1114/2862 3042/1116/2864 3096/1116/2921 3095/1114/2920
f 3050/1124/2872 3052/1126/2874 3101/1126/2926 3100/1124/2925
f 3060/1134/2884 3018/1136/2839 3084/1136/2911 3105/1134/2930
f 3026/1100/2848 3028/1102/2850 3089/1102/2914 3088/1100/2885
f 3036/1110/2858 3038/1112/2860 3094/1112/2919 3093/1110/2918
f 3046/1120/2868 3048/1122/2870 3099/1122/2924 3098/1120/2923
f 3056/1130/2878 3058/1132/2880 3104/1132/2929 3103/1130/2928
f 3022/1096/2844 3024/1098/2846 3087/1098/2886 3086/1096/2913
f 3032/1106/2854 3034/1108/2856 3092/1108/2917 3091/1106/2916
f 3018/1091/2839 3020/1094/2842 3085/1094/2912 3084/1091/2911
f 3042/1116/2864 3044/1118/2866 3097/1118/2922 3096/1116/2921
f 3052/1126/2874 3054/1128/2876 3102/1128/2927 3101/1126/2926
f 3028/1102/2850 3030/1104/2852 3090/1104/2915 3089/1102/2914
f 3038/1112/2860 3040/1114/2862 3095/1114/2920 3094/1112/2919
f 3048/1122/2870 3050/1124/2872 3100/1124/2925 3099/1122/2924
f 3058/1132/2880 3060/1134/2884 3105/1134/2930 3104/1132/2929
f 3063/1161/2931 3062/1138/2888 3106/1162/2905 3107/1163/2910
f 3062/1138/2888 3064/1137/2887 3108/1164/2906 3106/1162/2905
f 3064/1137/2887 3065/1165/2932 3109/1166/2897 3108/1164/2906
f 3065/1165/2932 3066/1167/2933 3110/1168/2898 3109/1166/2897
f 3066/1167/2933 3067/1169/2934 3111/1170/2881 3110/1168/2898
f 3067/1169/2934 3068/1171/2935 3112/1172/2882 3111/1170/2881
f 3068/1171/2935 3069/1173/2936 3113/1174/2907 3112/1172/2882
f 3069/1173/2936 3070/1175/2937 3114/1176/2899 3113/1174/2907
f 3070/1175/2937 3071/1177/2938 3115/1178/2900 3114/1176/2899
f 3071/1177/2938 3072/1179/2939 3116/1180/2891 3115/1178/2900
f 3072/1179/2939 3073/1181/2940 3117/1182/2892 3116/1180/2891
f 3073/1181/2940 3074/1183/2941 3118/1184/2908 3117/1182/2892
f 3074/1183/2941 3075/1185/2942 3119/1186/2901 3118/1184/2908
f 3075/1185/2942 3076/1187/2943 3120/1188/2902 3119/1186/2901
f 3076/1187/2943 3077/1189/2944 3121/1190/2893 3120/1188/2902
f 3077/1189/2944 3078/1191/2945 3122/1192/2894 3121/1190/2893
f 3078/1191/2945 3079/1193/2946 3123/1194/2909 3122/1192/2894
f 3079/1193/2946 3080/1195/2947 3124/1196/2903 3123/1194/2909
f 3080/1195/2947 3081/1197/2948 3125/1198/2904 3124/1196/2903
f 3081/1197/2948 3082/1199/2949 3126/1200/2895 3125/1198/2904
f 3082/1199/2949 3083/1201/2950 3127/1202/2896 3126/1200/2895
f 3083/1201/2950 3063/1161/2931 3107/1163/2910 3127/1202/2896
f 3172/1203/2983 3218/1204/2984 3226/1205/2985 3215/1206/2986 3195/1207/2987 3194/1208/2988 3214/1209/2989 3193/1210/2990 3192/1211/2991 3213/1212/2992 3191/1213/2993 3190/1214/2994 3189/1215/2995 3188/1216/2996 3187/1217/2997 3212/1218/2998 3211/1219/2999 3210/1220/3000 3209/1221/3001 3186/1222/3002 3185/1223/3003 3208/1224/3004
f 3245/1201/3098 3266/1227/3111 3269/1227/3109 3268/1201/3088
f 3266/1227/3111 3270/1138/3096 3267/1226/3091 3269/1227/3109
f 3279/1201/3144 3300/1227/3157 3303/1227/3155 3302/1201/3134
f 3300/1227/3157 3304/1138/3142 3301/1226/3137 3303/1227/3155
f 3313/1201/3190 3334/1227/3203 3337/1227/3201 3336/1201/3180
f 3334/1227/3203 3338/1138/3188 3335/1226/3183 3337/1227/3201
f 3347/1201/3236 3368/1227/3249 3371/1227/3247 3370/1201/3226
f 3368/1227/3249 3372/1138/3234 3369/1226/3229 3371/1227/3247
f 3381/1201/3282 3402/1227/3295 3405/1227/3293 3404/1201/3272
f 3402/1227/3295 3406/1138/3280 3403/1226/3275 3405/1227/3293
f 3415/1201/3328 3436/1227/3341 3439/1227/3339 3438/1201/3318
f 3436/1227/3341 3440/1138/3326 3437/1226/3321 3439/1227/3339
f 3449/1201/3374 3470/1227/3387 3473/1227/3385 3472/1201/3364
f 3470/1227/3387 3474/1138/3372 3471/1226/3367 3473/1227/3385
usemtl Material.007
f 3064/1137/2887 3062/1138/2888 3128/1138/2889 3130/1137/2890
f 3138/1179/2951 3137/1177/2952 3159/1177/2953 3160/1179/2953
f 3079/1193/2946 3078/1191/2945 3144/1191/2954 3145/1193/2955
f 3072/1179/2939 3071/1177/2938 3137/1177/2952 3138/1179/2951
f 3065/1165/2932 3064/1137/2887 3130/1137/2890 3131/1165/2956
f 3080/1195/2947 3079/1193/2946 3145/1193/2955 3146/1195/2957
f 3073/1181/2940 3072/1179/2939 3138/1179/2951 3139/1181/2958
f 3066/1167/2933 3065/1165/2932 3131/1165/2956 3132/1167/2959
f 3081/1197/2948 3080/1195/2947 3146/1195/2957 3147/1197/2960
f 3074/1183/2941 3073/1181/2940 3139/1181/2958 3140/1183/2961
f 3067/1169/2934 3066/1167/2933 3132/1167/2959 3133/1169/2962
f 3082/1199/2949 3081/1197/2948 3147/1197/2960 3148/1199/2963
f 3075/1185/2942 3074/1183/2941 3140/1183/2961 3141/1185/2964
f 3068/1171/2935 3067/1169/2934 3133/1169/2962 3134/1171/2965
f 3083/1201/2950 3082/1199/2949 3148/1199/2963 3149/1201/2966
f 3076/1187/2943 3075/1185/2942 3141/1185/2964 3142/1187/2967
f 3069/1173/2936 3068/1171/2935 3134/1171/2965 3135/1173/2968
f 3063/1161/2931 3083/1201/2950 3149/1201/2966 3129/1161/2969
f 3077/1189/2944 3076/1187/2943 3142/1187/2967 3143/1189/2970
f 3070/1175/2937 3069/1173/2936 3135/1173/2968 3136/1175/2971
f 3062/1138/2888 3063/1161/2931 3129/1161/2969 3128/1138/2889
f 3078/1191/2945 3077/1189/2944 3143/1189/2970 3144/1191/2954
f 3071/1177/2938 3070/1175/2937 3136/1175/2971 3137/1177/2952
f 3131/1165/2956 3130/1137/2890 3152/1137/2972 3153/1165/2973
f 3146/1195/2957 3145/1193/2955 3167/1193/2974 3168/1195/2975
f 3139/1181/2958 3138/1179/2951 3160/1179/2953 3161/1181/2976
f 3132/1167/2959 3131/1165/2956 3153/1165/2973 3154/1167/2973
f 3147/1197/2960 3146/1195/2957 3168/1195/2975 3169/1197/2975
f 3140/1183/2961 3139/1181/2958 3161/1181/2976 3162/1183/2977
f 3133/1169/2962 3132/1167/2959 3154/1167/2973 3155/1169/2978
f 3148/1199/2963 3147/1197/2960 3169/1197/2975 3170/1199/2979
f 3141/1185/2964 3140/1183/2961 3162/1183/2977 3163/1185/2977
f 3134/1171/2965 3133/1169/2962 3155/1169/2978 3156/1171/2978
f 3149/1201/2966 3148/1199/2963 3170/1199/2979 3171/1201/2979
f 3142/1187/2967 3141/1185/2964 3163/1185/2977 3164/1187/2980
f 3135/1173/2968 3134/1171/2965 3156/1171/2978 3157/1173/2981
f 3129/1161/2969 3149/1201/2966 3171/1201/2979 3151/1161/2982
f 3143/1189/2970 3142/1187/2967 3164/1187/2980 3165/1189/2980
f 3136/1175/2971 3135/1173/2968 3157/1173/2981 3158/1175/2981
f 3128/1138/2889 3129/1161/2969 3151/1161/2982 3150/1138/2972
f 3144/1191/2954 3143/1189/2970 3165/1189/2980 3166/1191/2974
f 3137/1177/2952 3136/1175/2971 3158/1175/2981 3159/1177/2953
f 3130/1137/2890 3128/1138/2889 3150/1138/2972 3152/1137/2972
f 3145/1193/2955 3144/1191/2954 3166/1191/2974 3167/1193/2974
f 3218/1204/2984 3172/1203/2983 3476/1138/3005 3477/1161/3006
f 3172/1203/2983 3208/1224/3004 3493/1137/3007 3476/1138/3005
f 3208/1224/3004 3185/1223/3003 3479/1165/3008 3493/1137/3007
f 3185/1223/3003 3186/1222/3002 3478/1167/3009 3479/1165/3008
f 3186/1222/3002 3209/1221/3001 3480/1169/3010 3478/1167/3009
f 3209/1221/3001 3210/1220/3000 3494/1171/3011 3480/1169/3010
f 3210/1220/3000 3211/1219/2999 3176/1173/3012 3494/1171/3011
f 3211/1219/2999 3212/1218/2998 3496/1175/3013 3176/1173/3012
f 3212/1218/2998 3187/1217/2997 3482/1177/3014 3496/1175/3013
f 3187/1217/2997 3188/1216/2996 3481/1179/3015 3482/1177/3014
f 3188/1216/2996 3189/1215/2995 3483/1181/3016 3481/1179/3015
f 3189/1215/2995 3190/1214/2994 3489/1183/3017 3483/1181/3016
f 3190/1214/2994 3191/1213/2993 3488/1185/3018 3489/1183/3017
f 3191/1213/2993 3213/1212/2992 3180/1187/3019 3488/1185/3018
f 3213/1212/2992 3192/1211/2991 3491/1189/3020 3180/1187/3019
f 3192/1211/2991 3193/1210/2990 3490/1191/3021 3491/1189/3020
f 3193/1210/2990 3214/1209/2989 3492/1193/3022 3490/1191/3021
f 3214/1209/2989 3194/1208/2988 3485/1195/3023 3492/1193/3022
f 3194/1208/2988 3195/1207/2987 3484/1197/3024 3485/1195/3023
f 3195/1207/2987 3215/1206/2986 3217/1199/3025 3484/1197/3024
f 3226/1205/2985 3218/1204/2984 3477/1161/3006 3216/1201/3026
f 3183/1138/3027 3227/1138/3028 3228/1161/3029 3184/1161/3030
f 3177/1177/3031 3232/1177/3032 3231/1175/3033 3220/1175/3034
f 3225/1193/3035 3205/1193/3036 3236/1191/3037 3224/1191/3038
f 3207/1137/3039 3196/1137/3040 3227/1138/3028 3183/1138/3027
f 3178/1179/3041 3233/1179/3042 3232/1177/3032 3177/1177/3031
f 3173/1165/3043 3199/1165/3044 3196/1137/3040 3207/1137/3039
f 3181/1195/3045 3237/1195/3046 3205/1193/3036 3225/1193/3035
f 3179/1181/3047 3202/1181/3048 3233/1179/3042 3178/1179/3041
f 3174/1167/3049 3229/1167/3050 3199/1165/3044 3173/1165/3043
f 3182/1197/3051 3206/1197/3052 3237/1195/3046 3181/1195/3045
f 3221/1183/3053 3203/1183/3054 3202/1181/3048 3179/1181/3047
f 3175/1169/3055 3230/1169/3056 3229/1167/3050 3174/1167/3049
f 3487/1199/3057 3198/1199/3058 3206/1197/3052 3182/1197/3051
f 3222/1185/3059 3234/1185/3060 3203/1183/3054 3221/1183/3053
f 3219/1171/3061 3200/1171/3062 3230/1169/3056 3175/1169/3055
f 3486/1201/3063 3197/1201/3064 3198/1199/3058 3487/1199/3057
f 3497/1187/3065 3204/1187/3066 3234/1185/3060 3222/1185/3059
f 3495/1173/3067 3201/1173/3068 3200/1171/3062 3219/1171/3061
f 3184/1161/3030 3228/1161/3029 3197/1201/3064 3486/1201/3063
f 3223/1189/3069 3235/1189/3070 3204/1187/3066 3497/1187/3065
f 3220/1175/3034 3231/1175/3033 3201/1173/3068 3495/1173/3067
f 3215/1206/2986 3226/1205/2985 3216/1201/3026 3217/1199/3025
f 3224/1191/3038 3236/1191/3037 3235/1189/3070 3223/1189/3069
f 3251/1225/3029 3240/1225/3029 3513/1225/3029 3264/1225/3071
f 3240/1225/3029 3253/1225/3029 3514/1225/3072 3513/1225/3029
f 3250/1138/3054 3499/1137/3073 3498/1137/3074 3255/1138/3075
f 3238/1225/3076 3258/1225/3077 3500/1225/3078 3242/1225/3079
f 3256/1225/3080 3239/1225/3081 3261/1225/3082 3505/1225/3083
f 3248/1201/3042 3247/1161/3048 3241/1161/3084 3262/1201/3085
f 3253/1225/3029 3510/1225/3029 3511/1225/3086 3514/1225/3072
f 3507/1199/3087 3268/1201/3088 3263/1201/3089 3512/1199/3090
f 3267/1226/3091 3249/1137/3092 3502/1137/3093 3504/1138/3094
f 3255/1138/3075 3498/1137/3074 3246/1137/3095 3270/1138/3096
f 3506/1199/3097 3262/1201/3085 3245/1201/3098 3259/1199/3099
f 3257/1225/3100 3252/1225/3101 3503/1225/3102 3501/1225/3103
f 3509/1199/3104 3248/1201/3042 3262/1201/3085 3506/1199/3097
f 3247/1161/3048 3250/1138/3054 3255/1138/3075 3241/1161/3084
f 3258/1225/3077 3257/1225/3100 3501/1225/3103 3500/1225/3078
f 3270/1138/3096 3246/1137/3095 3249/1137/3092 3267/1226/3091
f 3259/1199/3099 3245/1201/3098 3268/1201/3088 3507/1199/3087
f 3254/1225/3105 3260/1225/3106 3271/1225/3107 3244/1225/3108
f 3260/1225/3106 3256/1225/3080 3505/1225/3083 3271/1225/3107
f 3269/1227/3109 3267/1226/3091 3504/1138/3094 3243/1161/3110
f 3268/1201/3088 3269/1227/3109 3243/1161/3110 3263/1201/3089
f 3262/1201/3085 3241/1161/3084 3266/1227/3111 3245/1201/3098
f 3241/1161/3084 3255/1138/3075 3270/1138/3096 3266/1227/3111
f 3508/1225/3029 3251/1225/3029 3264/1225/3071 3265/1225/3112
f 3285/1225/3113 3274/1225/3113 3530/1225/3113 3298/1225/3114
f 3274/1225/3113 3287/1225/3113 3531/1225/3115 3530/1225/3113
f 3284/1138/3116 3516/1137/3117 3515/1137/3118 3289/1138/3119
f 3272/1225/3120 3292/1225/3121 3517/1225/3122 3276/1225/3123
f 3290/1225/3124 3273/1225/3125 3295/1225/3126 3522/1225/3127
f 3282/1201/3128 3281/1161/3129 3275/1161/3130 3296/1201/3131
f 3287/1225/3113 3527/1225/3113 3528/1225/3132 3531/1225/3115
f 3524/1199/3133 3302/1201/3134 3297/1201/3135 3529/1199/3136
f 3301/1226/3137 3283/1137/3138 3519/1137/3139 3521/1138/3140
f 3289/1138/3119 3515/1137/3118 3280/1137/3141 3304/1138/3142
f 3523/1199/3143 3296/1201/3131 3279/1201/3144 3293/1199/3145
f 3291/1225/3146 3286/1225/3147 3520/1225/3148 3518/1225/3149
f 3526/1199/3150 3282/1201/3128 3296/1201/3131 3523/1199/3143
f 3281/1161/3129 3284/1138/3116 3289/1138/3119 3275/1161/3130
f 3292/1225/3121 3291/1225/3146 3518/1225/3149 3517/1225/3122
f 3304/1138/3142 3280/1137/3141 3283/1137/3138 3301/1226/3137
f 3293/1199/3145 3279/1201/3144 3302/1201/3134 3524/1199/3133
f 3288/1225/3151 3294/1225/3152 3305/1225/3153 3278/1225/3154
f 3294/1225/3152 3290/1225/3124 3522/1225/3127 3305/1225/3153
f 3303/1227/3155 3301/1226/3137 3521/1138/3140 3277/1161/3156
f 3302/1201/3134 3303/1227/3155 3277/1161/3156 3297/1201/3135
f 3296/1201/3131 3275/1161/3130 3300/1227/3157 3279/1201/3144
f 3275/1161/3130 3289/1138/3119 3304/1138/3142 3300/1227/3157
f 3525/1225/3113 3285/1225/3113 3298/1225/3114 3299/1225/3158
f 3319/1225/3159 3308/1225/3159 3547/1225/3159 3332/1225/3160
f 3308/1225/3159 3321/1225/3159 3548/1225/3161 3547/1225/3159
f 3318/1138/3162 3533/1137/3163 3532/1137/3164 3323/1138/3165
f 3306/1225/3166 3326/1225/3167 3534/1225/3168 3310/1225/3169
f 3324/1225/3170 3307/1225/3171 3329/1225/3172 3539/1225/3173
f 3316/1201/3174 3315/1161/3175 3309/1161/3176 3330/1201/3177
f 3321/1225/3159 3544/1225/3159 3545/1225/3178 3548/1225/3161
f 3541/1199/3179 3336/1201/3180 3331/1201/3181 3546/1199/3182
f 3335/1226/3183 3317/1137/3184 3536/1137/3185 3538/1138/3186
f 3323/1138/3165 3532/1137/3164 3314/1137/3187 3338/1138/3188
f 3540/1199/3189 3330/1201/3177 3313/1201/3190 3327/1199/3191
f 3325/1225/3192 3320/1225/3193 3537/1225/3194 3535/1225/3195
f 3543/1199/3196 3316/1201/3174 3330/1201/3177 3540/1199/3189
f 3315/1161/3175 3318/1138/3162 3323/1138/3165 3309/1161/3176
f 3326/1225/3167 3325/1225/3192 3535/1225/3195 3534/1225/3168
f 3338/1138/3188 3314/1137/3187 3317/1137/3184 3335/1226/3183
f 3327/1199/3191 3313/1201/3190 3336/1201/3180 3541/1199/3179
f 3322/1225/3197 3328/1225/3198 3339/1225/3199 3312/1225/3200
f 3328/1225/3198 3324/1225/3170 3539/1225/3173 3339/1225/3199
f 3337/1227/3201 3335/1226/3183 3538/1138/3186 3311/1161/3202
f 3336/1201/3180 3337/1227/3201 3311/1161/3202 3331/1201/3181
f 3330/1201/3177 3309/1161/3176 3334/1227/3203 3313/1201/3190
f 3309/1161/3176 3323/1138/3165 3338/1138/3188 3334/1227/3203
f 3542/1225/3159 3319/1225/3159 3332/1225/3160 3333/1225/3204
f 3353/1225/3205 3342/1225/3205 3564/1225/3205 3366/1225/3206
f 3342/1225/3205 3355/1225/3205 3565/1225/3207 3564/1225/3205
f 3352/1138/3208 3550/1137/3209 3549/1137/3210 3357/1138/3211
f 3340/1225/3212 3360/1225/3213 3551/1225/3214 3344/1225/3215
f 3358/1225/3216 3341/1225/3217 3363/1225/3218 3556/1225/3219
f 3350/1201/3220 3349/1161/3221 3343/1161/3222 3364/1201/3223
f 3355/1225/3205 3561/1225/3205 3562/1225/3224 3565/1225/3207
f 3558/1199/3225 3370/1201/3226 3365/1201/3227 3563/1199/3228
f 3369/1226/3229 3351/1137/3230 3553/1137/3231 3555/1138/3232
f 3357/1138/3211 3549/1137/3210 3348/1137/3233 3372/1138/3234
f 3557/1199/3235 3364/1201/3223 3347/1201/3236 3361/1199/3237
f 3359/1225/3238 3354/1225/3239 3554/1225/3240 3552/1225/3241
f 3560/1199/3242 3350/1201/3220 3364/1201/3223 3557/1199/3235
f 3349/1161/3221 3352/1138/3208 3357/1138/3211 3343/1161/3222
f 3360/1225/3213 3359/1225/3238 3552/1225/3241 3551/1225/3214
f 3372/1138/3234 3348/1137/3233 3351/1137/3230 3369/1226/3229
f 3361/1199/3237 3347/1201/3236 3370/1201/3226 3558/1199/3225
f 3356/1225/3243 3362/1225/3244 3373/1225/3245 3346/1225/3246
f 3362/1225/3244 3358/1225/3216 3556/1225/3219 3373/1225/3245
f 3371/1227/3247 3369/1226/3229 3555/1138/3232 3345/1161/3248
f 3370/1201/3226 3371/1227/3247 3345/1161/3248 3365/1201/3227
f 3364/1201/3223 3343/1161/3222 3368/1227/3249 3347/1201/3236
f 3343/1161/3222 3357/1138/3211 3372/1138/3234 3368/1227/3249
f 3559/1225/3205 3353/1225/3205 3366/1225/3206 3367/1225/3250
f 3387/1225/3251 3376/1225/3251 3581/1225/3251 3400/1225/3252
f 3376/1225/3251 3389/1225/3251 3582/1225/3253 3581/1225/3251
f 3386/1138/3254 3567/1137/3255 3566/1137/3256 3391/1138/3257
f 3374/1225/3258 3394/1225/3259 3568/1225/3260 3378/1225/3261
f 3392/1225/3262 3375/1225/3263 3397/1225/3264 3573/1225/3265
f 3384/1201/3266 3383/1161/3267 3377/1161/3268 3398/1201/3269
f 3389/1225/3251 3578/1225/3251 3579/1225/3270 3582/1225/3253
f 3575/1199/3271 3404/1201/3272 3399/1201/3273 3580/1199/3274
f 3403/1226/3275 3385/1137/3276 3570/1137/3277 3572/1138/3278
f 3391/1138/3257 3566/1137/3256 3382/1137/3279 3406/1138/3280
f 3574/1199/3281 3398/1201/3269 3381/1201/3282 3395/1199/3283
f 3393/1225/3284 3388/1225/3285 3571/1225/3286 3569/1225/3287
f 3577/1199/3288 3384/1201/3266 3398/1201/3269 3574/1199/3281
f 3383/1161/3267 3386/1138/3254 3391/1138/3257 3377/1161/3268
f 3394/1225/3259 3393/1225/3284 3569/1225/3287 3568/1225/3260
f 3406/1138/3280 3382/1137/3279 3385/1137/3276 3403/1226/3275
f 3395/1199/3283 3381/1201/3282 3404/1201/3272 3575/1199/3271
f 3390/1225/3289 3396/1225/3290 3407/1225/3291 3380/1225/3292
f 3396/1225/3290 3392/1225/3262 3573/1225/3265 3407/1225/3291
f 3405/1227/3293 3403/1226/3275 3572/1138/3278 3379/1161/3294
f 3404/1201/3272 3405/1227/3293 3379/1161/3294 3399/1201/3273
f 3398/1201/3269 3377/1161/3268 3402/1227/3295 3381/1201/3282
f 3377/1161/3268 3391/1138/3257 3406/1138/3280 3402/1227/3295
f 3576/1225/3251 3387/1225/3251 3400/1225/3252 3401/1225/3296
f 3421/1225/3297 3410/1225/3297 3598/1225/3297 3434/1225/3298
f 3410/1225/3297 3423/1225/3297 3599/1225/3299 3598/1225/3297
f 3420/1138/3300 3584/1137/3301 3583/1137/3302 3425/1138/3303
f 3408/1225/3304 3428/1225/3305 3585/1225/3306 3412/1225/3307
f 3426/1225/3308 3409/1225/3309 3431/1225/3310 3590/1225/3311
f 3418/1201/3312 3417/1161/3313 3411/1161/3314 3432/1201/3315
f 3423/1225/3297 3595/1225/3297 3596/1225/3316 3599/1225/3299
f 3592/1199/3317 3438/1201/3318 3433/1201/3319 3597/1199/3320
f 3437/1226/3321 3419/1137/3322 3587/1137/3323 3589/1138/3324
f 3425/1138/3303 3583/1137/3302 3416/1137/3325 3440/1138/3326
f 3591/1199/3327 3432/1201/3315 3415/1201/3328 3429/1199/3329
f 3427/1225/3330 3422/1225/3331 3588/1225/3332 3586/1225/3333
f 3594/1199/3334 3418/1201/3312 3432/1201/3315 3591/1199/3327
f 3417/1161/3313 3420/1138/3300 3425/1138/3303 3411/1161/3314
f 3428/1225/3305 3427/1225/3330 3586/1225/3333 3585/1225/3306
f 3440/1138/3326 3416/1137/3325 3419/1137/3322 3437/1226/3321
f 3429/1199/3329 3415/1201/3328 3438/1201/3318 3592/1199/3317
f 3424/1225/3335 3430/1225/3336 3441/1225/3337 3414/1225/3338
f 3430/1225/3336 3426/1225/3308 3590/1225/3311 3441/1225/3337
f 3439/1227/3339 3437/1226/3321 3589/1138/3324 3413/1161/3340
f 3438/1201/3318 3439/1227/3339 3413/1161/3340 3433/1201/3319
f 3432/1201/3315 3411/1161/3314 3436/1227/3341 3415/1201/3328
f 3411/1161/3314 3425/1138/3303 3440/1138/3326 3436/1227/3341
f 3593/1225/3297 3421/1225/3297 3434/1225/3298 3435/1225/3342
f 3455/1225/3343 3444/1225/3343 3615/1225/3343 3468/1225/3344
f 3444/1225/3343 3457/1225/3343 3616/1225/3345 3615/1225/3343
f 3454/1138/3346 3601/1137/3347 3600/1137/3348 3459/1138/3349
f 3442/1225/3350 3462/1225/3351 3602/1225/3352 3446/1225/3353
f 3460/1225/3354 3443/1225/3355 3465/1225/3356 3607/1225/3357
f 3452/1201/3358 3451/1161/3359 3445/1161/3360 3466/1201/3361
f 3457/1225/3343 3612/1225/3343 3613/1225/3362 3616/1225/3345
f 3609/1199/3363 3472/1201/3364 3467/1201/3365 3614/1199/3366
f 3471/1226/3367 3453/1137/3368 3604/1137/3369 3606/1138/3370
f 3459/1138/3349 3600/1137/3348 3450/1137/3371 3474/1138/3372
f 3608/1199/3373 3466/1201/3361 3449/1201/3374 3463/1199/3375
f 3461/1225/3376 3456/1225/3377 3605/1225/3378 3603/1225/3379
f 3611/1199/3380 3452/1201/3358 3466/1201/3361 3608/1199/3373
f 3451/1161/3359 3454/1138/3346 3459/1138/3349 3445/1161/3360
f 3462/1225/3351 3461/1225/3376 3603/1225/3379 3602/1225/3352
f 3474/1138/3372 3450/1137/3371 3453/1137/3368 3471/1226/3367
f 3463/1199/3375 3449/1201/3374 3472/1201/3364 3609/1199/3363
f 3458/1225/3381 3464/1225/3382 3475/1225/3383 3448/1225/3384
f 3464/1225/3382 3460/1225/3354 3607/1225/3357 3475/1225/3383
f 3473/1227/3385 3471/1226/3367 3606/1138/3370 3447/1161/3386
f 3472/1201/3364 3473/1227/3385 3447/1161/3386 3467/1201/3365
f 3466/1201/3361 3445/1161/3360 3470/1227/3387 3449/1201/3374
f 3445/1161/3360 3459/1138/3349 3474/1138/3372 3470/1227/3387
f 3610/1225/3343 3455/1225/3343 3468/1225/3344 3469/1225/3388
