Using pre-set license
Built from '2023.2/staging' branch; Version is '2023.2.20f1 (0e25a174756c) revision 927137'; Using compiler version '193431935'; Build Type 'Release'
OS: 'Windows 10  (10.0.19045) 64bit Core' Language: 'en' Physical Memory: 15774 MB
BatchMode: 1, IsHumanControllingUs: 0, StartBugReporterOnCrash: 0, Is64bit: 1, IsPro: 1

COMMAND LINE ARGUMENTS:
C:\Program Files\Unity\Hub\Editor\2023.2.20f1\Editor\Unity.exe
-adb2
-batchMode
-noUpm
-name
AssetImportWorker0
-projectPath
D:/Desktop/projet recherche/Unity-dynamic-destruction-asset/destruction
-logFile
Logs/AssetImportWorker0.log
-srvPort
62047
-job-worker-count
7
-background-job-worker-count
8
-asset-garbage-collectors
1
Successfully changed project path to: D:/Desktop/projet recherche/Unity-dynamic-destruction-asset/destruction
D:/Desktop/projet recherche/Unity-dynamic-destruction-asset/destruction
[UnityMemory] Configuration Parameters - Can be set up in boot.config
    "memorysetup-bucket-allocator-granularity=16"
    "memorysetup-bucket-allocator-bucket-count=8"
    "memorysetup-bucket-allocator-block-size=33554432"
    "memorysetup-bucket-allocator-block-count=8"
    "memorysetup-main-allocator-block-size=16777216"
    "memorysetup-thread-allocator-block-size=16777216"
    "memorysetup-gfx-main-allocator-block-size=16777216"
    "memorysetup-gfx-thread-allocator-block-size=16777216"
    "memorysetup-cache-allocator-block-size=4194304"
    "memorysetup-typetree-allocator-block-size=2097152"
    "memorysetup-profiler-bucket-allocator-granularity=16"
    "memorysetup-profiler-bucket-allocator-bucket-count=8"
    "memorysetup-profiler-bucket-allocator-block-size=33554432"
    "memorysetup-profiler-bucket-allocator-block-count=8"
    "memorysetup-profiler-allocator-block-size=16777216"
    "memorysetup-profiler-editor-allocator-block-size=1048576"
    "memorysetup-temp-allocator-size-main=16777216"
    "memorysetup-job-temp-allocator-block-size=2097152"
    "memorysetup-job-temp-allocator-block-size-background=1048576"
    "memorysetup-job-temp-allocator-reduction-small-platforms=262144"
    "memorysetup-allocator-temp-initial-block-size-main=262144"
    "memorysetup-allocator-temp-initial-block-size-worker=262144"
    "memorysetup-temp-allocator-size-background-worker=32768"
    "memorysetup-temp-allocator-size-job-worker=262144"
    "memorysetup-temp-allocator-size-preload-manager=33554432"
    "memorysetup-temp-allocator-size-nav-mesh-worker=65536"
    "memorysetup-temp-allocator-size-audio-worker=65536"
    "memorysetup-temp-allocator-size-cloud-worker=32768"
    "memorysetup-temp-allocator-size-gi-baking-worker=262144"
    "memorysetup-temp-allocator-size-gi-baking-worker=262144"
    "memorysetup-temp-allocator-size-gi-baking-worker=262144"
    "memorysetup-temp-allocator-size-gi-baking-worker=262144"
    "memorysetup-temp-allocator-size-gfx=262144"
Player connection [36128] Host "[IP] 192.168.0.100 [Port] 0 [Flags] 2 [Guid] 1807128269 [EditorId] 1807128269 [Version] 1048832 [Id] WindowsEditor(7,DESKTOP-SDO0R5M) [Debug] 1 [PackageName] WindowsEditor [ProjectName] Editor" joined multi-casting on [225.0.0.222:54997]...
Player connection [36128] Host "[IP] 192.168.0.100 [Port] 0 [Flags] 2 [Guid] 1807128269 [EditorId] 1807128269 [Version] 1048832 [Id] WindowsEditor(7,DESKTOP-SDO0R5M) [Debug] 1 [PackageName] WindowsEditor [ProjectName] Editor" joined alternative multi-casting on [225.0.0.222:34997]...
JobSystem: Creating JobQueue using job-worker-count value 7
[Physics::Module] Initialized MultithreadedJobDispatcher with 7 workers.
Library Redirect Path: Library/
Refreshing native plugins compatible for Editor in 0.84 ms, found 3 plugins.
Preloading 0 native plugins for Editor in 0.00 ms.
Initialize engine version: 2023.2.20f1 (0e25a174756c)
[Subsystems] Discovering subsystems at path C:/Program Files/Unity/Hub/Editor/2023.2.20f1/Editor/Data/Resources/UnitySubsystems
[Subsystems] Discovering subsystems at path D:/Desktop/projet recherche/Unity-dynamic-destruction-asset/destruction/Assets
GfxDevice: creating device client; kGfxThreadingModeNonThreaded
Direct3D:
    Version:  Direct3D 11.0 [level 11.1]
    Renderer: AMD Radeon RX 6800M (ID=0x73df)
    Vendor:   ATI
    VRAM:     12234 MB
    Driver:   32.0.12033.1030
Initialize mono
Mono path[0] = 'C:/Program Files/Unity/Hub/Editor/2023.2.20f1/Editor/Data/Managed'
Mono path[1] = 'C:/Program Files/Unity/Hub/Editor/2023.2.20f1/Editor/Data/MonoBleedingEdge/lib/mono/unityjit-win32'
Mono config path = 'C:/Program Files/Unity/Hub/Editor/2023.2.20f1/Editor/Data/MonoBleedingEdge/etc'
Using monoOptions --debugger-agent=transport=dt_socket,embedding=1,server=y,suspend=n,address=127.0.0.1:56324
Begin MonoManager ReloadAssembly
Registering precompiled unity dll's ...
Register platform support module: C:/Program Files/Unity/Hub/Editor/2023.2.20f1/Editor/Data/PlaybackEngines/WebGLSupport/UnityEditor.WebGL.Extensions.dll
Register platform support module: C:/Program Files/Unity/Hub/Editor/2023.2.20f1/Editor/Data/PlaybackEngines/WindowsStandaloneSupport/UnityEditor.WindowsStandalone.Extensions.dll
Register platform support module: C:/Program Files/Unity/Hub/Editor/2023.2.20f1/Editor/Data/PlaybackEngines/MetroSupport/UnityEditor.UWP.Extensions.dll
Registered in 0.004834 seconds.
- Loaded All Assemblies, in  0.364 seconds
Native extension for UWP target not found
Native extension for WindowsStandalone target not found
Native extension for WebGL target not found
Mono: successfully reloaded assembly
- Finished resetting the current domain, in  0.358 seconds
Domain Reload Profiling: 720ms
	BeginReloadAssembly (122ms)
		ExecutionOrderSort (0ms)
		DisableScriptedObjects (0ms)
		BackupInstance (0ms)
		ReleaseScriptingObjects (0ms)
		CreateAndSetChildDomain (1ms)
	RebuildCommonClasses (32ms)
	RebuildNativeTypeToScriptingClass (11ms)
	initialDomainReloadingComplete (54ms)
	LoadAllAssembliesAndSetupDomain (142ms)
		LoadAssemblies (119ms)
		RebuildTransferFunctionScriptingTraits (0ms)
		AnalyzeDomain (139ms)
			TypeCache.Refresh (138ms)
				TypeCache.ScanAssembly (126ms)
			BuildScriptInfoCaches (0ms)
			ResolveRequiredComponents (0ms)
	FinalizeReload (358ms)
		ReleaseScriptCaches (0ms)
		RebuildScriptCaches (0ms)
		SetupLoadedEditorAssemblies (312ms)
			LogAssemblyErrors (0ms)
			InitializePlatformSupportModulesInManaged (12ms)
			SetLoadedEditorAssemblies (4ms)
			BeforeProcessingInitializeOnLoad (5ms)
			ProcessInitializeOnLoadAttributes (246ms)
			ProcessInitializeOnLoadMethodAttributes (44ms)
			AfterProcessingInitializeOnLoad (0ms)
			EditorAssembliesLoaded (0ms)
		ExecutionOrderSort2 (0ms)
		AwakeInstancesAfterBackupRestoration (0ms)
========================================================================
Worker process is ready to serve import requests
Import Worker Mode flag is 0x00
Begin MonoManager ReloadAssembly
Symbol file data-000001AA21D1F020 doesn't match image D:\Desktop\projet recherche\Unity-dynamic-destruction-asset\destruction\Library\ScriptAssemblies\RuntimeAssembly.dll
Symbol file LoadedFromMemory is not a mono symbol file
Symbol file LoadedFromMemory doesn't match image D:\Desktop\projet recherche\Unity-dynamic-destruction-asset\destruction\Library\PackageCache\com.unity.visualscripting@1.8.0\Editor\VisualScripting.Core\Dependencies\YamlDotNet\Unity.VisualScripting.YamlDotNet.dll
Symbol file LoadedFromMemory doesn't match image D:\Desktop\projet recherche\Unity-dynamic-destruction-asset\destruction\Library\PackageCache\com.unity.visualscripting@1.8.0\Editor\VisualScripting.Core\Dependencies\DotNetZip\Unity.VisualScripting.IonicZip.dll
- Loaded All Assemblies, in  0.818 seconds
Refreshing native plugins compatible for Editor in 0.52 ms, found 3 plugins.
Native extension for UWP target not found
Native extension for WindowsStandalone target not found
Native extension for WebGL target not found
Mono: successfully reloaded assembly
- Finished resetting the current domain, in  0.551 seconds
Domain Reload Profiling: 1367ms
	BeginReloadAssembly (368ms)
		ExecutionOrderSort (0ms)
		DisableScriptedObjects (5ms)
		BackupInstance (0ms)
		ReleaseScriptingObjects (0ms)
		CreateAndSetChildDomain (35ms)
	RebuildCommonClasses (38ms)
	RebuildNativeTypeToScriptingClass (11ms)
	initialDomainReloadingComplete (37ms)
	LoadAllAssembliesAndSetupDomain (361ms)
		LoadAssemblies (306ms)
		RebuildTransferFunctionScriptingTraits (0ms)
		AnalyzeDomain (158ms)
			TypeCache.Refresh (134ms)
				TypeCache.ScanAssembly (122ms)
			BuildScriptInfoCaches (18ms)
			ResolveRequiredComponents (3ms)
	FinalizeReload (552ms)
		ReleaseScriptCaches (0ms)
		RebuildScriptCaches (0ms)
		SetupLoadedEditorAssemblies (367ms)
			LogAssemblyErrors (0ms)
			InitializePlatformSupportModulesInManaged (4ms)
			SetLoadedEditorAssemblies (4ms)
			BeforeProcessingInitializeOnLoad (37ms)
			ProcessInitializeOnLoadAttributes (299ms)
			ProcessInitializeOnLoadMethodAttributes (18ms)
			AfterProcessingInitializeOnLoad (6ms)
			EditorAssembliesLoaded (0ms)
		ExecutionOrderSort2 (0ms)
		AwakeInstancesAfterBackupRestoration (7ms)
Launched and connected shader compiler UnityShaderCompiler.exe after 0.01 seconds
Refreshing native plugins compatible for Editor in 0.61 ms, found 3 plugins.
Preloading 0 native plugins for Editor in 0.00 ms.
Unloading 23 Unused Serialized files (Serialized files now loaded: 0)
Unloading 3390 unused Assets / (1.0 MB). Loaded Objects now: 3988.
Memory consumption went from 109.3 MB to 108.3 MB.
Total: 6.124800 ms (FindLiveObjects: 0.371200 ms CreateObjectMapping: 0.178600 ms MarkObjects: 4.727800 ms  DeleteObjects: 0.846300 ms)

========================================================================
Received Import Request.
  Time since last request: 288760.904254 seconds.
  path: Assets/models/lowPolyPainting/lastSoupTexture.png
  artifactKey: Guid(566b786f862d8f84989c4be306907d0e) Importer(815301076,1909f56bfc062723c751e8b465ee728b)
Start importing Assets/models/lowPolyPainting/lastSoupTexture.png using Guid(566b786f862d8f84989c4be306907d0e) Importer(815301076,1909f56bfc062723c751e8b465ee728b) (PreviewImporter) -> (artifact id: '843a845adfdafe02139eecd4a2fed70f') in 0.0565379 seconds
Number of updated asset objects reloaded before import = 0Number of asset objects unloaded after import = 2

========================================================================
Received Import Request.
  Time since last request: 4.706588 seconds.
  path: Assets/models/lowPolyPainting/lastSoupTexture.png
  artifactKey: Guid(566b786f862d8f84989c4be306907d0e) Importer(815301076,1909f56bfc062723c751e8b465ee728b)
Start importing Assets/models/lowPolyPainting/lastSoupTexture.png using Guid(566b786f862d8f84989c4be306907d0e) Importer(815301076,1909f56bfc062723c751e8b465ee728b) (PreviewImporter) -> (artifact id: '48c54ece1c9a5887015ba1fc57baddd7') in 0.0081202 seconds
Number of updated asset objects reloaded before import = 0Number of asset objects unloaded after import = 2

========================================================================
Received Import Request.
  Time since last request: 52.318157 seconds.
  path: Assets/models/lowPolyPainting/lastSoupTexture.png
  artifactKey: Guid(566b786f862d8f84989c4be306907d0e) Importer(815301076,1909f56bfc062723c751e8b465ee728b)
Start importing Assets/models/lowPolyPainting/lastSoupTexture.png using Guid(566b786f862d8f84989c4be306907d0e) Importer(815301076,1909f56bfc062723c751e8b465ee728b) (PreviewImporter) -> (artifact id: 'e63cbc0549f3c5b45fe1d104be5e1801') in 0.0094501 seconds
Number of updated asset objects reloaded before import = 0Number of asset objects unloaded after import = 2

========================================================================
Received Prepare
Begin MonoManager ReloadAssembly
Symbol file data-000001AA1F45DF70 doesn't match image D:\Desktop\projet recherche\Unity-dynamic-destruction-asset\destruction\Library\ScriptAssemblies\RuntimeAssembly.dll
Symbol file LoadedFromMemory is not a mono symbol file
Symbol file LoadedFromMemory doesn't match image D:\Desktop\projet recherche\Unity-dynamic-destruction-asset\destruction\Library\PackageCache\com.unity.visualscripting@1.8.0\Editor\VisualScripting.Core\Dependencies\YamlDotNet\Unity.VisualScripting.YamlDotNet.dll
Symbol file LoadedFromMemory doesn't match image D:\Desktop\projet recherche\Unity-dynamic-destruction-asset\destruction\Library\PackageCache\com.unity.visualscripting@1.8.0\Editor\VisualScripting.Core\Dependencies\DotNetZip\Unity.VisualScripting.IonicZip.dll
- Loaded All Assemblies, in  0.500 seconds
Refreshing native plugins compatible for Editor in 0.64 ms, found 3 plugins.
Native extension for UWP target not found
Native extension for WindowsStandalone target not found
Native extension for WebGL target not found
Mono: successfully reloaded assembly
- Finished resetting the current domain, in  0.557 seconds
Domain Reload Profiling: 1055ms
	BeginReloadAssembly (172ms)
		ExecutionOrderSort (0ms)
		DisableScriptedObjects (5ms)
		BackupInstance (0ms)
		ReleaseScriptingObjects (0ms)
		CreateAndSetChildDomain (43ms)
	RebuildCommonClasses (29ms)
	RebuildNativeTypeToScriptingClass (10ms)
	initialDomainReloadingComplete (26ms)
	LoadAllAssembliesAndSetupDomain (260ms)
		LoadAssemblies (250ms)
		RebuildTransferFunctionScriptingTraits (0ms)
		AnalyzeDomain (100ms)
			TypeCache.Refresh (6ms)
				TypeCache.ScanAssembly (0ms)
			BuildScriptInfoCaches (88ms)
			ResolveRequiredComponents (3ms)
	FinalizeReload (557ms)
		ReleaseScriptCaches (0ms)
		RebuildScriptCaches (0ms)
		SetupLoadedEditorAssemblies (382ms)
			LogAssemblyErrors (0ms)
			InitializePlatformSupportModulesInManaged (3ms)
			SetLoadedEditorAssemblies (2ms)
			BeforeProcessingInitializeOnLoad (39ms)
			ProcessInitializeOnLoadAttributes (313ms)
			ProcessInitializeOnLoadMethodAttributes (17ms)
			AfterProcessingInitializeOnLoad (7ms)
			EditorAssembliesLoaded (0ms)
		ExecutionOrderSort2 (0ms)
		AwakeInstancesAfterBackupRestoration (8ms)
Refreshing native plugins compatible for Editor in 0.48 ms, found 3 plugins.
Preloading 0 native plugins for Editor in 0.00 ms.
Unloading 0 Unused Serialized files (Serialized files now loaded: 0)
Unloading 3388 unused Assets / (0.7 MB). Loaded Objects now: 3994.
Memory consumption went from 106.5 MB to 105.8 MB.
Total: 5.592900 ms (FindLiveObjects: 0.423300 ms CreateObjectMapping: 0.193200 ms MarkObjects: 4.223700 ms  DeleteObjects: 0.751900 ms)

Prepare: number of updated asset objects reloaded= 0
========================================================================
Received Import Request.
  Time since last request: 541.974575 seconds.
  path: Assets/models/lowPolyPainting/waveTexture.png
  artifactKey: Guid(8e2b3b19b33075f4bb442dba064a1dbb) Importer(815301076,1909f56bfc062723c751e8b465ee728b)
Start importing Assets/models/lowPolyPainting/waveTexture.png using Guid(8e2b3b19b33075f4bb442dba064a1dbb) Importer(815301076,1909f56bfc062723c751e8b465ee728b) (PreviewImporter) -> (artifact id: '004c1655d004773926ab61242460df1c') in 0.060577 seconds
Number of updated asset objects reloaded before import = 0Number of asset objects unloaded after import = 2

========================================================================
Received Import Request.
  Time since last request: 5.069357 seconds.
  path: Assets/models/lowPolyPainting/waveTexture.png
  artifactKey: Guid(8e2b3b19b33075f4bb442dba064a1dbb) Importer(815301076,1909f56bfc062723c751e8b465ee728b)
Start importing Assets/models/lowPolyPainting/waveTexture.png using Guid(8e2b3b19b33075f4bb442dba064a1dbb) Importer(815301076,1909f56bfc062723c751e8b465ee728b) (PreviewImporter) -> (artifact id: 'c7c8160d7db0dc4aab2ae6506c320934') in 0.0071338 seconds
Number of updated asset objects reloaded before import = 0Number of asset objects unloaded after import = 2

========================================================================
Received Prepare
Begin MonoManager ReloadAssembly
Symbol file data-000001AA2226FEE0 doesn't match image D:\Desktop\projet recherche\Unity-dynamic-destruction-asset\destruction\Library\ScriptAssemblies\RuntimeAssembly.dll
Symbol file LoadedFromMemory is not a mono symbol file
Symbol file LoadedFromMemory doesn't match image D:\Desktop\projet recherche\Unity-dynamic-destruction-asset\destruction\Library\PackageCache\com.unity.visualscripting@1.8.0\Editor\VisualScripting.Core\Dependencies\YamlDotNet\Unity.VisualScripting.YamlDotNet.dll
Symbol file LoadedFromMemory doesn't match image D:\Desktop\projet recherche\Unity-dynamic-destruction-asset\destruction\Library\PackageCache\com.unity.visualscripting@1.8.0\Editor\VisualScripting.Core\Dependencies\DotNetZip\Unity.VisualScripting.IonicZip.dll
- Loaded All Assemblies, in  0.512 seconds
Refreshing native plugins compatible for Editor in 0.46 ms, found 3 plugins.
Native extension for UWP target not found
Native extension for WindowsStandalone target not found
Native extension for WebGL target not found
Mono: successfully reloaded assembly
- Finished resetting the current domain, in  0.470 seconds
Domain Reload Profiling: 981ms
	BeginReloadAssembly (170ms)
		ExecutionOrderSort (0ms)
		DisableScriptedObjects (6ms)
		BackupInstance (0ms)
		ReleaseScriptingObjects (0ms)
		CreateAndSetChildDomain (40ms)
	RebuildCommonClasses (29ms)
	RebuildNativeTypeToScriptingClass (11ms)
	initialDomainReloadingComplete (26ms)
	LoadAllAssembliesAndSetupDomain (275ms)
		LoadAssemblies (264ms)
		RebuildTransferFunctionScriptingTraits (0ms)
		AnalyzeDomain (101ms)
			TypeCache.Refresh (5ms)
				TypeCache.ScanAssembly (0ms)
			BuildScriptInfoCaches (90ms)
			ResolveRequiredComponents (3ms)
	FinalizeReload (470ms)
		ReleaseScriptCaches (0ms)
		RebuildScriptCaches (0ms)
		SetupLoadedEditorAssemblies (309ms)
			LogAssemblyErrors (0ms)
			InitializePlatformSupportModulesInManaged (3ms)
			SetLoadedEditorAssemblies (2ms)
			BeforeProcessingInitializeOnLoad (33ms)
			ProcessInitializeOnLoadAttributes (249ms)
			ProcessInitializeOnLoadMethodAttributes (15ms)
			AfterProcessingInitializeOnLoad (6ms)
			EditorAssembliesLoaded (0ms)
		ExecutionOrderSort2 (0ms)
		AwakeInstancesAfterBackupRestoration (8ms)
Refreshing native plugins compatible for Editor in 0.46 ms, found 3 plugins.
Preloading 0 native plugins for Editor in 0.00 ms.
Unloading 0 Unused Serialized files (Serialized files now loaded: 0)
Unloading 3388 unused Assets / (0.7 MB). Loaded Objects now: 3995.
Memory consumption went from 108.5 MB to 107.8 MB.
Total: 5.715200 ms (FindLiveObjects: 0.360800 ms CreateObjectMapping: 0.205600 ms MarkObjects: 4.362500 ms  DeleteObjects: 0.785700 ms)

Prepare: number of updated asset objects reloaded= 0
========================================================================
Received Prepare
Begin MonoManager ReloadAssembly
Symbol file data-000001AA221BA010 doesn't match image D:\Desktop\projet recherche\Unity-dynamic-destruction-asset\destruction\Library\ScriptAssemblies\RuntimeAssembly.dll
Symbol file LoadedFromMemory is not a mono symbol file
Symbol file LoadedFromMemory doesn't match image D:\Desktop\projet recherche\Unity-dynamic-destruction-asset\destruction\Library\PackageCache\com.unity.visualscripting@1.8.0\Editor\VisualScripting.Core\Dependencies\YamlDotNet\Unity.VisualScripting.YamlDotNet.dll
Symbol file LoadedFromMemory doesn't match image D:\Desktop\projet recherche\Unity-dynamic-destruction-asset\destruction\Library\PackageCache\com.unity.visualscripting@1.8.0\Editor\VisualScripting.Core\Dependencies\DotNetZip\Unity.VisualScripting.IonicZip.dll
- Loaded All Assemblies, in  0.508 seconds
Refreshing native plugins compatible for Editor in 0.56 ms, found 3 plugins.
Native extension for UWP target not found
Native extension for WindowsStandalone target not found
Native extension for WebGL target not found
Mono: successfully reloaded assembly
- Finished resetting the current domain, in  0.463 seconds
Domain Reload Profiling: 970ms
	BeginReloadAssembly (169ms)
		ExecutionOrderSort (0ms)
		DisableScriptedObjects (5ms)
		BackupInstance (0ms)
		ReleaseScriptingObjects (0ms)
		CreateAndSetChildDomain (38ms)
	RebuildCommonClasses (31ms)
	RebuildNativeTypeToScriptingClass (10ms)
	initialDomainReloadingComplete (24ms)
	LoadAllAssembliesAndSetupDomain (272ms)
		LoadAssemblies (257ms)
		RebuildTransferFunctionScriptingTraits (0ms)
		AnalyzeDomain (107ms)
			TypeCache.Refresh (5ms)
				TypeCache.ScanAssembly (0ms)
			BuildScriptInfoCaches (97ms)
			ResolveRequiredComponents (3ms)
	FinalizeReload (464ms)
		ReleaseScriptCaches (0ms)
		RebuildScriptCaches (0ms)
		SetupLoadedEditorAssemblies (301ms)
			LogAssemblyErrors (0ms)
			InitializePlatformSupportModulesInManaged (3ms)
			SetLoadedEditorAssemblies (2ms)
			BeforeProcessingInitializeOnLoad (33ms)
			ProcessInitializeOnLoadAttributes (241ms)
			ProcessInitializeOnLoadMethodAttributes (16ms)
			AfterProcessingInitializeOnLoad (7ms)
			EditorAssembliesLoaded (0ms)
		ExecutionOrderSort2 (0ms)
		AwakeInstancesAfterBackupRestoration (8ms)
Refreshing native plugins compatible for Editor in 0.48 ms, found 3 plugins.
Preloading 0 native plugins for Editor in 0.00 ms.
Unloading 0 Unused Serialized files (Serialized files now loaded: 0)
Unloading 3388 unused Assets / (0.6 MB). Loaded Objects now: 3996.
Memory consumption went from 110.4 MB to 109.8 MB.
Total: 4.757200 ms (FindLiveObjects: 0.335700 ms CreateObjectMapping: 0.156500 ms MarkObjects: 3.659000 ms  DeleteObjects: 0.605200 ms)

Prepare: number of updated asset objects reloaded= 0
========================================================================
Received Prepare
Begin MonoManager ReloadAssembly
Symbol file data-000001AA22280B00 doesn't match image D:\Desktop\projet recherche\Unity-dynamic-destruction-asset\destruction\Library\ScriptAssemblies\RuntimeAssembly.dll
Symbol file LoadedFromMemory is not a mono symbol file
Symbol file LoadedFromMemory doesn't match image D:\Desktop\projet recherche\Unity-dynamic-destruction-asset\destruction\Library\PackageCache\com.unity.visualscripting@1.8.0\Editor\VisualScripting.Core\Dependencies\YamlDotNet\Unity.VisualScripting.YamlDotNet.dll
Symbol file LoadedFromMemory doesn't match image D:\Desktop\projet recherche\Unity-dynamic-destruction-asset\destruction\Library\PackageCache\com.unity.visualscripting@1.8.0\Editor\VisualScripting.Core\Dependencies\DotNetZip\Unity.VisualScripting.IonicZip.dll
- Loaded All Assemblies, in  0.501 seconds
Refreshing native plugins compatible for Editor in 0.46 ms, found 3 plugins.
Native extension for UWP target not found
Native extension for WindowsStandalone target not found
Native extension for WebGL target not found
Mono: successfully reloaded assembly
- Finished resetting the current domain, in  0.462 seconds
Domain Reload Profiling: 962ms
	BeginReloadAssembly (172ms)
		ExecutionOrderSort (0ms)
		DisableScriptedObjects (5ms)
		BackupInstance (0ms)
		ReleaseScriptingObjects (0ms)
		CreateAndSetChildDomain (43ms)
	RebuildCommonClasses (31ms)
	RebuildNativeTypeToScriptingClass (11ms)
	initialDomainReloadingComplete (24ms)
	LoadAllAssembliesAndSetupDomain (262ms)
		LoadAssemblies (251ms)
		RebuildTransferFunctionScriptingTraits (0ms)
		AnalyzeDomain (101ms)
			TypeCache.Refresh (5ms)
				TypeCache.ScanAssembly (0ms)
			BuildScriptInfoCaches (90ms)
			ResolveRequiredComponents (3ms)
	FinalizeReload (463ms)
		ReleaseScriptCaches (0ms)
		RebuildScriptCaches (0ms)
		SetupLoadedEditorAssemblies (304ms)
			LogAssemblyErrors (0ms)
			InitializePlatformSupportModulesInManaged (3ms)
			SetLoadedEditorAssemblies (2ms)
			BeforeProcessingInitializeOnLoad (33ms)
			ProcessInitializeOnLoadAttributes (243ms)
			ProcessInitializeOnLoadMethodAttributes (16ms)
			AfterProcessingInitializeOnLoad (6ms)
			EditorAssembliesLoaded (0ms)
		ExecutionOrderSort2 (0ms)
		AwakeInstancesAfterBackupRestoration (8ms)
Refreshing native plugins compatible for Editor in 0.49 ms, found 3 plugins.
Preloading 0 native plugins for Editor in 0.00 ms.
Unloading 0 Unused Serialized files (Serialized files now loaded: 0)
Unloading 3388 unused Assets / (0.6 MB). Loaded Objects now: 3997.
Memory consumption went from 112.3 MB to 111.8 MB.
Total: 4.762200 ms (FindLiveObjects: 0.337500 ms CreateObjectMapping: 0.157600 ms MarkObjects: 3.672000 ms  DeleteObjects: 0.594600 ms)

Prepare: number of updated asset objects reloaded= 0
========================================================================
Received Prepare
Begin MonoManager ReloadAssembly
Symbol file data-000001A9FD4A9010 doesn't match image D:\Desktop\projet recherche\Unity-dynamic-destruction-asset\destruction\Library\ScriptAssemblies\RuntimeAssembly.dll
Symbol file LoadedFromMemory is not a mono symbol file
Symbol file LoadedFromMemory doesn't match image D:\Desktop\projet recherche\Unity-dynamic-destruction-asset\destruction\Library\PackageCache\com.unity.visualscripting@1.8.0\Editor\VisualScripting.Core\Dependencies\YamlDotNet\Unity.VisualScripting.YamlDotNet.dll
Symbol file LoadedFromMemory doesn't match image D:\Desktop\projet recherche\Unity-dynamic-destruction-asset\destruction\Library\PackageCache\com.unity.visualscripting@1.8.0\Editor\VisualScripting.Core\Dependencies\DotNetZip\Unity.VisualScripting.IonicZip.dll
- Loaded All Assemblies, in  0.519 seconds
Refreshing native plugins compatible for Editor in 0.42 ms, found 3 plugins.
Native extension for UWP target not found
Native extension for WindowsStandalone target not found
Native extension for WebGL target not found
Mono: successfully reloaded assembly
- Finished resetting the current domain, in  0.456 seconds
Domain Reload Profiling: 975ms
	BeginReloadAssembly (166ms)
		ExecutionOrderSort (0ms)
		DisableScriptedObjects (5ms)
		BackupInstance (0ms)
		ReleaseScriptingObjects (0ms)
		CreateAndSetChildDomain (38ms)
	RebuildCommonClasses (31ms)
	RebuildNativeTypeToScriptingClass (15ms)
	initialDomainReloadingComplete (29ms)
	LoadAllAssembliesAndSetupDomain (277ms)
		LoadAssemblies (257ms)
		RebuildTransferFunctionScriptingTraits (0ms)
		AnalyzeDomain (110ms)
			TypeCache.Refresh (6ms)
				TypeCache.ScanAssembly (0ms)
			BuildScriptInfoCaches (98ms)
			ResolveRequiredComponents (3ms)
	FinalizeReload (457ms)
		ReleaseScriptCaches (0ms)
		RebuildScriptCaches (0ms)
		SetupLoadedEditorAssemblies (301ms)
			LogAssemblyErrors (0ms)
			InitializePlatformSupportModulesInManaged (3ms)
			SetLoadedEditorAssemblies (2ms)
			BeforeProcessingInitializeOnLoad (35ms)
			ProcessInitializeOnLoadAttributes (239ms)
			ProcessInitializeOnLoadMethodAttributes (16ms)
			AfterProcessingInitializeOnLoad (6ms)
			EditorAssembliesLoaded (0ms)
		ExecutionOrderSort2 (0ms)
		AwakeInstancesAfterBackupRestoration (7ms)
Refreshing native plugins compatible for Editor in 0.47 ms, found 3 plugins.
Preloading 0 native plugins for Editor in 0.00 ms.
Unloading 0 Unused Serialized files (Serialized files now loaded: 0)
Unloading 3388 unused Assets / (0.6 MB). Loaded Objects now: 3998.
Memory consumption went from 114.3 MB to 113.6 MB.
Total: 4.666800 ms (FindLiveObjects: 0.338700 ms CreateObjectMapping: 0.147800 ms MarkObjects: 3.581700 ms  DeleteObjects: 0.598000 ms)

Prepare: number of updated asset objects reloaded= 0
========================================================================
Received Import Request.
  Time since last request: 462.681217 seconds.
  path: Assets/models/lowPolyPainting/pearlEaringTexture.png
  artifactKey: Guid(1307282d7f33dfa4ca35052896a3915c) Importer(815301076,1909f56bfc062723c751e8b465ee728b)
Start importing Assets/models/lowPolyPainting/pearlEaringTexture.png using Guid(1307282d7f33dfa4ca35052896a3915c) Importer(815301076,1909f56bfc062723c751e8b465ee728b) (PreviewImporter) -> (artifact id: '05ab69887499f13a2bb6e741d4633516') in 0.0481565 seconds
Number of updated asset objects reloaded before import = 0Number of asset objects unloaded after import = 2

========================================================================
Received Import Request.
  Time since last request: 4.404758 seconds.
  path: Assets/models/lowPolyPainting/pearlEaringTexture.png
  artifactKey: Guid(1307282d7f33dfa4ca35052896a3915c) Importer(815301076,1909f56bfc062723c751e8b465ee728b)
Start importing Assets/models/lowPolyPainting/pearlEaringTexture.png using Guid(1307282d7f33dfa4ca35052896a3915c) Importer(815301076,1909f56bfc062723c751e8b465ee728b) (PreviewImporter) -> (artifact id: '65dafce1587aa043beadf2c8a3f7e2a4') in 0.0074171 seconds
Number of updated asset objects reloaded before import = 0Number of asset objects unloaded after import = 2

========================================================================
Received Prepare
Begin MonoManager ReloadAssembly
Symbol file data-000001AA21321010 doesn't match image D:\Desktop\projet recherche\Unity-dynamic-destruction-asset\destruction\Library\ScriptAssemblies\RuntimeAssembly.dll
Symbol file LoadedFromMemory is not a mono symbol file
Symbol file LoadedFromMemory doesn't match image D:\Desktop\projet recherche\Unity-dynamic-destruction-asset\destruction\Library\PackageCache\com.unity.visualscripting@1.8.0\Editor\VisualScripting.Core\Dependencies\YamlDotNet\Unity.VisualScripting.YamlDotNet.dll
Symbol file LoadedFromMemory doesn't match image D:\Desktop\projet recherche\Unity-dynamic-destruction-asset\destruction\Library\PackageCache\com.unity.visualscripting@1.8.0\Editor\VisualScripting.Core\Dependencies\DotNetZip\Unity.VisualScripting.IonicZip.dll
- Loaded All Assemblies, in  0.521 seconds
Refreshing native plugins compatible for Editor in 0.39 ms, found 3 plugins.
Native extension for UWP target not found
Native extension for WindowsStandalone target not found
Native extension for WebGL target not found
Mono: successfully reloaded assembly
- Finished resetting the current domain, in  0.458 seconds
Domain Reload Profiling: 979ms
	BeginReloadAssembly (172ms)
		ExecutionOrderSort (0ms)
		DisableScriptedObjects (5ms)
		BackupInstance (0ms)
		ReleaseScriptingObjects (0ms)
		CreateAndSetChildDomain (41ms)
	RebuildCommonClasses (30ms)
	RebuildNativeTypeToScriptingClass (17ms)
	initialDomainReloadingComplete (26ms)
	LoadAllAssembliesAndSetupDomain (275ms)
		LoadAssemblies (265ms)
		RebuildTransferFunctionScriptingTraits (0ms)
		AnalyzeDomain (104ms)
			TypeCache.Refresh (6ms)
				TypeCache.ScanAssembly (0ms)
			BuildScriptInfoCaches (92ms)
			ResolveRequiredComponents (3ms)
	FinalizeReload (459ms)
		ReleaseScriptCaches (0ms)
		RebuildScriptCaches (0ms)
		SetupLoadedEditorAssemblies (303ms)
			LogAssemblyErrors (0ms)
			InitializePlatformSupportModulesInManaged (3ms)
			SetLoadedEditorAssemblies (2ms)
			BeforeProcessingInitializeOnLoad (33ms)
			ProcessInitializeOnLoadAttributes (242ms)
			ProcessInitializeOnLoadMethodAttributes (16ms)
			AfterProcessingInitializeOnLoad (7ms)
			EditorAssembliesLoaded (0ms)
		ExecutionOrderSort2 (0ms)
		AwakeInstancesAfterBackupRestoration (8ms)
Refreshing native plugins compatible for Editor in 0.47 ms, found 3 plugins.
Preloading 0 native plugins for Editor in 0.00 ms.
Unloading 0 Unused Serialized files (Serialized files now loaded: 0)
Unloading 3388 unused Assets / (0.6 MB). Loaded Objects now: 3999.
Memory consumption went from 116.2 MB to 115.6 MB.
Total: 5.225000 ms (FindLiveObjects: 0.421800 ms CreateObjectMapping: 0.174500 ms MarkObjects: 3.936500 ms  DeleteObjects: 0.691600 ms)

Prepare: number of updated asset objects reloaded= 0
========================================================================
Received Prepare
Begin MonoManager ReloadAssembly
Symbol file data-000001AA219A4A60 doesn't match image D:\Desktop\projet recherche\Unity-dynamic-destruction-asset\destruction\Library\ScriptAssemblies\RuntimeAssembly.dll
Symbol file LoadedFromMemory is not a mono symbol file
Symbol file LoadedFromMemory doesn't match image D:\Desktop\projet recherche\Unity-dynamic-destruction-asset\destruction\Library\PackageCache\com.unity.visualscripting@1.8.0\Editor\VisualScripting.Core\Dependencies\YamlDotNet\Unity.VisualScripting.YamlDotNet.dll
Symbol file LoadedFromMemory doesn't match image D:\Desktop\projet recherche\Unity-dynamic-destruction-asset\destruction\Library\PackageCache\com.unity.visualscripting@1.8.0\Editor\VisualScripting.Core\Dependencies\DotNetZip\Unity.VisualScripting.IonicZip.dll
- Loaded All Assemblies, in  0.513 seconds
Refreshing native plugins compatible for Editor in 0.68 ms, found 3 plugins.
Native extension for UWP target not found
Native extension for WindowsStandalone target not found
Native extension for WebGL target not found
Mono: successfully reloaded assembly
- Finished resetting the current domain, in  0.474 seconds
Domain Reload Profiling: 987ms
	BeginReloadAssembly (179ms)
		ExecutionOrderSort (0ms)
		DisableScriptedObjects (5ms)
		BackupInstance (0ms)
		ReleaseScriptingObjects (0ms)
		CreateAndSetChildDomain (43ms)
	RebuildCommonClasses (30ms)
	RebuildNativeTypeToScriptingClass (10ms)
	initialDomainReloadingComplete (23ms)
	LoadAllAssembliesAndSetupDomain (270ms)
		LoadAssemblies (262ms)
		RebuildTransferFunctionScriptingTraits (0ms)
		AnalyzeDomain (106ms)
			TypeCache.Refresh (6ms)
				TypeCache.ScanAssembly (0ms)
			BuildScriptInfoCaches (94ms)
			ResolveRequiredComponents (3ms)
	FinalizeReload (475ms)
		ReleaseScriptCaches (0ms)
		RebuildScriptCaches (0ms)
		SetupLoadedEditorAssemblies (314ms)
			LogAssemblyErrors (0ms)
			InitializePlatformSupportModulesInManaged (3ms)
			SetLoadedEditorAssemblies (2ms)
			BeforeProcessingInitializeOnLoad (33ms)
			ProcessInitializeOnLoadAttributes (253ms)
			ProcessInitializeOnLoadMethodAttributes (16ms)
			AfterProcessingInitializeOnLoad (7ms)
			EditorAssembliesLoaded (0ms)
		ExecutionOrderSort2 (0ms)
		AwakeInstancesAfterBackupRestoration (8ms)
Refreshing native plugins compatible for Editor in 0.62 ms, found 3 plugins.
Preloading 0 native plugins for Editor in 0.00 ms.
Unloading 0 Unused Serialized files (Serialized files now loaded: 0)
Unloading 3388 unused Assets / (0.7 MB). Loaded Objects now: 4000.
Memory consumption went from 118.1 MB to 117.4 MB.
Total: 5.066900 ms (FindLiveObjects: 0.378600 ms CreateObjectMapping: 0.177800 ms MarkObjects: 3.861100 ms  DeleteObjects: 0.648800 ms)

Prepare: number of updated asset objects reloaded= 0
========================================================================
Received Prepare
Begin MonoManager ReloadAssembly
Symbol file data-000001A9FD08B020 doesn't match image D:\Desktop\projet recherche\Unity-dynamic-destruction-asset\destruction\Library\ScriptAssemblies\RuntimeAssembly.dll
Symbol file LoadedFromMemory is not a mono symbol file
Symbol file LoadedFromMemory doesn't match image D:\Desktop\projet recherche\Unity-dynamic-destruction-asset\destruction\Library\PackageCache\com.unity.visualscripting@1.8.0\Editor\VisualScripting.Core\Dependencies\YamlDotNet\Unity.VisualScripting.YamlDotNet.dll
Symbol file LoadedFromMemory doesn't match image D:\Desktop\projet recherche\Unity-dynamic-destruction-asset\destruction\Library\PackageCache\com.unity.visualscripting@1.8.0\Editor\VisualScripting.Core\Dependencies\DotNetZip\Unity.VisualScripting.IonicZip.dll
- Loaded All Assemblies, in  0.523 seconds
Refreshing native plugins compatible for Editor in 0.47 ms, found 3 plugins.
Native extension for UWP target not found
Native extension for WindowsStandalone target not found
Native extension for WebGL target not found
Mono: successfully reloaded assembly
- Finished resetting the current domain, in  0.468 seconds
Domain Reload Profiling: 990ms
	BeginReloadAssembly (173ms)
		ExecutionOrderSort (0ms)
		DisableScriptedObjects (5ms)
		BackupInstance (0ms)
		ReleaseScriptingObjects (0ms)
		CreateAndSetChildDomain (40ms)
	RebuildCommonClasses (28ms)
	RebuildNativeTypeToScriptingClass (10ms)
	initialDomainReloadingComplete (29ms)
	LoadAllAssembliesAndSetupDomain (281ms)
		LoadAssemblies (272ms)
		RebuildTransferFunctionScriptingTraits (0ms)
		AnalyzeDomain (102ms)
			TypeCache.Refresh (5ms)
				TypeCache.ScanAssembly (0ms)
			BuildScriptInfoCaches (91ms)
			ResolveRequiredComponents (3ms)
	FinalizeReload (469ms)
		ReleaseScriptCaches (0ms)
		RebuildScriptCaches (0ms)
		SetupLoadedEditorAssemblies (305ms)
			LogAssemblyErrors (0ms)
			InitializePlatformSupportModulesInManaged (3ms)
			SetLoadedEditorAssemblies (3ms)
			BeforeProcessingInitializeOnLoad (33ms)
			ProcessInitializeOnLoadAttributes (244ms)
			ProcessInitializeOnLoadMethodAttributes (16ms)
			AfterProcessingInitializeOnLoad (6ms)
			EditorAssembliesLoaded (0ms)
		ExecutionOrderSort2 (0ms)
		AwakeInstancesAfterBackupRestoration (8ms)
Refreshing native plugins compatible for Editor in 0.48 ms, found 3 plugins.
Preloading 0 native plugins for Editor in 0.00 ms.
Unloading 0 Unused Serialized files (Serialized files now loaded: 0)
Unloading 3388 unused Assets / (0.6 MB). Loaded Objects now: 4001.
Memory consumption went from 120.0 MB to 119.4 MB.
Total: 4.850000 ms (FindLiveObjects: 0.339900 ms CreateObjectMapping: 0.163700 ms MarkObjects: 3.616900 ms  DeleteObjects: 0.728600 ms)

Prepare: number of updated asset objects reloaded= 0
========================================================================
Received Import Request.
  Time since last request: 438.851643 seconds.
  path: Assets/models/lowPolyPainting/Materials
  artifactKey: Guid(9ad531ccc48488540ab3b272879c3d0a) Importer(815301076,1909f56bfc062723c751e8b465ee728b)
Start importing Assets/models/lowPolyPainting/Materials using Guid(9ad531ccc48488540ab3b272879c3d0a) Importer(815301076,1909f56bfc062723c751e8b465ee728b) (PreviewImporter) -> (artifact id: 'f110c8a95f16f61ef32ff909d7025a3a') in 0.0022734 seconds
Number of updated asset objects reloaded before import = 0Number of asset objects unloaded after import = 0

========================================================================
Received Import Request.
  Time since last request: 15.116516 seconds.
  path: Assets/models/lowPolyPainting/birthVenusTexture.png
  artifactKey: Guid(db0c2306e2055654da6bbd72a9621dba) Importer(815301076,1909f56bfc062723c751e8b465ee728b)
Start importing Assets/models/lowPolyPainting/birthVenusTexture.png using Guid(db0c2306e2055654da6bbd72a9621dba) Importer(815301076,1909f56bfc062723c751e8b465ee728b) (PreviewImporter) -> (artifact id: 'e05acdaf3ee18780161b108812b7d433') in 0.0497772 seconds
Number of updated asset objects reloaded before import = 0Number of asset objects unloaded after import = 2

========================================================================
Received Import Request.
  Time since last request: 5.500000 seconds.
  path: Assets/models/lowPolyPainting/birthVenusTexture.png
  artifactKey: Guid(db0c2306e2055654da6bbd72a9621dba) Importer(815301076,1909f56bfc062723c751e8b465ee728b)
Start importing Assets/models/lowPolyPainting/birthVenusTexture.png using Guid(db0c2306e2055654da6bbd72a9621dba) Importer(815301076,1909f56bfc062723c751e8b465ee728b) (PreviewImporter) -> (artifact id: '68fcae5fbe8bf449c26e5d071805e183') in 0.0075362 seconds
Number of updated asset objects reloaded before import = 0Number of asset objects unloaded after import = 2

========================================================================
Received Prepare
Begin MonoManager ReloadAssembly
Symbol file data-000001AA21321010 doesn't match image D:\Desktop\projet recherche\Unity-dynamic-destruction-asset\destruction\Library\ScriptAssemblies\RuntimeAssembly.dll
Symbol file LoadedFromMemory is not a mono symbol file
Symbol file LoadedFromMemory doesn't match image D:\Desktop\projet recherche\Unity-dynamic-destruction-asset\destruction\Library\PackageCache\com.unity.visualscripting@1.8.0\Editor\VisualScripting.Core\Dependencies\YamlDotNet\Unity.VisualScripting.YamlDotNet.dll
Symbol file LoadedFromMemory doesn't match image D:\Desktop\projet recherche\Unity-dynamic-destruction-asset\destruction\Library\PackageCache\com.unity.visualscripting@1.8.0\Editor\VisualScripting.Core\Dependencies\DotNetZip\Unity.VisualScripting.IonicZip.dll
- Loaded All Assemblies, in  0.542 seconds
Refreshing native plugins compatible for Editor in 0.40 ms, found 3 plugins.
Native extension for UWP target not found
Native extension for WindowsStandalone target not found
Native extension for WebGL target not found
Mono: successfully reloaded assembly
- Finished resetting the current domain, in  0.468 seconds
Domain Reload Profiling: 1010ms
	BeginReloadAssembly (184ms)
		ExecutionOrderSort (0ms)
		DisableScriptedObjects (5ms)
		BackupInstance (0ms)
		ReleaseScriptingObjects (0ms)
		CreateAndSetChildDomain (44ms)
	RebuildCommonClasses (31ms)
	RebuildNativeTypeToScriptingClass (11ms)
	initialDomainReloadingComplete (24ms)
	LoadAllAssembliesAndSetupDomain (293ms)
		LoadAssemblies (270ms)
		RebuildTransferFunctionScriptingTraits (0ms)
		AnalyzeDomain (123ms)
			TypeCache.Refresh (5ms)
				TypeCache.ScanAssembly (0ms)
			BuildScriptInfoCaches (112ms)
			ResolveRequiredComponents (3ms)
	FinalizeReload (468ms)
		ReleaseScriptCaches (0ms)
		RebuildScriptCaches (0ms)
		SetupLoadedEditorAssemblies (311ms)
			LogAssemblyErrors (0ms)
			InitializePlatformSupportModulesInManaged (3ms)
			SetLoadedEditorAssemblies (2ms)
			BeforeProcessingInitializeOnLoad (32ms)
			ProcessInitializeOnLoadAttributes (251ms)
			ProcessInitializeOnLoadMethodAttributes (16ms)
			AfterProcessingInitializeOnLoad (6ms)
			EditorAssembliesLoaded (0ms)
		ExecutionOrderSort2 (0ms)
		AwakeInstancesAfterBackupRestoration (8ms)
Refreshing native plugins compatible for Editor in 0.48 ms, found 3 plugins.
Preloading 0 native plugins for Editor in 0.00 ms.
Unloading 0 Unused Serialized files (Serialized files now loaded: 0)
Unloading 3388 unused Assets / (0.7 MB). Loaded Objects now: 4002.
Memory consumption went from 122.0 MB to 121.3 MB.
Total: 5.374200 ms (FindLiveObjects: 0.533800 ms CreateObjectMapping: 0.221400 ms MarkObjects: 3.939400 ms  DeleteObjects: 0.678400 ms)

Prepare: number of updated asset objects reloaded= 0
========================================================================
Received Import Request.
  Time since last request: 384.961139 seconds.
  path: Assets/models/lowPolyPainting/saturnTexture.png
  artifactKey: Guid(72625f63a0598e0478f905cc394da911) Importer(815301076,1909f56bfc062723c751e8b465ee728b)
Start importing Assets/models/lowPolyPainting/saturnTexture.png using Guid(72625f63a0598e0478f905cc394da911) Importer(815301076,1909f56bfc062723c751e8b465ee728b) (PreviewImporter) -> (artifact id: 'e296a533515d2ca6bbadd0d10cc04302') in 0.0446683 seconds
Number of updated asset objects reloaded before import = 0Number of asset objects unloaded after import = 2

========================================================================
Received Import Request.
  Time since last request: 4.690334 seconds.
  path: Assets/models/lowPolyPainting/saturnTexture.png
  artifactKey: Guid(72625f63a0598e0478f905cc394da911) Importer(815301076,1909f56bfc062723c751e8b465ee728b)
Start importing Assets/models/lowPolyPainting/saturnTexture.png using Guid(72625f63a0598e0478f905cc394da911) Importer(815301076,1909f56bfc062723c751e8b465ee728b) (PreviewImporter) -> (artifact id: 'e1fd0d69493dc2d6578452c5c3a041df') in 0.0075435 seconds
Number of updated asset objects reloaded before import = 0Number of asset objects unloaded after import = 2

========================================================================
Received Prepare
Begin MonoManager ReloadAssembly
Symbol file data-000001AA2C034040 doesn't match image D:\Desktop\projet recherche\Unity-dynamic-destruction-asset\destruction\Library\ScriptAssemblies\RuntimeAssembly.dll
Symbol file LoadedFromMemory is not a mono symbol file
Symbol file LoadedFromMemory doesn't match image D:\Desktop\projet recherche\Unity-dynamic-destruction-asset\destruction\Library\PackageCache\com.unity.visualscripting@1.8.0\Editor\VisualScripting.Core\Dependencies\YamlDotNet\Unity.VisualScripting.YamlDotNet.dll
Symbol file LoadedFromMemory doesn't match image D:\Desktop\projet recherche\Unity-dynamic-destruction-asset\destruction\Library\PackageCache\com.unity.visualscripting@1.8.0\Editor\VisualScripting.Core\Dependencies\DotNetZip\Unity.VisualScripting.IonicZip.dll
- Loaded All Assemblies, in  0.540 seconds
Refreshing native plugins compatible for Editor in 0.42 ms, found 3 plugins.
Native extension for UWP target not found
Native extension for WindowsStandalone target not found
Native extension for WebGL target not found
Mono: successfully reloaded assembly
- Finished resetting the current domain, in  0.456 seconds
Domain Reload Profiling: 996ms
	BeginReloadAssembly (176ms)
		ExecutionOrderSort (0ms)
		DisableScriptedObjects (5ms)
		BackupInstance (0ms)
		ReleaseScriptingObjects (0ms)
		CreateAndSetChildDomain (45ms)
	RebuildCommonClasses (29ms)
	RebuildNativeTypeToScriptingClass (11ms)
	initialDomainReloadingComplete (26ms)
	LoadAllAssembliesAndSetupDomain (298ms)
		LoadAssemblies (285ms)
		RebuildTransferFunctionScriptingTraits (0ms)
		AnalyzeDomain (106ms)
			TypeCache.Refresh (6ms)
				TypeCache.ScanAssembly (0ms)
			BuildScriptInfoCaches (91ms)
			ResolveRequiredComponents (5ms)
	FinalizeReload (456ms)
		ReleaseScriptCaches (0ms)
		RebuildScriptCaches (0ms)
		SetupLoadedEditorAssemblies (301ms)
			LogAssemblyErrors (0ms)
			InitializePlatformSupportModulesInManaged (3ms)
			SetLoadedEditorAssemblies (3ms)
			BeforeProcessingInitializeOnLoad (34ms)
			ProcessInitializeOnLoadAttributes (238ms)
			ProcessInitializeOnLoadMethodAttributes (16ms)
			AfterProcessingInitializeOnLoad (7ms)
			EditorAssembliesLoaded (0ms)
		ExecutionOrderSort2 (0ms)
		AwakeInstancesAfterBackupRestoration (8ms)
Refreshing native plugins compatible for Editor in 0.42 ms, found 3 plugins.
Preloading 0 native plugins for Editor in 0.00 ms.
Unloading 0 Unused Serialized files (Serialized files now loaded: 0)
Unloading 3388 unused Assets / (0.7 MB). Loaded Objects now: 4003.
Memory consumption went from 123.9 MB to 123.2 MB.
Total: 5.456600 ms (FindLiveObjects: 0.416700 ms CreateObjectMapping: 0.201900 ms MarkObjects: 4.091500 ms  DeleteObjects: 0.745800 ms)

Prepare: number of updated asset objects reloaded= 0
========================================================================
Received Import Request.
  Time since last request: 360.854189 seconds.
  path: Assets/models/lowPolyPainting/adamTexture.png
  artifactKey: Guid(86c07f5959567ff4bbadabbd4ccbe72b) Importer(815301076,1909f56bfc062723c751e8b465ee728b)
Start importing Assets/models/lowPolyPainting/adamTexture.png using Guid(86c07f5959567ff4bbadabbd4ccbe72b) Importer(815301076,1909f56bfc062723c751e8b465ee728b) (PreviewImporter) -> (artifact id: '678358036d9c90bbce9d1f517382c2af') in 0.0462306 seconds
Number of updated asset objects reloaded before import = 0Number of asset objects unloaded after import = 2

========================================================================
Received Import Request.
  Time since last request: 3.513178 seconds.
  path: Assets/models/lowPolyPainting/adamTexture.png
  artifactKey: Guid(86c07f5959567ff4bbadabbd4ccbe72b) Importer(815301076,1909f56bfc062723c751e8b465ee728b)
Start importing Assets/models/lowPolyPainting/adamTexture.png using Guid(86c07f5959567ff4bbadabbd4ccbe72b) Importer(815301076,1909f56bfc062723c751e8b465ee728b) (PreviewImporter) -> (artifact id: 'a0db78b44e4e217ae34104fcd47570bc') in 0.0093167 seconds
Number of updated asset objects reloaded before import = 0Number of asset objects unloaded after import = 2

========================================================================
Received Prepare
Begin MonoManager ReloadAssembly
Symbol file data-000001AA21321010 doesn't match image D:\Desktop\projet recherche\Unity-dynamic-destruction-asset\destruction\Library\ScriptAssemblies\RuntimeAssembly.dll
Symbol file LoadedFromMemory is not a mono symbol file
Symbol file LoadedFromMemory doesn't match image D:\Desktop\projet recherche\Unity-dynamic-destruction-asset\destruction\Library\PackageCache\com.unity.visualscripting@1.8.0\Editor\VisualScripting.Core\Dependencies\YamlDotNet\Unity.VisualScripting.YamlDotNet.dll
Symbol file LoadedFromMemory doesn't match image D:\Desktop\projet recherche\Unity-dynamic-destruction-asset\destruction\Library\PackageCache\com.unity.visualscripting@1.8.0\Editor\VisualScripting.Core\Dependencies\DotNetZip\Unity.VisualScripting.IonicZip.dll
- Loaded All Assemblies, in  0.519 seconds
Refreshing native plugins compatible for Editor in 0.46 ms, found 3 plugins.
Native extension for UWP target not found
Native extension for WindowsStandalone target not found
Native extension for WebGL target not found
Mono: successfully reloaded assembly
- Finished resetting the current domain, in  0.465 seconds
Domain Reload Profiling: 983ms
	BeginReloadAssembly (171ms)
		ExecutionOrderSort (0ms)
		DisableScriptedObjects (5ms)
		BackupInstance (0ms)
		ReleaseScriptingObjects (0ms)
		CreateAndSetChildDomain (39ms)
	RebuildCommonClasses (37ms)
	RebuildNativeTypeToScriptingClass (11ms)
	initialDomainReloadingComplete (24ms)
	LoadAllAssembliesAndSetupDomain (276ms)
		LoadAssemblies (255ms)
		RebuildTransferFunctionScriptingTraits (0ms)
		AnalyzeDomain (114ms)
			TypeCache.Refresh (6ms)
				TypeCache.ScanAssembly (0ms)
			BuildScriptInfoCaches (102ms)
			ResolveRequiredComponents (3ms)
	FinalizeReload (465ms)
		ReleaseScriptCaches (0ms)
		RebuildScriptCaches (0ms)
		SetupLoadedEditorAssemblies (301ms)
			LogAssemblyErrors (0ms)
			InitializePlatformSupportModulesInManaged (3ms)
			SetLoadedEditorAssemblies (2ms)
			BeforeProcessingInitializeOnLoad (33ms)
			ProcessInitializeOnLoadAttributes (240ms)
			ProcessInitializeOnLoadMethodAttributes (16ms)
			AfterProcessingInitializeOnLoad (6ms)
			EditorAssembliesLoaded (0ms)
		ExecutionOrderSort2 (0ms)
		AwakeInstancesAfterBackupRestoration (8ms)
Refreshing native plugins compatible for Editor in 0.47 ms, found 3 plugins.
Preloading 0 native plugins for Editor in 0.00 ms.
Unloading 0 Unused Serialized files (Serialized files now loaded: 0)
Unloading 3388 unused Assets / (0.6 MB). Loaded Objects now: 4004.
Memory consumption went from 125.8 MB to 125.2 MB.
Total: 4.803400 ms (FindLiveObjects: 0.349500 ms CreateObjectMapping: 0.152900 ms MarkObjects: 3.649100 ms  DeleteObjects: 0.651300 ms)

Prepare: number of updated asset objects reloaded= 0
========================================================================
Received Prepare
Begin MonoManager ReloadAssembly
Symbol file data-000001AA2D009F30 doesn't match image D:\Desktop\projet recherche\Unity-dynamic-destruction-asset\destruction\Library\ScriptAssemblies\RuntimeAssembly.dll
Symbol file LoadedFromMemory is not a mono symbol file
Symbol file LoadedFromMemory doesn't match image D:\Desktop\projet recherche\Unity-dynamic-destruction-asset\destruction\Library\PackageCache\com.unity.visualscripting@1.8.0\Editor\VisualScripting.Core\Dependencies\YamlDotNet\Unity.VisualScripting.YamlDotNet.dll
Symbol file LoadedFromMemory doesn't match image D:\Desktop\projet recherche\Unity-dynamic-destruction-asset\destruction\Library\PackageCache\com.unity.visualscripting@1.8.0\Editor\VisualScripting.Core\Dependencies\DotNetZip\Unity.VisualScripting.IonicZip.dll
- Loaded All Assemblies, in  0.524 seconds
Refreshing native plugins compatible for Editor in 0.41 ms, found 3 plugins.
Native extension for UWP target not found
Native extension for WindowsStandalone target not found
Native extension for WebGL target not found
Mono: successfully reloaded assembly
- Finished resetting the current domain, in  0.479 seconds
Domain Reload Profiling: 1003ms
	BeginReloadAssembly (168ms)
		ExecutionOrderSort (0ms)
		DisableScriptedObjects (5ms)
		BackupInstance (0ms)
		ReleaseScriptingObjects (0ms)
		CreateAndSetChildDomain (38ms)
	RebuildCommonClasses (31ms)
	RebuildNativeTypeToScriptingClass (11ms)
	initialDomainReloadingComplete (24ms)
	LoadAllAssembliesAndSetupDomain (290ms)
		LoadAssemblies (261ms)
		RebuildTransferFunctionScriptingTraits (0ms)
		AnalyzeDomain (117ms)
			TypeCache.Refresh (5ms)
				TypeCache.ScanAssembly (0ms)
			BuildScriptInfoCaches (103ms)
			ResolveRequiredComponents (5ms)
	FinalizeReload (480ms)
		ReleaseScriptCaches (0ms)
		RebuildScriptCaches (0ms)
		SetupLoadedEditorAssemblies (314ms)
			LogAssemblyErrors (0ms)
			InitializePlatformSupportModulesInManaged (3ms)
			SetLoadedEditorAssemblies (2ms)
			BeforeProcessingInitializeOnLoad (33ms)
			ProcessInitializeOnLoadAttributes (243ms)
			ProcessInitializeOnLoadMethodAttributes (23ms)
			AfterProcessingInitializeOnLoad (9ms)
			EditorAssembliesLoaded (0ms)
		ExecutionOrderSort2 (0ms)
		AwakeInstancesAfterBackupRestoration (8ms)
Refreshing native plugins compatible for Editor in 0.46 ms, found 3 plugins.
Preloading 0 native plugins for Editor in 0.00 ms.
Unloading 0 Unused Serialized files (Serialized files now loaded: 0)
Unloading 3388 unused Assets / (0.6 MB). Loaded Objects now: 4005.
Memory consumption went from 127.8 MB to 127.1 MB.
Total: 4.857000 ms (FindLiveObjects: 0.337600 ms CreateObjectMapping: 0.159700 ms MarkObjects: 3.735200 ms  DeleteObjects: 0.623500 ms)

Prepare: number of updated asset objects reloaded= 0
========================================================================
Received Prepare
Begin MonoManager ReloadAssembly
Symbol file data-000001AA2D009F30 doesn't match image D:\Desktop\projet recherche\Unity-dynamic-destruction-asset\destruction\Library\ScriptAssemblies\RuntimeAssembly.dll
Symbol file LoadedFromMemory is not a mono symbol file
Symbol file LoadedFromMemory doesn't match image D:\Desktop\projet recherche\Unity-dynamic-destruction-asset\destruction\Library\PackageCache\com.unity.visualscripting@1.8.0\Editor\VisualScripting.Core\Dependencies\YamlDotNet\Unity.VisualScripting.YamlDotNet.dll
Symbol file LoadedFromMemory doesn't match image D:\Desktop\projet recherche\Unity-dynamic-destruction-asset\destruction\Library\PackageCache\com.unity.visualscripting@1.8.0\Editor\VisualScripting.Core\Dependencies\DotNetZip\Unity.VisualScripting.IonicZip.dll
- Loaded All Assemblies, in  0.515 seconds
Refreshing native plugins compatible for Editor in 0.48 ms, found 3 plugins.
Native extension for UWP target not found
Native extension for WindowsStandalone target not found
Native extension for WebGL target not found
Mono: successfully reloaded assembly
- Finished resetting the current domain, in  0.467 seconds
Domain Reload Profiling: 982ms
	BeginReloadAssembly (171ms)
		ExecutionOrderSort (0ms)
		DisableScriptedObjects (4ms)
		BackupInstance (0ms)
		ReleaseScriptingObjects (0ms)
		CreateAndSetChildDomain (38ms)
	RebuildCommonClasses (29ms)
	RebuildNativeTypeToScriptingClass (11ms)
	initialDomainReloadingComplete (25ms)
	LoadAllAssembliesAndSetupDomain (279ms)
		LoadAssemblies (271ms)
		RebuildTransferFunctionScriptingTraits (0ms)
		AnalyzeDomain (103ms)
			TypeCache.Refresh (6ms)
				TypeCache.ScanAssembly (0ms)
			BuildScriptInfoCaches (91ms)
			ResolveRequiredComponents (3ms)
	FinalizeReload (468ms)
		ReleaseScriptCaches (0ms)
		RebuildScriptCaches (0ms)
		SetupLoadedEditorAssemblies (303ms)
			LogAssemblyErrors (0ms)
			InitializePlatformSupportModulesInManaged (4ms)
			SetLoadedEditorAssemblies (3ms)
			BeforeProcessingInitializeOnLoad (33ms)
			ProcessInitializeOnLoadAttributes (241ms)
			ProcessInitializeOnLoadMethodAttributes (16ms)
			AfterProcessingInitializeOnLoad (6ms)
			EditorAssembliesLoaded (0ms)
		ExecutionOrderSort2 (0ms)
		AwakeInstancesAfterBackupRestoration (8ms)
Refreshing native plugins compatible for Editor in 0.49 ms, found 3 plugins.
Preloading 0 native plugins for Editor in 0.00 ms.
Unloading 0 Unused Serialized files (Serialized files now loaded: 0)
Unloading 3388 unused Assets / (0.7 MB). Loaded Objects now: 4006.
Memory consumption went from 129.7 MB to 129.0 MB.
Total: 5.259600 ms (FindLiveObjects: 0.568900 ms CreateObjectMapping: 0.246300 ms MarkObjects: 3.785000 ms  DeleteObjects: 0.658800 ms)

Prepare: number of updated asset objects reloaded= 0
========================================================================
Received Prepare
Begin MonoManager ReloadAssembly
Symbol file data-000001AA2C034040 doesn't match image D:\Desktop\projet recherche\Unity-dynamic-destruction-asset\destruction\Library\ScriptAssemblies\RuntimeAssembly.dll
Symbol file LoadedFromMemory is not a mono symbol file
Symbol file LoadedFromMemory doesn't match image D:\Desktop\projet recherche\Unity-dynamic-destruction-asset\destruction\Library\PackageCache\com.unity.visualscripting@1.8.0\Editor\VisualScripting.Core\Dependencies\YamlDotNet\Unity.VisualScripting.YamlDotNet.dll
Symbol file LoadedFromMemory doesn't match image D:\Desktop\projet recherche\Unity-dynamic-destruction-asset\destruction\Library\PackageCache\com.unity.visualscripting@1.8.0\Editor\VisualScripting.Core\Dependencies\DotNetZip\Unity.VisualScripting.IonicZip.dll
- Loaded All Assemblies, in  0.509 seconds
Refreshing native plugins compatible for Editor in 0.39 ms, found 3 plugins.
Native extension for UWP target not found
Native extension for WindowsStandalone target not found
Native extension for WebGL target not found
Mono: successfully reloaded assembly
- Finished resetting the current domain, in  0.459 seconds
Domain Reload Profiling: 968ms
	BeginReloadAssembly (185ms)
		ExecutionOrderSort (0ms)
		DisableScriptedObjects (7ms)
		BackupInstance (0ms)
		ReleaseScriptingObjects (0ms)
		CreateAndSetChildDomain (42ms)
	RebuildCommonClasses (29ms)
	RebuildNativeTypeToScriptingClass (11ms)
	initialDomainReloadingComplete (22ms)
	LoadAllAssembliesAndSetupDomain (261ms)
		LoadAssemblies (260ms)
		RebuildTransferFunctionScriptingTraits (0ms)
		AnalyzeDomain (101ms)
			TypeCache.Refresh (5ms)
				TypeCache.ScanAssembly (0ms)
			BuildScriptInfoCaches (90ms)
			ResolveRequiredComponents (3ms)
	FinalizeReload (460ms)
		ReleaseScriptCaches (0ms)
		RebuildScriptCaches (0ms)
		SetupLoadedEditorAssemblies (299ms)
			LogAssemblyErrors (0ms)
			InitializePlatformSupportModulesInManaged (3ms)
			SetLoadedEditorAssemblies (2ms)
			BeforeProcessingInitializeOnLoad (32ms)
			ProcessInitializeOnLoadAttributes (239ms)
			ProcessInitializeOnLoadMethodAttributes (16ms)
			AfterProcessingInitializeOnLoad (7ms)
			EditorAssembliesLoaded (0ms)
		ExecutionOrderSort2 (0ms)
		AwakeInstancesAfterBackupRestoration (8ms)
Refreshing native plugins compatible for Editor in 0.48 ms, found 3 plugins.
Preloading 0 native plugins for Editor in 0.00 ms.
Unloading 0 Unused Serialized files (Serialized files now loaded: 0)
Unloading 3388 unused Assets / (0.7 MB). Loaded Objects now: 4007.
Memory consumption went from 131.6 MB to 130.9 MB.
Total: 4.627400 ms (FindLiveObjects: 0.354300 ms CreateObjectMapping: 0.153800 ms MarkObjects: 3.510100 ms  DeleteObjects: 0.608600 ms)

Prepare: number of updated asset objects reloaded= 0
========================================================================
Received Prepare
Begin MonoManager ReloadAssembly
Symbol file data-000001AA219A4A60 doesn't match image D:\Desktop\projet recherche\Unity-dynamic-destruction-asset\destruction\Library\ScriptAssemblies\RuntimeAssembly.dll
Symbol file LoadedFromMemory is not a mono symbol file
Symbol file LoadedFromMemory doesn't match image D:\Desktop\projet recherche\Unity-dynamic-destruction-asset\destruction\Library\PackageCache\com.unity.visualscripting@1.8.0\Editor\VisualScripting.Core\Dependencies\YamlDotNet\Unity.VisualScripting.YamlDotNet.dll
Symbol file LoadedFromMemory doesn't match image D:\Desktop\projet recherche\Unity-dynamic-destruction-asset\destruction\Library\PackageCache\com.unity.visualscripting@1.8.0\Editor\VisualScripting.Core\Dependencies\DotNetZip\Unity.VisualScripting.IonicZip.dll
- Loaded All Assemblies, in  0.499 seconds
Refreshing native plugins compatible for Editor in 0.47 ms, found 3 plugins.
Native extension for UWP target not found
Native extension for WindowsStandalone target not found
Native extension for WebGL target not found
Mono: successfully reloaded assembly
- Finished resetting the current domain, in  0.459 seconds
Domain Reload Profiling: 957ms
	BeginReloadAssembly (168ms)
		ExecutionOrderSort (0ms)
		DisableScriptedObjects (5ms)
		BackupInstance (0ms)
		ReleaseScriptingObjects (0ms)
		CreateAndSetChildDomain (38ms)
	RebuildCommonClasses (28ms)
	RebuildNativeTypeToScriptingClass (10ms)
	initialDomainReloadingComplete (24ms)
	LoadAllAssembliesAndSetupDomain (268ms)
		LoadAssemblies (259ms)
		RebuildTransferFunctionScriptingTraits (0ms)
		AnalyzeDomain (101ms)
			TypeCache.Refresh (5ms)
				TypeCache.ScanAssembly (0ms)
			BuildScriptInfoCaches (90ms)
			ResolveRequiredComponents (3ms)
	FinalizeReload (459ms)
		ReleaseScriptCaches (0ms)
		RebuildScriptCaches (0ms)
		SetupLoadedEditorAssemblies (302ms)
			LogAssemblyErrors (0ms)
			InitializePlatformSupportModulesInManaged (3ms)
			SetLoadedEditorAssemblies (2ms)
			BeforeProcessingInitializeOnLoad (34ms)
			ProcessInitializeOnLoadAttributes (241ms)
			ProcessInitializeOnLoadMethodAttributes (16ms)
			AfterProcessingInitializeOnLoad (7ms)
			EditorAssembliesLoaded (0ms)
		ExecutionOrderSort2 (0ms)
		AwakeInstancesAfterBackupRestoration (7ms)
Refreshing native plugins compatible for Editor in 0.46 ms, found 3 plugins.
Preloading 0 native plugins for Editor in 0.00 ms.
Unloading 0 Unused Serialized files (Serialized files now loaded: 0)
Unloading 3388 unused Assets / (0.6 MB). Loaded Objects now: 4008.
Memory consumption went from 133.5 MB to 132.9 MB.
Total: 5.388800 ms (FindLiveObjects: 0.366000 ms CreateObjectMapping: 0.197800 ms MarkObjects: 4.172800 ms  DeleteObjects: 0.651600 ms)

Prepare: number of updated asset objects reloaded= 0
========================================================================
Received Prepare
Begin MonoManager ReloadAssembly
Symbol file data-000001AA22A71070 doesn't match image D:\Desktop\projet recherche\Unity-dynamic-destruction-asset\destruction\Library\ScriptAssemblies\RuntimeAssembly.dll
Symbol file LoadedFromMemory is not a mono symbol file
Symbol file LoadedFromMemory doesn't match image D:\Desktop\projet recherche\Unity-dynamic-destruction-asset\destruction\Library\PackageCache\com.unity.visualscripting@1.8.0\Editor\VisualScripting.Core\Dependencies\YamlDotNet\Unity.VisualScripting.YamlDotNet.dll
Symbol file LoadedFromMemory doesn't match image D:\Desktop\projet recherche\Unity-dynamic-destruction-asset\destruction\Library\PackageCache\com.unity.visualscripting@1.8.0\Editor\VisualScripting.Core\Dependencies\DotNetZip\Unity.VisualScripting.IonicZip.dll
- Loaded All Assemblies, in  0.505 seconds
Refreshing native plugins compatible for Editor in 0.43 ms, found 3 plugins.
Native extension for UWP target not found
Native extension for WindowsStandalone target not found
Native extension for WebGL target not found
Mono: successfully reloaded assembly
- Finished resetting the current domain, in  0.563 seconds
Domain Reload Profiling: 1067ms
	BeginReloadAssembly (160ms)
		ExecutionOrderSort (0ms)
		DisableScriptedObjects (5ms)
		BackupInstance (0ms)
		ReleaseScriptingObjects (0ms)
		CreateAndSetChildDomain (36ms)
	RebuildCommonClasses (30ms)
	RebuildNativeTypeToScriptingClass (11ms)
	initialDomainReloadingComplete (25ms)
	LoadAllAssembliesAndSetupDomain (278ms)
		LoadAssemblies (257ms)
		RebuildTransferFunctionScriptingTraits (0ms)
		AnalyzeDomain (108ms)
			TypeCache.Refresh (7ms)
				TypeCache.ScanAssembly (0ms)
			BuildScriptInfoCaches (95ms)
			ResolveRequiredComponents (3ms)
	FinalizeReload (563ms)
		ReleaseScriptCaches (0ms)
		RebuildScriptCaches (0ms)
		SetupLoadedEditorAssemblies (385ms)
			LogAssemblyErrors (0ms)
			InitializePlatformSupportModulesInManaged (4ms)
			SetLoadedEditorAssemblies (4ms)
			BeforeProcessingInitializeOnLoad (61ms)
			ProcessInitializeOnLoadAttributes (294ms)
			ProcessInitializeOnLoadMethodAttributes (16ms)
			AfterProcessingInitializeOnLoad (6ms)
			EditorAssembliesLoaded (0ms)
		ExecutionOrderSort2 (0ms)
		AwakeInstancesAfterBackupRestoration (8ms)
Refreshing native plugins compatible for Editor in 0.48 ms, found 3 plugins.
Preloading 0 native plugins for Editor in 0.00 ms.
Unloading 0 Unused Serialized files (Serialized files now loaded: 0)
Unloading 3388 unused Assets / (0.7 MB). Loaded Objects now: 4009.
Memory consumption went from 135.5 MB to 134.8 MB.
Total: 5.171300 ms (FindLiveObjects: 0.393000 ms CreateObjectMapping: 0.193700 ms MarkObjects: 3.876700 ms  DeleteObjects: 0.707100 ms)

Prepare: number of updated asset objects reloaded= 0
========================================================================
Received Prepare
Begin MonoManager ReloadAssembly
Symbol file data-000001AA1F465F80 doesn't match image D:\Desktop\projet recherche\Unity-dynamic-destruction-asset\destruction\Library\ScriptAssemblies\RuntimeAssembly.dll
Symbol file LoadedFromMemory is not a mono symbol file
Symbol file LoadedFromMemory doesn't match image D:\Desktop\projet recherche\Unity-dynamic-destruction-asset\destruction\Library\PackageCache\com.unity.visualscripting@1.8.0\Editor\VisualScripting.Core\Dependencies\YamlDotNet\Unity.VisualScripting.YamlDotNet.dll
Symbol file LoadedFromMemory doesn't match image D:\Desktop\projet recherche\Unity-dynamic-destruction-asset\destruction\Library\PackageCache\com.unity.visualscripting@1.8.0\Editor\VisualScripting.Core\Dependencies\DotNetZip\Unity.VisualScripting.IonicZip.dll
- Loaded All Assemblies, in  0.530 seconds
Refreshing native plugins compatible for Editor in 0.42 ms, found 3 plugins.
Native extension for UWP target not found
Native extension for WindowsStandalone target not found
Native extension for WebGL target not found
Mono: successfully reloaded assembly
- Finished resetting the current domain, in  0.463 seconds
Domain Reload Profiling: 992ms
	BeginReloadAssembly (178ms)
		ExecutionOrderSort (0ms)
		DisableScriptedObjects (5ms)
		BackupInstance (0ms)
		ReleaseScriptingObjects (0ms)
		CreateAndSetChildDomain (46ms)
	RebuildCommonClasses (39ms)
	RebuildNativeTypeToScriptingClass (10ms)
	initialDomainReloadingComplete (24ms)
	LoadAllAssembliesAndSetupDomain (277ms)
		LoadAssemblies (260ms)
		RebuildTransferFunctionScriptingTraits (0ms)
		AnalyzeDomain (111ms)
			TypeCache.Refresh (5ms)
				TypeCache.ScanAssembly (0ms)
			BuildScriptInfoCaches (101ms)
			ResolveRequiredComponents (3ms)
	FinalizeReload (463ms)
		ReleaseScriptCaches (0ms)
		RebuildScriptCaches (0ms)
		SetupLoadedEditorAssemblies (303ms)
			LogAssemblyErrors (0ms)
			InitializePlatformSupportModulesInManaged (3ms)
			SetLoadedEditorAssemblies (2ms)
			BeforeProcessingInitializeOnLoad (33ms)
			ProcessInitializeOnLoadAttributes (241ms)
			ProcessInitializeOnLoadMethodAttributes (17ms)
			AfterProcessingInitializeOnLoad (7ms)
			EditorAssembliesLoaded (0ms)
		ExecutionOrderSort2 (0ms)
		AwakeInstancesAfterBackupRestoration (7ms)
Refreshing native plugins compatible for Editor in 0.48 ms, found 3 plugins.
Preloading 0 native plugins for Editor in 0.00 ms.
Unloading 0 Unused Serialized files (Serialized files now loaded: 0)
Unloading 3388 unused Assets / (0.6 MB). Loaded Objects now: 4010.
Memory consumption went from 137.4 MB to 136.8 MB.
Total: 4.833500 ms (FindLiveObjects: 0.330100 ms CreateObjectMapping: 0.171000 ms MarkObjects: 3.755900 ms  DeleteObjects: 0.575800 ms)

Prepare: number of updated asset objects reloaded= 0
========================================================================
Received Import Request.
  Time since last request: 710.226682 seconds.
  path: Assets/museum/museum.unity
  artifactKey: Guid(b0255bb86e870d7428fa9e38cf850662) Importer(815301076,1909f56bfc062723c751e8b465ee728b)
Start importing Assets/museum/museum.unity using Guid(b0255bb86e870d7428fa9e38cf850662) Importer(815301076,1909f56bfc062723c751e8b465ee728b) (PreviewImporter) -> (artifact id: '73603159aec162c5a8cc0c28b31f3482') in 0.0016155 seconds
Number of updated asset objects reloaded before import = 0Number of asset objects unloaded after import = 0

========================================================================
Received Import Request.
  Time since last request: 3.813655 seconds.
  path: Assets/museum/museum 1.unity
  artifactKey: Guid(86cccd4fe720abf4988f2bc8ed55fa9a) Importer(815301076,1909f56bfc062723c751e8b465ee728b)
Start importing Assets/museum/museum 1.unity using Guid(86cccd4fe720abf4988f2bc8ed55fa9a) Importer(815301076,1909f56bfc062723c751e8b465ee728b) (PreviewImporter) -> (artifact id: '6232f2a8b4338b2270616f778ebbec78') in 0.0004242 seconds
Number of updated asset objects reloaded before import = 0Number of asset objects unloaded after import = 0

========================================================================
Received Import Request.
  Time since last request: 3.590239 seconds.
  path: Assets/museum/museum 2.unity
  artifactKey: Guid(09a6b59c9404f6647a734ff51ac4952a) Importer(815301076,1909f56bfc062723c751e8b465ee728b)
Start importing Assets/museum/museum 2.unity using Guid(09a6b59c9404f6647a734ff51ac4952a) Importer(815301076,1909f56bfc062723c751e8b465ee728b) (PreviewImporter) -> (artifact id: '23e16644094191ae1c3f5ffc1ee9735b') in 0.0004509 seconds
Number of updated asset objects reloaded before import = 0Number of asset objects unloaded after import = 0

========================================================================
Received Prepare
Begin MonoManager ReloadAssembly
Symbol file data-000001AA21321010 doesn't match image D:\Desktop\projet recherche\Unity-dynamic-destruction-asset\destruction\Library\ScriptAssemblies\RuntimeAssembly.dll
Symbol file LoadedFromMemory is not a mono symbol file
Symbol file LoadedFromMemory doesn't match image D:\Desktop\projet recherche\Unity-dynamic-destruction-asset\destruction\Library\PackageCache\com.unity.visualscripting@1.8.0\Editor\VisualScripting.Core\Dependencies\YamlDotNet\Unity.VisualScripting.YamlDotNet.dll
Symbol file LoadedFromMemory doesn't match image D:\Desktop\projet recherche\Unity-dynamic-destruction-asset\destruction\Library\PackageCache\com.unity.visualscripting@1.8.0\Editor\VisualScripting.Core\Dependencies\DotNetZip\Unity.VisualScripting.IonicZip.dll
- Loaded All Assemblies, in  0.494 seconds
Refreshing native plugins compatible for Editor in 0.44 ms, found 3 plugins.
Native extension for UWP target not found
Native extension for WindowsStandalone target not found
Native extension for WebGL target not found
Mono: successfully reloaded assembly
- Finished resetting the current domain, in  0.463 seconds
Domain Reload Profiling: 956ms
	BeginReloadAssembly (161ms)
		ExecutionOrderSort (0ms)
		DisableScriptedObjects (4ms)
		BackupInstance (0ms)
		ReleaseScriptingObjects (0ms)
		CreateAndSetChildDomain (38ms)
	RebuildCommonClasses (29ms)
	RebuildNativeTypeToScriptingClass (10ms)
	initialDomainReloadingComplete (24ms)
	LoadAllAssembliesAndSetupDomain (269ms)
		LoadAssemblies (243ms)
		RebuildTransferFunctionScriptingTraits (0ms)
		AnalyzeDomain (111ms)
			TypeCache.Refresh (6ms)
				TypeCache.ScanAssembly (0ms)
			BuildScriptInfoCaches (99ms)
			ResolveRequiredComponents (3ms)
	FinalizeReload (464ms)
		ReleaseScriptCaches (0ms)
		RebuildScriptCaches (0ms)
		SetupLoadedEditorAssemblies (295ms)
			LogAssemblyErrors (0ms)
			InitializePlatformSupportModulesInManaged (3ms)
			SetLoadedEditorAssemblies (2ms)
			BeforeProcessingInitializeOnLoad (33ms)
			ProcessInitializeOnLoadAttributes (235ms)
			ProcessInitializeOnLoadMethodAttributes (15ms)
			AfterProcessingInitializeOnLoad (6ms)
			EditorAssembliesLoaded (0ms)
		ExecutionOrderSort2 (0ms)
		AwakeInstancesAfterBackupRestoration (7ms)
Refreshing native plugins compatible for Editor in 0.47 ms, found 3 plugins.
Preloading 0 native plugins for Editor in 0.00 ms.
Unloading 0 Unused Serialized files (Serialized files now loaded: 0)
Unloading 3388 unused Assets / (0.7 MB). Loaded Objects now: 4011.
Memory consumption went from 139.3 MB to 138.7 MB.
Total: 4.959000 ms (FindLiveObjects: 0.333200 ms CreateObjectMapping: 0.163400 ms MarkObjects: 3.785100 ms  DeleteObjects: 0.676900 ms)

Prepare: number of updated asset objects reloaded= 0
========================================================================
Received Prepare
Begin MonoManager ReloadAssembly
Symbol file data-000001AA21321010 doesn't match image D:\Desktop\projet recherche\Unity-dynamic-destruction-asset\destruction\Library\ScriptAssemblies\RuntimeAssembly.dll
Symbol file LoadedFromMemory is not a mono symbol file
Symbol file LoadedFromMemory doesn't match image D:\Desktop\projet recherche\Unity-dynamic-destruction-asset\destruction\Library\PackageCache\com.unity.visualscripting@1.8.0\Editor\VisualScripting.Core\Dependencies\YamlDotNet\Unity.VisualScripting.YamlDotNet.dll
Symbol file LoadedFromMemory doesn't match image D:\Desktop\projet recherche\Unity-dynamic-destruction-asset\destruction\Library\PackageCache\com.unity.visualscripting@1.8.0\Editor\VisualScripting.Core\Dependencies\DotNetZip\Unity.VisualScripting.IonicZip.dll
- Loaded All Assemblies, in  0.495 seconds
Refreshing native plugins compatible for Editor in 0.44 ms, found 3 plugins.
Native extension for UWP target not found
Native extension for WindowsStandalone target not found
Native extension for WebGL target not found
Mono: successfully reloaded assembly
- Finished resetting the current domain, in  0.492 seconds
Domain Reload Profiling: 987ms
	BeginReloadAssembly (164ms)
		ExecutionOrderSort (0ms)
		DisableScriptedObjects (5ms)
		BackupInstance (0ms)
		ReleaseScriptingObjects (0ms)
		CreateAndSetChildDomain (37ms)
	RebuildCommonClasses (29ms)
	RebuildNativeTypeToScriptingClass (10ms)
	initialDomainReloadingComplete (25ms)
	LoadAllAssembliesAndSetupDomain (265ms)
		LoadAssemblies (254ms)
		RebuildTransferFunctionScriptingTraits (0ms)
		AnalyzeDomain (101ms)
			TypeCache.Refresh (5ms)
				TypeCache.ScanAssembly (0ms)
			BuildScriptInfoCaches (90ms)
			ResolveRequiredComponents (3ms)
	FinalizeReload (493ms)
		ReleaseScriptCaches (0ms)
		RebuildScriptCaches (0ms)
		SetupLoadedEditorAssemblies (301ms)
			LogAssemblyErrors (0ms)
			InitializePlatformSupportModulesInManaged (3ms)
			SetLoadedEditorAssemblies (2ms)
			BeforeProcessingInitializeOnLoad (32ms)
			ProcessInitializeOnLoadAttributes (241ms)
			ProcessInitializeOnLoadMethodAttributes (16ms)
			AfterProcessingInitializeOnLoad (7ms)
			EditorAssembliesLoaded (0ms)
		ExecutionOrderSort2 (0ms)
		AwakeInstancesAfterBackupRestoration (8ms)
Refreshing native plugins compatible for Editor in 0.54 ms, found 3 plugins.
Preloading 0 native plugins for Editor in 0.00 ms.
Unloading 0 Unused Serialized files (Serialized files now loaded: 0)
Unloading 3388 unused Assets / (0.9 MB). Loaded Objects now: 4012.
Memory consumption went from 141.3 MB to 140.4 MB.
Total: 8.219700 ms (FindLiveObjects: 0.512900 ms CreateObjectMapping: 0.288000 ms MarkObjects: 6.292000 ms  DeleteObjects: 1.125400 ms)

Prepare: number of updated asset objects reloaded= 0
========================================================================
Received Prepare
Begin MonoManager ReloadAssembly
Symbol file data-000001AA21321010 doesn't match image D:\Desktop\projet recherche\Unity-dynamic-destruction-asset\destruction\Library\ScriptAssemblies\RuntimeAssembly.dll
Symbol file LoadedFromMemory is not a mono symbol file
Symbol file LoadedFromMemory doesn't match image D:\Desktop\projet recherche\Unity-dynamic-destruction-asset\destruction\Library\PackageCache\com.unity.visualscripting@1.8.0\Editor\VisualScripting.Core\Dependencies\YamlDotNet\Unity.VisualScripting.YamlDotNet.dll
Symbol file LoadedFromMemory doesn't match image D:\Desktop\projet recherche\Unity-dynamic-destruction-asset\destruction\Library\PackageCache\com.unity.visualscripting@1.8.0\Editor\VisualScripting.Core\Dependencies\DotNetZip\Unity.VisualScripting.IonicZip.dll
- Loaded All Assemblies, in  0.519 seconds
Refreshing native plugins compatible for Editor in 0.40 ms, found 3 plugins.
Native extension for UWP target not found
Native extension for WindowsStandalone target not found
Native extension for WebGL target not found
Mono: successfully reloaded assembly
- Finished resetting the current domain, in  0.469 seconds
Domain Reload Profiling: 987ms
	BeginReloadAssembly (175ms)
		ExecutionOrderSort (0ms)
		DisableScriptedObjects (7ms)
		BackupInstance (0ms)
		ReleaseScriptingObjects (0ms)
		CreateAndSetChildDomain (38ms)
	RebuildCommonClasses (29ms)
	RebuildNativeTypeToScriptingClass (14ms)
	initialDomainReloadingComplete (27ms)
	LoadAllAssembliesAndSetupDomain (272ms)
		LoadAssemblies (253ms)
		RebuildTransferFunctionScriptingTraits (0ms)
		AnalyzeDomain (114ms)
			TypeCache.Refresh (5ms)
				TypeCache.ScanAssembly (0ms)
			BuildScriptInfoCaches (104ms)
			ResolveRequiredComponents (3ms)
	FinalizeReload (469ms)
		ReleaseScriptCaches (0ms)
		RebuildScriptCaches (0ms)
		SetupLoadedEditorAssemblies (307ms)
			LogAssemblyErrors (0ms)
			InitializePlatformSupportModulesInManaged (3ms)
			SetLoadedEditorAssemblies (2ms)
			BeforeProcessingInitializeOnLoad (33ms)
			ProcessInitializeOnLoadAttributes (246ms)
			ProcessInitializeOnLoadMethodAttributes (16ms)
			AfterProcessingInitializeOnLoad (7ms)
			EditorAssembliesLoaded (0ms)
		ExecutionOrderSort2 (0ms)
		AwakeInstancesAfterBackupRestoration (8ms)
Refreshing native plugins compatible for Editor in 0.49 ms, found 3 plugins.
Preloading 0 native plugins for Editor in 0.00 ms.
Unloading 0 Unused Serialized files (Serialized files now loaded: 0)
Unloading 3388 unused Assets / (0.6 MB). Loaded Objects now: 4013.
Memory consumption went from 143.2 MB to 142.6 MB.
Total: 4.876800 ms (FindLiveObjects: 0.351200 ms CreateObjectMapping: 0.188600 ms MarkObjects: 3.694500 ms  DeleteObjects: 0.641600 ms)

Prepare: number of updated asset objects reloaded= 0
========================================================================
Received Prepare
Begin MonoManager ReloadAssembly
Symbol file data-000001AA221191C0 doesn't match image D:\Desktop\projet recherche\Unity-dynamic-destruction-asset\destruction\Library\ScriptAssemblies\RuntimeAssembly.dll
Symbol file LoadedFromMemory is not a mono symbol file
Symbol file LoadedFromMemory doesn't match image D:\Desktop\projet recherche\Unity-dynamic-destruction-asset\destruction\Library\PackageCache\com.unity.visualscripting@1.8.0\Editor\VisualScripting.Core\Dependencies\YamlDotNet\Unity.VisualScripting.YamlDotNet.dll
Symbol file LoadedFromMemory doesn't match image D:\Desktop\projet recherche\Unity-dynamic-destruction-asset\destruction\Library\PackageCache\com.unity.visualscripting@1.8.0\Editor\VisualScripting.Core\Dependencies\DotNetZip\Unity.VisualScripting.IonicZip.dll
- Loaded All Assemblies, in  0.513 seconds
Refreshing native plugins compatible for Editor in 0.44 ms, found 3 plugins.
Native extension for UWP target not found
Native extension for WindowsStandalone target not found
Native extension for WebGL target not found
Mono: successfully reloaded assembly
- Finished resetting the current domain, in  0.495 seconds
Domain Reload Profiling: 1007ms
	BeginReloadAssembly (168ms)
		ExecutionOrderSort (0ms)
		DisableScriptedObjects (4ms)
		BackupInstance (0ms)
		ReleaseScriptingObjects (0ms)
		CreateAndSetChildDomain (43ms)
	RebuildCommonClasses (30ms)
	RebuildNativeTypeToScriptingClass (11ms)
	initialDomainReloadingComplete (24ms)
	LoadAllAssembliesAndSetupDomain (279ms)
		LoadAssemblies (256ms)
		RebuildTransferFunctionScriptingTraits (0ms)
		AnalyzeDomain (109ms)
			TypeCache.Refresh (7ms)
				TypeCache.ScanAssembly (0ms)
			BuildScriptInfoCaches (96ms)
			ResolveRequiredComponents (3ms)
	FinalizeReload (495ms)
		ReleaseScriptCaches (0ms)
		RebuildScriptCaches (0ms)
		SetupLoadedEditorAssemblies (314ms)
			LogAssemblyErrors (0ms)
			InitializePlatformSupportModulesInManaged (4ms)
			SetLoadedEditorAssemblies (3ms)
			BeforeProcessingInitializeOnLoad (37ms)
			ProcessInitializeOnLoadAttributes (249ms)
			ProcessInitializeOnLoadMethodAttributes (16ms)
			AfterProcessingInitializeOnLoad (6ms)
			EditorAssembliesLoaded (0ms)
		ExecutionOrderSort2 (0ms)
		AwakeInstancesAfterBackupRestoration (7ms)
Refreshing native plugins compatible for Editor in 0.45 ms, found 3 plugins.
Preloading 0 native plugins for Editor in 0.00 ms.
Unloading 0 Unused Serialized files (Serialized files now loaded: 0)
Unloading 3388 unused Assets / (0.7 MB). Loaded Objects now: 4014.
Memory consumption went from 145.1 MB to 144.4 MB.
Total: 5.190600 ms (FindLiveObjects: 0.397600 ms CreateObjectMapping: 0.226700 ms MarkObjects: 3.907000 ms  DeleteObjects: 0.658400 ms)

Prepare: number of updated asset objects reloaded= 0
========================================================================
Received Prepare
Begin MonoManager ReloadAssembly
Symbol file data-000001AA2C7AA050 doesn't match image D:\Desktop\projet recherche\Unity-dynamic-destruction-asset\destruction\Library\ScriptAssemblies\RuntimeAssembly.dll
Symbol file LoadedFromMemory is not a mono symbol file
Symbol file LoadedFromMemory doesn't match image D:\Desktop\projet recherche\Unity-dynamic-destruction-asset\destruction\Library\PackageCache\com.unity.visualscripting@1.8.0\Editor\VisualScripting.Core\Dependencies\YamlDotNet\Unity.VisualScripting.YamlDotNet.dll
Symbol file LoadedFromMemory doesn't match image D:\Desktop\projet recherche\Unity-dynamic-destruction-asset\destruction\Library\PackageCache\com.unity.visualscripting@1.8.0\Editor\VisualScripting.Core\Dependencies\DotNetZip\Unity.VisualScripting.IonicZip.dll
- Loaded All Assemblies, in  0.496 seconds
Refreshing native plugins compatible for Editor in 0.45 ms, found 3 plugins.
Native extension for UWP target not found
Native extension for WindowsStandalone target not found
Native extension for WebGL target not found
Mono: successfully reloaded assembly
- Finished resetting the current domain, in  0.471 seconds
Domain Reload Profiling: 966ms
	BeginReloadAssembly (165ms)
		ExecutionOrderSort (0ms)
		DisableScriptedObjects (5ms)
		BackupInstance (0ms)
		ReleaseScriptingObjects (0ms)
		CreateAndSetChildDomain (39ms)
	RebuildCommonClasses (28ms)
	RebuildNativeTypeToScriptingClass (10ms)
	initialDomainReloadingComplete (24ms)
	LoadAllAssembliesAndSetupDomain (267ms)
		LoadAssemblies (254ms)
		RebuildTransferFunctionScriptingTraits (0ms)
		AnalyzeDomain (99ms)
			TypeCache.Refresh (4ms)
				TypeCache.ScanAssembly (0ms)
			BuildScriptInfoCaches (88ms)
			ResolveRequiredComponents (3ms)
	FinalizeReload (472ms)
		ReleaseScriptCaches (0ms)
		RebuildScriptCaches (0ms)
		SetupLoadedEditorAssemblies (313ms)
			LogAssemblyErrors (0ms)
			InitializePlatformSupportModulesInManaged (3ms)
			SetLoadedEditorAssemblies (2ms)
			BeforeProcessingInitializeOnLoad (33ms)
			ProcessInitializeOnLoadAttributes (252ms)
			ProcessInitializeOnLoadMethodAttributes (16ms)
			AfterProcessingInitializeOnLoad (7ms)
			EditorAssembliesLoaded (0ms)
		ExecutionOrderSort2 (0ms)
		AwakeInstancesAfterBackupRestoration (8ms)
Refreshing native plugins compatible for Editor in 0.48 ms, found 3 plugins.
Preloading 0 native plugins for Editor in 0.00 ms.
Unloading 0 Unused Serialized files (Serialized files now loaded: 0)
Unloading 3388 unused Assets / (0.7 MB). Loaded Objects now: 4015.
Memory consumption went from 147.1 MB to 146.3 MB.
Total: 5.520600 ms (FindLiveObjects: 0.363100 ms CreateObjectMapping: 0.220000 ms MarkObjects: 4.154500 ms  DeleteObjects: 0.782300 ms)

Prepare: number of updated asset objects reloaded= 0
========================================================================
Received Prepare
Begin MonoManager ReloadAssembly
Symbol file data-000001AA21321010 doesn't match image D:\Desktop\projet recherche\Unity-dynamic-destruction-asset\destruction\Library\ScriptAssemblies\RuntimeAssembly.dll
Symbol file LoadedFromMemory is not a mono symbol file
Symbol file LoadedFromMemory doesn't match image D:\Desktop\projet recherche\Unity-dynamic-destruction-asset\destruction\Library\PackageCache\com.unity.visualscripting@1.8.0\Editor\VisualScripting.Core\Dependencies\YamlDotNet\Unity.VisualScripting.YamlDotNet.dll
Symbol file LoadedFromMemory doesn't match image D:\Desktop\projet recherche\Unity-dynamic-destruction-asset\destruction\Library\PackageCache\com.unity.visualscripting@1.8.0\Editor\VisualScripting.Core\Dependencies\DotNetZip\Unity.VisualScripting.IonicZip.dll
- Loaded All Assemblies, in  0.545 seconds
Refreshing native plugins compatible for Editor in 0.57 ms, found 3 plugins.
Native extension for UWP target not found
Native extension for WindowsStandalone target not found
Native extension for WebGL target not found
Mono: successfully reloaded assembly
- Finished resetting the current domain, in  0.514 seconds
Domain Reload Profiling: 1060ms
	BeginReloadAssembly (170ms)
		ExecutionOrderSort (0ms)
		DisableScriptedObjects (5ms)
		BackupInstance (0ms)
		ReleaseScriptingObjects (0ms)
		CreateAndSetChildDomain (43ms)
	RebuildCommonClasses (36ms)
	RebuildNativeTypeToScriptingClass (11ms)
	initialDomainReloadingComplete (23ms)
	LoadAllAssembliesAndSetupDomain (306ms)
		LoadAssemblies (262ms)
		RebuildTransferFunctionScriptingTraits (0ms)
		AnalyzeDomain (131ms)
			TypeCache.Refresh (8ms)
				TypeCache.ScanAssembly (0ms)
			BuildScriptInfoCaches (113ms)
			ResolveRequiredComponents (5ms)
	FinalizeReload (514ms)
		ReleaseScriptCaches (0ms)
		RebuildScriptCaches (0ms)
		SetupLoadedEditorAssemblies (329ms)
			LogAssemblyErrors (0ms)
			InitializePlatformSupportModulesInManaged (4ms)
			SetLoadedEditorAssemblies (3ms)
			BeforeProcessingInitializeOnLoad (42ms)
			ProcessInitializeOnLoadAttributes (257ms)
			ProcessInitializeOnLoadMethodAttributes (16ms)
			AfterProcessingInitializeOnLoad (6ms)
			EditorAssembliesLoaded (0ms)
		ExecutionOrderSort2 (0ms)
		AwakeInstancesAfterBackupRestoration (8ms)
Refreshing native plugins compatible for Editor in 0.53 ms, found 3 plugins.
Preloading 0 native plugins for Editor in 0.00 ms.
Unloading 0 Unused Serialized files (Serialized files now loaded: 0)
Unloading 3388 unused Assets / (0.9 MB). Loaded Objects now: 4016.
Memory consumption went from 149.0 MB to 148.1 MB.
Total: 6.278900 ms (FindLiveObjects: 0.487300 ms CreateObjectMapping: 0.191400 ms MarkObjects: 4.659200 ms  DeleteObjects: 0.940000 ms)

Prepare: number of updated asset objects reloaded= 0
========================================================================
Received Import Request.
  Time since last request: 479.954424 seconds.
  path: Assets/museum/museum.unity
  artifactKey: Guid(b0255bb86e870d7428fa9e38cf850662) Importer(815301076,1909f56bfc062723c751e8b465ee728b)
Start importing Assets/museum/museum.unity using Guid(b0255bb86e870d7428fa9e38cf850662) Importer(815301076,1909f56bfc062723c751e8b465ee728b) (PreviewImporter) -> (artifact id: '975b5b8c8fcff0af21217441e54860dc') in 0.0014889 seconds
Number of updated asset objects reloaded before import = 0Number of asset objects unloaded after import = 0

========================================================================
Received Import Request.
  Time since last request: 1.333079 seconds.
  path: Assets/museum/museum 1.unity
  artifactKey: Guid(b80e5f18f943ba6499bfe1333c35c65c) Importer(815301076,1909f56bfc062723c751e8b465ee728b)
Start importing Assets/museum/museum 1.unity using Guid(b80e5f18f943ba6499bfe1333c35c65c) Importer(815301076,1909f56bfc062723c751e8b465ee728b) (PreviewImporter) -> (artifact id: '2fd9d06a3cf7cf0fcc752b2a23b18771') in 0.0006773 seconds
Number of updated asset objects reloaded before import = 0Number of asset objects unloaded after import = 0

========================================================================
Received Import Request.
  Time since last request: 247.148719 seconds.
  path: Assets/models/dino
  artifactKey: Guid(c05c3670d5d652f498bb13b5af11331e) Importer(815301076,1909f56bfc062723c751e8b465ee728b)
Start importing Assets/models/dino using Guid(c05c3670d5d652f498bb13b5af11331e) Importer(815301076,1909f56bfc062723c751e8b465ee728b) (PreviewImporter) -> (artifact id: 'a8475eb8b231dd549cf4fb8161b45208') in 0.0005057 seconds
Number of updated asset objects reloaded before import = 0Number of asset objects unloaded after import = 0

========================================================================
Received Import Request.
  Time since last request: 80.717239 seconds.
  path: Assets/models/dino/t-rex-50K_u1_v1.jpg
  artifactKey: Guid(bf9392c5e70f22e48bc2b711394b8276) Importer(815301076,1909f56bfc062723c751e8b465ee728b)
Start importing Assets/models/dino/t-rex-50K_u1_v1.jpg using Guid(bf9392c5e70f22e48bc2b711394b8276) Importer(815301076,1909f56bfc062723c751e8b465ee728b) (PreviewImporter) -> (artifact id: '64891c88dfdbabe46e3b06766d8e22a1') in 0.0437243 seconds
Number of updated asset objects reloaded before import = 0Number of asset objects unloaded after import = 2

========================================================================
Received Import Request.
  Time since last request: 4.022132 seconds.
  path: Assets/models/dino/t-rex-50K_u1_v1.jpg
  artifactKey: Guid(bf9392c5e70f22e48bc2b711394b8276) Importer(815301076,1909f56bfc062723c751e8b465ee728b)
Start importing Assets/models/dino/t-rex-50K_u1_v1.jpg using Guid(bf9392c5e70f22e48bc2b711394b8276) Importer(815301076,1909f56bfc062723c751e8b465ee728b) (PreviewImporter) -> (artifact id: '03398d1727967f6ff4aafd7b408113c5') in 0.0074092 seconds
Number of updated asset objects reloaded before import = 0Number of asset objects unloaded after import = 2

========================================================================
Received Prepare
Begin MonoManager ReloadAssembly
Symbol file data-000001AA2C1CE040 doesn't match image D:\Desktop\projet recherche\Unity-dynamic-destruction-asset\destruction\Library\ScriptAssemblies\RuntimeAssembly.dll
Symbol file LoadedFromMemory is not a mono symbol file
Symbol file LoadedFromMemory doesn't match image D:\Desktop\projet recherche\Unity-dynamic-destruction-asset\destruction\Library\PackageCache\com.unity.visualscripting@1.8.0\Editor\VisualScripting.Core\Dependencies\YamlDotNet\Unity.VisualScripting.YamlDotNet.dll
Symbol file LoadedFromMemory doesn't match image D:\Desktop\projet recherche\Unity-dynamic-destruction-asset\destruction\Library\PackageCache\com.unity.visualscripting@1.8.0\Editor\VisualScripting.Core\Dependencies\DotNetZip\Unity.VisualScripting.IonicZip.dll
- Loaded All Assemblies, in  0.512 seconds
Refreshing native plugins compatible for Editor in 0.44 ms, found 3 plugins.
Native extension for UWP target not found
Native extension for WindowsStandalone target not found
Native extension for WebGL target not found
Mono: successfully reloaded assembly
- Finished resetting the current domain, in  0.457 seconds
Domain Reload Profiling: 968ms
	BeginReloadAssembly (175ms)
		ExecutionOrderSort (0ms)
		DisableScriptedObjects (5ms)
		BackupInstance (0ms)
		ReleaseScriptingObjects (0ms)
		CreateAndSetChildDomain (39ms)
	RebuildCommonClasses (29ms)
	RebuildNativeTypeToScriptingClass (10ms)
	initialDomainReloadingComplete (25ms)
	LoadAllAssembliesAndSetupDomain (272ms)
		LoadAssemblies (269ms)
		RebuildTransferFunctionScriptingTraits (0ms)
		AnalyzeDomain (101ms)
			TypeCache.Refresh (5ms)
				TypeCache.ScanAssembly (0ms)
			BuildScriptInfoCaches (90ms)
			ResolveRequiredComponents (3ms)
	FinalizeReload (457ms)
		ReleaseScriptCaches (0ms)
		RebuildScriptCaches (0ms)
		SetupLoadedEditorAssemblies (299ms)
			LogAssemblyErrors (0ms)
			InitializePlatformSupportModulesInManaged (3ms)
			SetLoadedEditorAssemblies (2ms)
			BeforeProcessingInitializeOnLoad (34ms)
			ProcessInitializeOnLoadAttributes (238ms)
			ProcessInitializeOnLoadMethodAttributes (16ms)
			AfterProcessingInitializeOnLoad (6ms)
			EditorAssembliesLoaded (0ms)
		ExecutionOrderSort2 (0ms)
		AwakeInstancesAfterBackupRestoration (7ms)
Refreshing native plugins compatible for Editor in 0.46 ms, found 3 plugins.
Preloading 0 native plugins for Editor in 0.00 ms.
Unloading 0 Unused Serialized files (Serialized files now loaded: 0)
Unloading 3388 unused Assets / (0.6 MB). Loaded Objects now: 4017.
Memory consumption went from 150.9 MB to 150.3 MB.
Total: 4.923300 ms (FindLiveObjects: 0.372900 ms CreateObjectMapping: 0.175900 ms MarkObjects: 3.719800 ms  DeleteObjects: 0.653500 ms)

Prepare: number of updated asset objects reloaded= 0
========================================================================
Received Prepare
Begin MonoManager ReloadAssembly
Symbol file data-000001AA2C034040 doesn't match image D:\Desktop\projet recherche\Unity-dynamic-destruction-asset\destruction\Library\ScriptAssemblies\RuntimeAssembly.dll
Symbol file LoadedFromMemory is not a mono symbol file
Symbol file LoadedFromMemory doesn't match image D:\Desktop\projet recherche\Unity-dynamic-destruction-asset\destruction\Library\PackageCache\com.unity.visualscripting@1.8.0\Editor\VisualScripting.Core\Dependencies\YamlDotNet\Unity.VisualScripting.YamlDotNet.dll
Symbol file LoadedFromMemory doesn't match image D:\Desktop\projet recherche\Unity-dynamic-destruction-asset\destruction\Library\PackageCache\com.unity.visualscripting@1.8.0\Editor\VisualScripting.Core\Dependencies\DotNetZip\Unity.VisualScripting.IonicZip.dll
- Loaded All Assemblies, in  0.509 seconds
Refreshing native plugins compatible for Editor in 0.46 ms, found 3 plugins.
Native extension for UWP target not found
Native extension for WindowsStandalone target not found
Native extension for WebGL target not found
Mono: successfully reloaded assembly
- Finished resetting the current domain, in  0.453 seconds
Domain Reload Profiling: 961ms
	BeginReloadAssembly (160ms)
		ExecutionOrderSort (0ms)
		DisableScriptedObjects (5ms)
		BackupInstance (0ms)
		ReleaseScriptingObjects (0ms)
		CreateAndSetChildDomain (36ms)
	RebuildCommonClasses (32ms)
	RebuildNativeTypeToScriptingClass (10ms)
	initialDomainReloadingComplete (29ms)
	LoadAllAssembliesAndSetupDomain (277ms)
		LoadAssemblies (257ms)
		RebuildTransferFunctionScriptingTraits (0ms)
		AnalyzeDomain (106ms)
			TypeCache.Refresh (7ms)
				TypeCache.ScanAssembly (0ms)
			BuildScriptInfoCaches (93ms)
			ResolveRequiredComponents (3ms)
	FinalizeReload (453ms)
		ReleaseScriptCaches (0ms)
		RebuildScriptCaches (0ms)
		SetupLoadedEditorAssemblies (297ms)
			LogAssemblyErrors (0ms)
			InitializePlatformSupportModulesInManaged (3ms)
			SetLoadedEditorAssemblies (2ms)
			BeforeProcessingInitializeOnLoad (33ms)
			ProcessInitializeOnLoadAttributes (237ms)
			ProcessInitializeOnLoadMethodAttributes (16ms)
			AfterProcessingInitializeOnLoad (6ms)
			EditorAssembliesLoaded (0ms)
		ExecutionOrderSort2 (0ms)
		AwakeInstancesAfterBackupRestoration (8ms)
Refreshing native plugins compatible for Editor in 0.47 ms, found 3 plugins.
Preloading 0 native plugins for Editor in 0.00 ms.
Unloading 0 Unused Serialized files (Serialized files now loaded: 0)
Unloading 3388 unused Assets / (0.8 MB). Loaded Objects now: 4018.
Memory consumption went from 152.9 MB to 152.0 MB.
Total: 5.146700 ms (FindLiveObjects: 0.350200 ms CreateObjectMapping: 0.160100 ms MarkObjects: 3.738400 ms  DeleteObjects: 0.897400 ms)

Prepare: number of updated asset objects reloaded= 0
========================================================================
Received Import Request.
  Time since last request: 252.266400 seconds.
  path: Assets/models/dino/t-rex-50K.obj
  artifactKey: Guid(fb6f9ea5dcb27d54eb1db5e80793d3e9) Importer(815301076,1909f56bfc062723c751e8b465ee728b)
Start importing Assets/models/dino/t-rex-50K.obj using Guid(fb6f9ea5dcb27d54eb1db5e80793d3e9) Importer(815301076,1909f56bfc062723c751e8b465ee728b) (PreviewImporter) -> (artifact id: '99d547670012b883d9bb4b5841afab73') in 0.1517797 seconds
Number of updated asset objects reloaded before import = 0Number of asset objects unloaded after import = 12

========================================================================
Received Prepare
Begin MonoManager ReloadAssembly
Symbol file data-000001AA2C1CE040 doesn't match image D:\Desktop\projet recherche\Unity-dynamic-destruction-asset\destruction\Library\ScriptAssemblies\RuntimeAssembly.dll
Symbol file LoadedFromMemory is not a mono symbol file
Symbol file LoadedFromMemory doesn't match image D:\Desktop\projet recherche\Unity-dynamic-destruction-asset\destruction\Library\PackageCache\com.unity.visualscripting@1.8.0\Editor\VisualScripting.Core\Dependencies\YamlDotNet\Unity.VisualScripting.YamlDotNet.dll
Symbol file LoadedFromMemory doesn't match image D:\Desktop\projet recherche\Unity-dynamic-destruction-asset\destruction\Library\PackageCache\com.unity.visualscripting@1.8.0\Editor\VisualScripting.Core\Dependencies\DotNetZip\Unity.VisualScripting.IonicZip.dll
- Loaded All Assemblies, in  0.500 seconds
Refreshing native plugins compatible for Editor in 0.44 ms, found 3 plugins.
Native extension for UWP target not found
Native extension for WindowsStandalone target not found
Native extension for WebGL target not found
Mono: successfully reloaded assembly
- Finished resetting the current domain, in  0.540 seconds
Domain Reload Profiling: 1039ms
	BeginReloadAssembly (163ms)
		ExecutionOrderSort (0ms)
		DisableScriptedObjects (4ms)
		BackupInstance (0ms)
		ReleaseScriptingObjects (0ms)
		CreateAndSetChildDomain (39ms)
	RebuildCommonClasses (29ms)
	RebuildNativeTypeToScriptingClass (11ms)
	initialDomainReloadingComplete (24ms)
	LoadAllAssembliesAndSetupDomain (272ms)
		LoadAssemblies (253ms)
		RebuildTransferFunctionScriptingTraits (0ms)
		AnalyzeDomain (106ms)
			TypeCache.Refresh (5ms)
				TypeCache.ScanAssembly (0ms)
			BuildScriptInfoCaches (95ms)
			ResolveRequiredComponents (3ms)
	FinalizeReload (540ms)
		ReleaseScriptCaches (0ms)
		RebuildScriptCaches (0ms)
		SetupLoadedEditorAssemblies (379ms)
			LogAssemblyErrors (0ms)
			InitializePlatformSupportModulesInManaged (3ms)
			SetLoadedEditorAssemblies (2ms)
			BeforeProcessingInitializeOnLoad (36ms)
			ProcessInitializeOnLoadAttributes (315ms)
			ProcessInitializeOnLoadMethodAttributes (16ms)
			AfterProcessingInitializeOnLoad (7ms)
			EditorAssembliesLoaded (0ms)
		ExecutionOrderSort2 (0ms)
		AwakeInstancesAfterBackupRestoration (8ms)
Refreshing native plugins compatible for Editor in 0.51 ms, found 3 plugins.
Preloading 0 native plugins for Editor in 0.00 ms.
Unloading 0 Unused Serialized files (Serialized files now loaded: 0)
Unloading 3388 unused Assets / (0.7 MB). Loaded Objects now: 4061.
Memory consumption went from 155.3 MB to 154.6 MB.
Total: 5.192400 ms (FindLiveObjects: 0.389500 ms CreateObjectMapping: 0.177900 ms MarkObjects: 3.876600 ms  DeleteObjects: 0.747700 ms)

Prepare: number of updated asset objects reloaded= 0
========================================================================
Received Prepare
Begin MonoManager ReloadAssembly
Symbol file data-000001AA2C1CE040 doesn't match image D:\Desktop\projet recherche\Unity-dynamic-destruction-asset\destruction\Library\ScriptAssemblies\RuntimeAssembly.dll
Symbol file LoadedFromMemory is not a mono symbol file
Symbol file LoadedFromMemory doesn't match image D:\Desktop\projet recherche\Unity-dynamic-destruction-asset\destruction\Library\PackageCache\com.unity.visualscripting@1.8.0\Editor\VisualScripting.Core\Dependencies\YamlDotNet\Unity.VisualScripting.YamlDotNet.dll
Symbol file LoadedFromMemory doesn't match image D:\Desktop\projet recherche\Unity-dynamic-destruction-asset\destruction\Library\PackageCache\com.unity.visualscripting@1.8.0\Editor\VisualScripting.Core\Dependencies\DotNetZip\Unity.VisualScripting.IonicZip.dll
- Loaded All Assemblies, in  0.509 seconds
Refreshing native plugins compatible for Editor in 0.45 ms, found 3 plugins.
Native extension for UWP target not found
Native extension for WindowsStandalone target not found
Native extension for WebGL target not found
Mono: successfully reloaded assembly
- Finished resetting the current domain, in  0.465 seconds
Domain Reload Profiling: 973ms
	BeginReloadAssembly (170ms)
		ExecutionOrderSort (0ms)
		DisableScriptedObjects (5ms)
		BackupInstance (0ms)
		ReleaseScriptingObjects (0ms)
		CreateAndSetChildDomain (39ms)
	RebuildCommonClasses (30ms)
	RebuildNativeTypeToScriptingClass (11ms)
	initialDomainReloadingComplete (23ms)
	LoadAllAssembliesAndSetupDomain (274ms)
		LoadAssemblies (263ms)
		RebuildTransferFunctionScriptingTraits (0ms)
		AnalyzeDomain (104ms)
			TypeCache.Refresh (6ms)
				TypeCache.ScanAssembly (0ms)
			BuildScriptInfoCaches (93ms)
			ResolveRequiredComponents (3ms)
	FinalizeReload (466ms)
		ReleaseScriptCaches (0ms)
		RebuildScriptCaches (0ms)
		SetupLoadedEditorAssemblies (305ms)
			LogAssemblyErrors (0ms)
			InitializePlatformSupportModulesInManaged (3ms)
			SetLoadedEditorAssemblies (2ms)
			BeforeProcessingInitializeOnLoad (33ms)
			ProcessInitializeOnLoadAttributes (244ms)
			ProcessInitializeOnLoadMethodAttributes (16ms)
			AfterProcessingInitializeOnLoad (7ms)
			EditorAssembliesLoaded (0ms)
		ExecutionOrderSort2 (0ms)
		AwakeInstancesAfterBackupRestoration (8ms)
Refreshing native plugins compatible for Editor in 0.47 ms, found 3 plugins.
Preloading 0 native plugins for Editor in 0.00 ms.
Unloading 0 Unused Serialized files (Serialized files now loaded: 0)
Unloading 3388 unused Assets / (0.7 MB). Loaded Objects now: 4062.
Memory consumption went from 157.2 MB to 156.5 MB.
Total: 5.096200 ms (FindLiveObjects: 0.363900 ms CreateObjectMapping: 0.167700 ms MarkObjects: 3.871500 ms  DeleteObjects: 0.692500 ms)

Prepare: number of updated asset objects reloaded= 0
========================================================================
Received Import Request.
  Time since last request: 76.597020 seconds.
  path: Assets/museum/museum 1.unity
  artifactKey: Guid(b80e5f18f943ba6499bfe1333c35c65c) Importer(815301076,1909f56bfc062723c751e8b465ee728b)
Start importing Assets/museum/museum 1.unity using Guid(b80e5f18f943ba6499bfe1333c35c65c) Importer(815301076,1909f56bfc062723c751e8b465ee728b) (PreviewImporter) -> (artifact id: 'e29d87fcf42410ff779f60eb4616c928') in 0.0016143 seconds
Number of updated asset objects reloaded before import = 0Number of asset objects unloaded after import = 0

========================================================================
Received Prepare
Begin MonoManager ReloadAssembly
Symbol file data-000001AA221191C0 doesn't match image D:\Desktop\projet recherche\Unity-dynamic-destruction-asset\destruction\Library\ScriptAssemblies\RuntimeAssembly.dll
Symbol file LoadedFromMemory is not a mono symbol file
Symbol file LoadedFromMemory doesn't match image D:\Desktop\projet recherche\Unity-dynamic-destruction-asset\destruction\Library\PackageCache\com.unity.visualscripting@1.8.0\Editor\VisualScripting.Core\Dependencies\YamlDotNet\Unity.VisualScripting.YamlDotNet.dll
Symbol file LoadedFromMemory doesn't match image D:\Desktop\projet recherche\Unity-dynamic-destruction-asset\destruction\Library\PackageCache\com.unity.visualscripting@1.8.0\Editor\VisualScripting.Core\Dependencies\DotNetZip\Unity.VisualScripting.IonicZip.dll
- Loaded All Assemblies, in  0.511 seconds
Refreshing native plugins compatible for Editor in 0.63 ms, found 3 plugins.
Native extension for UWP target not found
Native extension for WindowsStandalone target not found
Native extension for WebGL target not found
Mono: successfully reloaded assembly
- Finished resetting the current domain, in  0.459 seconds
Domain Reload Profiling: 970ms
	BeginReloadAssembly (165ms)
		ExecutionOrderSort (0ms)
		DisableScriptedObjects (4ms)
		BackupInstance (0ms)
		ReleaseScriptingObjects (0ms)
		CreateAndSetChildDomain (36ms)
	RebuildCommonClasses (35ms)
	RebuildNativeTypeToScriptingClass (10ms)
	initialDomainReloadingComplete (25ms)
	LoadAllAssembliesAndSetupDomain (275ms)
		LoadAssemblies (257ms)
		RebuildTransferFunctionScriptingTraits (0ms)
		AnalyzeDomain (109ms)
			TypeCache.Refresh (5ms)
				TypeCache.ScanAssembly (0ms)
			BuildScriptInfoCaches (99ms)
			ResolveRequiredComponents (3ms)
	FinalizeReload (460ms)
		ReleaseScriptCaches (0ms)
		RebuildScriptCaches (0ms)
		SetupLoadedEditorAssemblies (301ms)
			LogAssemblyErrors (0ms)
			InitializePlatformSupportModulesInManaged (3ms)
			SetLoadedEditorAssemblies (2ms)
			BeforeProcessingInitializeOnLoad (33ms)
			ProcessInitializeOnLoadAttributes (241ms)
			ProcessInitializeOnLoadMethodAttributes (15ms)
			AfterProcessingInitializeOnLoad (7ms)
			EditorAssembliesLoaded (0ms)
		ExecutionOrderSort2 (0ms)
		AwakeInstancesAfterBackupRestoration (8ms)
Refreshing native plugins compatible for Editor in 0.48 ms, found 3 plugins.
Preloading 0 native plugins for Editor in 0.00 ms.
Unloading 0 Unused Serialized files (Serialized files now loaded: 0)
Unloading 3388 unused Assets / (0.6 MB). Loaded Objects now: 4063.
Memory consumption went from 159.1 MB to 158.4 MB.
Total: 5.161800 ms (FindLiveObjects: 0.343700 ms CreateObjectMapping: 0.180600 ms MarkObjects: 3.879000 ms  DeleteObjects: 0.757900 ms)

Prepare: number of updated asset objects reloaded= 0
========================================================================
Received Prepare
Begin MonoManager ReloadAssembly
Symbol file data-000001A9FD08B020 doesn't match image D:\Desktop\projet recherche\Unity-dynamic-destruction-asset\destruction\Library\ScriptAssemblies\RuntimeAssembly.dll
Symbol file LoadedFromMemory is not a mono symbol file
Symbol file LoadedFromMemory doesn't match image D:\Desktop\projet recherche\Unity-dynamic-destruction-asset\destruction\Library\PackageCache\com.unity.visualscripting@1.8.0\Editor\VisualScripting.Core\Dependencies\YamlDotNet\Unity.VisualScripting.YamlDotNet.dll
Symbol file LoadedFromMemory doesn't match image D:\Desktop\projet recherche\Unity-dynamic-destruction-asset\destruction\Library\PackageCache\com.unity.visualscripting@1.8.0\Editor\VisualScripting.Core\Dependencies\DotNetZip\Unity.VisualScripting.IonicZip.dll
- Loaded All Assemblies, in  0.517 seconds
Refreshing native plugins compatible for Editor in 0.62 ms, found 3 plugins.
Native extension for UWP target not found
Native extension for WindowsStandalone target not found
Native extension for WebGL target not found
Mono: successfully reloaded assembly
- Finished resetting the current domain, in  0.533 seconds
Domain Reload Profiling: 1050ms
	BeginReloadAssembly (169ms)
		ExecutionOrderSort (0ms)
		DisableScriptedObjects (5ms)
		BackupInstance (0ms)
		ReleaseScriptingObjects (0ms)
		CreateAndSetChildDomain (41ms)
	RebuildCommonClasses (34ms)
	RebuildNativeTypeToScriptingClass (11ms)
	initialDomainReloadingComplete (23ms)
	LoadAllAssembliesAndSetupDomain (280ms)
		LoadAssemblies (255ms)
		RebuildTransferFunctionScriptingTraits (0ms)
		AnalyzeDomain (111ms)
			TypeCache.Refresh (6ms)
				TypeCache.ScanAssembly (0ms)
			BuildScriptInfoCaches (96ms)
			ResolveRequiredComponents (5ms)
	FinalizeReload (533ms)
		ReleaseScriptCaches (0ms)
		RebuildScriptCaches (0ms)
		SetupLoadedEditorAssemblies (336ms)
			LogAssemblyErrors (0ms)
			InitializePlatformSupportModulesInManaged (3ms)
			SetLoadedEditorAssemblies (3ms)
			BeforeProcessingInitializeOnLoad (41ms)
			ProcessInitializeOnLoadAttributes (266ms)
			ProcessInitializeOnLoadMethodAttributes (17ms)
			AfterProcessingInitializeOnLoad (6ms)
			EditorAssembliesLoaded (0ms)
		ExecutionOrderSort2 (0ms)
		AwakeInstancesAfterBackupRestoration (8ms)
Refreshing native plugins compatible for Editor in 0.47 ms, found 3 plugins.
Preloading 0 native plugins for Editor in 0.00 ms.
Unloading 0 Unused Serialized files (Serialized files now loaded: 0)
Unloading 3388 unused Assets / (0.7 MB). Loaded Objects now: 4064.
Memory consumption went from 161.0 MB to 160.3 MB.
Total: 4.984100 ms (FindLiveObjects: 0.409600 ms CreateObjectMapping: 0.181700 ms MarkObjects: 3.752600 ms  DeleteObjects: 0.639400 ms)

Prepare: number of updated asset objects reloaded= 0
========================================================================
Received Prepare
Begin MonoManager ReloadAssembly
Symbol file data-000001A9FD08B020 doesn't match image D:\Desktop\projet recherche\Unity-dynamic-destruction-asset\destruction\Library\ScriptAssemblies\RuntimeAssembly.dll
Symbol file LoadedFromMemory is not a mono symbol file
Symbol file LoadedFromMemory doesn't match image D:\Desktop\projet recherche\Unity-dynamic-destruction-asset\destruction\Library\PackageCache\com.unity.visualscripting@1.8.0\Editor\VisualScripting.Core\Dependencies\YamlDotNet\Unity.VisualScripting.YamlDotNet.dll
Symbol file LoadedFromMemory doesn't match image D:\Desktop\projet recherche\Unity-dynamic-destruction-asset\destruction\Library\PackageCache\com.unity.visualscripting@1.8.0\Editor\VisualScripting.Core\Dependencies\DotNetZip\Unity.VisualScripting.IonicZip.dll
- Loaded All Assemblies, in  0.549 seconds
Refreshing native plugins compatible for Editor in 0.48 ms, found 3 plugins.
Native extension for UWP target not found
Native extension for WindowsStandalone target not found
Native extension for WebGL target not found
Mono: successfully reloaded assembly
- Finished resetting the current domain, in  0.458 seconds
Domain Reload Profiling: 1006ms
	BeginReloadAssembly (185ms)
		ExecutionOrderSort (0ms)
		DisableScriptedObjects (5ms)
		BackupInstance (0ms)
		ReleaseScriptingObjects (0ms)
		CreateAndSetChildDomain (41ms)
	RebuildCommonClasses (38ms)
	RebuildNativeTypeToScriptingClass (11ms)
	initialDomainReloadingComplete (24ms)
	LoadAllAssembliesAndSetupDomain (291ms)
		LoadAssemblies (279ms)
		RebuildTransferFunctionScriptingTraits (0ms)
		AnalyzeDomain (114ms)
			TypeCache.Refresh (6ms)
				TypeCache.ScanAssembly (0ms)
			BuildScriptInfoCaches (101ms)
			ResolveRequiredComponents (3ms)
	FinalizeReload (458ms)
		ReleaseScriptCaches (0ms)
		RebuildScriptCaches (0ms)
		SetupLoadedEditorAssemblies (297ms)
			LogAssemblyErrors (0ms)
			InitializePlatformSupportModulesInManaged (3ms)
			SetLoadedEditorAssemblies (2ms)
			BeforeProcessingInitializeOnLoad (33ms)
			ProcessInitializeOnLoadAttributes (237ms)
			ProcessInitializeOnLoadMethodAttributes (16ms)
			AfterProcessingInitializeOnLoad (7ms)
			EditorAssembliesLoaded (0ms)
		ExecutionOrderSort2 (0ms)
		AwakeInstancesAfterBackupRestoration (8ms)
Refreshing native plugins compatible for Editor in 0.49 ms, found 3 plugins.
Preloading 0 native plugins for Editor in 0.00 ms.
Unloading 0 Unused Serialized files (Serialized files now loaded: 0)
Unloading 3388 unused Assets / (0.7 MB). Loaded Objects now: 4065.
Memory consumption went from 162.9 MB to 162.3 MB.
Total: 5.181200 ms (FindLiveObjects: 0.424200 ms CreateObjectMapping: 0.216400 ms MarkObjects: 3.810400 ms  DeleteObjects: 0.728700 ms)

Prepare: number of updated asset objects reloaded= 0
========================================================================
Received Prepare
Begin MonoManager ReloadAssembly
Symbol file data-000001A9FD08B020 doesn't match image D:\Desktop\projet recherche\Unity-dynamic-destruction-asset\destruction\Library\ScriptAssemblies\RuntimeAssembly.dll
Symbol file LoadedFromMemory is not a mono symbol file
Symbol file LoadedFromMemory doesn't match image D:\Desktop\projet recherche\Unity-dynamic-destruction-asset\destruction\Library\PackageCache\com.unity.visualscripting@1.8.0\Editor\VisualScripting.Core\Dependencies\YamlDotNet\Unity.VisualScripting.YamlDotNet.dll
Symbol file LoadedFromMemory doesn't match image D:\Desktop\projet recherche\Unity-dynamic-destruction-asset\destruction\Library\PackageCache\com.unity.visualscripting@1.8.0\Editor\VisualScripting.Core\Dependencies\DotNetZip\Unity.VisualScripting.IonicZip.dll
- Loaded All Assemblies, in  0.493 seconds
Refreshing native plugins compatible for Editor in 0.44 ms, found 3 plugins.
Native extension for UWP target not found
Native extension for WindowsStandalone target not found
Native extension for WebGL target not found
Mono: successfully reloaded assembly
- Finished resetting the current domain, in  0.460 seconds
Domain Reload Profiling: 952ms
	BeginReloadAssembly (163ms)
		ExecutionOrderSort (0ms)
		DisableScriptedObjects (5ms)
		BackupInstance (0ms)
		ReleaseScriptingObjects (0ms)
		CreateAndSetChildDomain (37ms)
	RebuildCommonClasses (36ms)
	RebuildNativeTypeToScriptingClass (11ms)
	initialDomainReloadingComplete (23ms)
	LoadAllAssembliesAndSetupDomain (259ms)
		LoadAssemblies (246ms)
		RebuildTransferFunctionScriptingTraits (0ms)
		AnalyzeDomain (100ms)
			TypeCache.Refresh (5ms)
				TypeCache.ScanAssembly (0ms)
			BuildScriptInfoCaches (90ms)
			ResolveRequiredComponents (3ms)
	FinalizeReload (460ms)
		ReleaseScriptCaches (0ms)
		RebuildScriptCaches (0ms)
		SetupLoadedEditorAssemblies (299ms)
			LogAssemblyErrors (0ms)
			InitializePlatformSupportModulesInManaged (3ms)
			SetLoadedEditorAssemblies (2ms)
			BeforeProcessingInitializeOnLoad (34ms)
			ProcessInitializeOnLoadAttributes (238ms)
			ProcessInitializeOnLoadMethodAttributes (16ms)
			AfterProcessingInitializeOnLoad (6ms)
			EditorAssembliesLoaded (0ms)
		ExecutionOrderSort2 (0ms)
		AwakeInstancesAfterBackupRestoration (8ms)
Refreshing native plugins compatible for Editor in 0.49 ms, found 3 plugins.
Preloading 0 native plugins for Editor in 0.00 ms.
Unloading 0 Unused Serialized files (Serialized files now loaded: 0)
Unloading 3388 unused Assets / (0.7 MB). Loaded Objects now: 4066.
Memory consumption went from 164.9 MB to 164.2 MB.
Total: 5.162200 ms (FindLiveObjects: 0.368000 ms CreateObjectMapping: 0.400800 ms MarkObjects: 3.715000 ms  DeleteObjects: 0.677700 ms)

Prepare: number of updated asset objects reloaded= 0
========================================================================
Received Prepare
Begin MonoManager ReloadAssembly
Symbol file data-000001A9FD08B020 doesn't match image D:\Desktop\projet recherche\Unity-dynamic-destruction-asset\destruction\Library\ScriptAssemblies\RuntimeAssembly.dll
Symbol file LoadedFromMemory is not a mono symbol file
Symbol file LoadedFromMemory doesn't match image D:\Desktop\projet recherche\Unity-dynamic-destruction-asset\destruction\Library\PackageCache\com.unity.visualscripting@1.8.0\Editor\VisualScripting.Core\Dependencies\YamlDotNet\Unity.VisualScripting.YamlDotNet.dll
Symbol file LoadedFromMemory doesn't match image D:\Desktop\projet recherche\Unity-dynamic-destruction-asset\destruction\Library\PackageCache\com.unity.visualscripting@1.8.0\Editor\VisualScripting.Core\Dependencies\DotNetZip\Unity.VisualScripting.IonicZip.dll
- Loaded All Assemblies, in  0.507 seconds
Refreshing native plugins compatible for Editor in 0.50 ms, found 3 plugins.
Native extension for UWP target not found
Native extension for WindowsStandalone target not found
Native extension for WebGL target not found
Mono: successfully reloaded assembly
- Finished resetting the current domain, in  0.614 seconds
Domain Reload Profiling: 1121ms
	BeginReloadAssembly (164ms)
		ExecutionOrderSort (0ms)
		DisableScriptedObjects (5ms)
		BackupInstance (0ms)
		ReleaseScriptingObjects (0ms)
		CreateAndSetChildDomain (38ms)
	RebuildCommonClasses (30ms)
	RebuildNativeTypeToScriptingClass (11ms)
	initialDomainReloadingComplete (25ms)
	LoadAllAssembliesAndSetupDomain (276ms)
		LoadAssemblies (258ms)
		RebuildTransferFunctionScriptingTraits (0ms)
		AnalyzeDomain (106ms)
			TypeCache.Refresh (6ms)
				TypeCache.ScanAssembly (0ms)
			BuildScriptInfoCaches (94ms)
			ResolveRequiredComponents (3ms)
	FinalizeReload (616ms)
		ReleaseScriptCaches (0ms)
		RebuildScriptCaches (0ms)
		SetupLoadedEditorAssemblies (348ms)
			LogAssemblyErrors (0ms)
			InitializePlatformSupportModulesInManaged (5ms)
			SetLoadedEditorAssemblies (3ms)
			BeforeProcessingInitializeOnLoad (47ms)
			ProcessInitializeOnLoadAttributes (268ms)
			ProcessInitializeOnLoadMethodAttributes (17ms)
			AfterProcessingInitializeOnLoad (7ms)
			EditorAssembliesLoaded (0ms)
		ExecutionOrderSort2 (0ms)
		AwakeInstancesAfterBackupRestoration (9ms)
Refreshing native plugins compatible for Editor in 0.82 ms, found 3 plugins.
Preloading 0 native plugins for Editor in 0.00 ms.
Unloading 0 Unused Serialized files (Serialized files now loaded: 0)
Unloading 3388 unused Assets / (0.8 MB). Loaded Objects now: 4067.
Memory consumption went from 166.8 MB to 166.0 MB.
Total: 7.737500 ms (FindLiveObjects: 0.830700 ms CreateObjectMapping: 0.576900 ms MarkObjects: 5.238700 ms  DeleteObjects: 1.089300 ms)

Prepare: number of updated asset objects reloaded= 0
========================================================================
Received Prepare
Begin MonoManager ReloadAssembly
Symbol file data-000001A9FD08B020 doesn't match image D:\Desktop\projet recherche\Unity-dynamic-destruction-asset\destruction\Library\ScriptAssemblies\RuntimeAssembly.dll
Symbol file LoadedFromMemory is not a mono symbol file
Symbol file LoadedFromMemory doesn't match image D:\Desktop\projet recherche\Unity-dynamic-destruction-asset\destruction\Library\PackageCache\com.unity.visualscripting@1.8.0\Editor\VisualScripting.Core\Dependencies\YamlDotNet\Unity.VisualScripting.YamlDotNet.dll
Symbol file LoadedFromMemory doesn't match image D:\Desktop\projet recherche\Unity-dynamic-destruction-asset\destruction\Library\PackageCache\com.unity.visualscripting@1.8.0\Editor\VisualScripting.Core\Dependencies\DotNetZip\Unity.VisualScripting.IonicZip.dll
- Loaded All Assemblies, in  0.486 seconds
Refreshing native plugins compatible for Editor in 0.48 ms, found 3 plugins.
Native extension for UWP target not found
Native extension for WindowsStandalone target not found
Native extension for WebGL target not found
Mono: successfully reloaded assembly
- Finished resetting the current domain, in  0.465 seconds
Domain Reload Profiling: 951ms
	BeginReloadAssembly (159ms)
		ExecutionOrderSort (0ms)
		DisableScriptedObjects (5ms)
		BackupInstance (0ms)
		ReleaseScriptingObjects (0ms)
		CreateAndSetChildDomain (36ms)
	RebuildCommonClasses (39ms)
	RebuildNativeTypeToScriptingClass (11ms)
	initialDomainReloadingComplete (23ms)
	LoadAllAssembliesAndSetupDomain (253ms)
		LoadAssemblies (239ms)
		RebuildTransferFunctionScriptingTraits (0ms)
		AnalyzeDomain (99ms)
			TypeCache.Refresh (4ms)
				TypeCache.ScanAssembly (0ms)
			BuildScriptInfoCaches (89ms)
			ResolveRequiredComponents (3ms)
	FinalizeReload (466ms)
		ReleaseScriptCaches (0ms)
		RebuildScriptCaches (0ms)
		SetupLoadedEditorAssemblies (304ms)
			LogAssemblyErrors (0ms)
			InitializePlatformSupportModulesInManaged (3ms)
			SetLoadedEditorAssemblies (2ms)
			BeforeProcessingInitializeOnLoad (35ms)
			ProcessInitializeOnLoadAttributes (241ms)
			ProcessInitializeOnLoadMethodAttributes (16ms)
			AfterProcessingInitializeOnLoad (6ms)
			EditorAssembliesLoaded (0ms)
		ExecutionOrderSort2 (0ms)
		AwakeInstancesAfterBackupRestoration (7ms)
Refreshing native plugins compatible for Editor in 0.47 ms, found 3 plugins.
Preloading 0 native plugins for Editor in 0.00 ms.
Unloading 0 Unused Serialized files (Serialized files now loaded: 0)
Unloading 3388 unused Assets / (0.6 MB). Loaded Objects now: 4068.
Memory consumption went from 168.7 MB to 168.1 MB.
Total: 4.879800 ms (FindLiveObjects: 0.352100 ms CreateObjectMapping: 0.175100 ms MarkObjects: 3.736400 ms  DeleteObjects: 0.615600 ms)

Prepare: number of updated asset objects reloaded= 0
========================================================================
Received Prepare
Begin MonoManager ReloadAssembly
Symbol file data-000001A9FD08B020 doesn't match image D:\Desktop\projet recherche\Unity-dynamic-destruction-asset\destruction\Library\ScriptAssemblies\RuntimeAssembly.dll
Symbol file LoadedFromMemory is not a mono symbol file
Symbol file LoadedFromMemory doesn't match image D:\Desktop\projet recherche\Unity-dynamic-destruction-asset\destruction\Library\PackageCache\com.unity.visualscripting@1.8.0\Editor\VisualScripting.Core\Dependencies\YamlDotNet\Unity.VisualScripting.YamlDotNet.dll
Symbol file LoadedFromMemory doesn't match image D:\Desktop\projet recherche\Unity-dynamic-destruction-asset\destruction\Library\PackageCache\com.unity.visualscripting@1.8.0\Editor\VisualScripting.Core\Dependencies\DotNetZip\Unity.VisualScripting.IonicZip.dll
- Loaded All Assemblies, in  0.578 seconds
Refreshing native plugins compatible for Editor in 0.44 ms, found 3 plugins.
Native extension for UWP target not found
Native extension for WindowsStandalone target not found
Native extension for WebGL target not found
Mono: successfully reloaded assembly
- Finished resetting the current domain, in  0.523 seconds
Domain Reload Profiling: 1101ms
	BeginReloadAssembly (162ms)
		ExecutionOrderSort (0ms)
		DisableScriptedObjects (5ms)
		BackupInstance (0ms)
		ReleaseScriptingObjects (0ms)
		CreateAndSetChildDomain (37ms)
	RebuildCommonClasses (31ms)
	RebuildNativeTypeToScriptingClass (15ms)
	initialDomainReloadingComplete (29ms)
	LoadAllAssembliesAndSetupDomain (340ms)
		LoadAssemblies (261ms)
		RebuildTransferFunctionScriptingTraits (0ms)
		AnalyzeDomain (165ms)
			TypeCache.Refresh (8ms)
				TypeCache.ScanAssembly (0ms)
			BuildScriptInfoCaches (151ms)
			ResolveRequiredComponents (4ms)
	FinalizeReload (523ms)
		ReleaseScriptCaches (0ms)
		RebuildScriptCaches (0ms)
		SetupLoadedEditorAssemblies (325ms)
			LogAssemblyErrors (0ms)
			InitializePlatformSupportModulesInManaged (4ms)
			SetLoadedEditorAssemblies (3ms)
			BeforeProcessingInitializeOnLoad (40ms)
			ProcessInitializeOnLoadAttributes (255ms)
			ProcessInitializeOnLoadMethodAttributes (17ms)
			AfterProcessingInitializeOnLoad (6ms)
			EditorAssembliesLoaded (0ms)
		ExecutionOrderSort2 (0ms)
		AwakeInstancesAfterBackupRestoration (8ms)
Refreshing native plugins compatible for Editor in 0.49 ms, found 3 plugins.
Preloading 0 native plugins for Editor in 0.00 ms.
Unloading 0 Unused Serialized files (Serialized files now loaded: 0)
Unloading 3388 unused Assets / (0.8 MB). Loaded Objects now: 4069.
Memory consumption went from 170.7 MB to 169.9 MB.
Total: 6.650200 ms (FindLiveObjects: 0.431800 ms CreateObjectMapping: 0.178000 ms MarkObjects: 5.258300 ms  DeleteObjects: 0.780200 ms)

Prepare: number of updated asset objects reloaded= 0
========================================================================
Received Prepare
Begin MonoManager ReloadAssembly
Symbol file data-000001A9FD08B020 doesn't match image D:\Desktop\projet recherche\Unity-dynamic-destruction-asset\destruction\Library\ScriptAssemblies\RuntimeAssembly.dll
Symbol file LoadedFromMemory is not a mono symbol file
Symbol file LoadedFromMemory doesn't match image D:\Desktop\projet recherche\Unity-dynamic-destruction-asset\destruction\Library\PackageCache\com.unity.visualscripting@1.8.0\Editor\VisualScripting.Core\Dependencies\YamlDotNet\Unity.VisualScripting.YamlDotNet.dll
Symbol file LoadedFromMemory doesn't match image D:\Desktop\projet recherche\Unity-dynamic-destruction-asset\destruction\Library\PackageCache\com.unity.visualscripting@1.8.0\Editor\VisualScripting.Core\Dependencies\DotNetZip\Unity.VisualScripting.IonicZip.dll
- Loaded All Assemblies, in  0.591 seconds
Refreshing native plugins compatible for Editor in 0.69 ms, found 3 plugins.
Native extension for UWP target not found
Native extension for WindowsStandalone target not found
Native extension for WebGL target not found
Mono: successfully reloaded assembly
- Finished resetting the current domain, in  0.513 seconds
Domain Reload Profiling: 1104ms
	BeginReloadAssembly (164ms)
		ExecutionOrderSort (0ms)
		DisableScriptedObjects (5ms)
		BackupInstance (0ms)
		ReleaseScriptingObjects (0ms)
		CreateAndSetChildDomain (37ms)
	RebuildCommonClasses (32ms)
	RebuildNativeTypeToScriptingClass (11ms)
	initialDomainReloadingComplete (23ms)
	LoadAllAssembliesAndSetupDomain (360ms)
		LoadAssemblies (277ms)
		RebuildTransferFunctionScriptingTraits (0ms)
		AnalyzeDomain (171ms)
			TypeCache.Refresh (15ms)
				TypeCache.ScanAssembly (1ms)
			BuildScriptInfoCaches (150ms)
			ResolveRequiredComponents (3ms)
	FinalizeReload (514ms)
		ReleaseScriptCaches (0ms)
		RebuildScriptCaches (0ms)
		SetupLoadedEditorAssemblies (330ms)
			LogAssemblyErrors (0ms)
			InitializePlatformSupportModulesInManaged (4ms)
			SetLoadedEditorAssemblies (3ms)
			BeforeProcessingInitializeOnLoad (42ms)
			ProcessInitializeOnLoadAttributes (256ms)
			ProcessInitializeOnLoadMethodAttributes (18ms)
			AfterProcessingInitializeOnLoad (6ms)
			EditorAssembliesLoaded (0ms)
		ExecutionOrderSort2 (0ms)
		AwakeInstancesAfterBackupRestoration (8ms)
Refreshing native plugins compatible for Editor in 0.48 ms, found 3 plugins.
Preloading 0 native plugins for Editor in 0.00 ms.
Unloading 0 Unused Serialized files (Serialized files now loaded: 0)
Unloading 3388 unused Assets / (0.7 MB). Loaded Objects now: 4070.
Memory consumption went from 172.6 MB to 171.9 MB.
Total: 5.012700 ms (FindLiveObjects: 0.339900 ms CreateObjectMapping: 0.176900 ms MarkObjects: 3.916200 ms  DeleteObjects: 0.579000 ms)

Prepare: number of updated asset objects reloaded= 0
========================================================================
Received Prepare
Begin MonoManager ReloadAssembly
Symbol file data-000001AA2B7E0020 doesn't match image D:\Desktop\projet recherche\Unity-dynamic-destruction-asset\destruction\Library\ScriptAssemblies\RuntimeAssembly.dll
Symbol file LoadedFromMemory is not a mono symbol file
Symbol file LoadedFromMemory doesn't match image D:\Desktop\projet recherche\Unity-dynamic-destruction-asset\destruction\Library\PackageCache\com.unity.visualscripting@1.8.0\Editor\VisualScripting.Core\Dependencies\YamlDotNet\Unity.VisualScripting.YamlDotNet.dll
Symbol file LoadedFromMemory doesn't match image D:\Desktop\projet recherche\Unity-dynamic-destruction-asset\destruction\Library\PackageCache\com.unity.visualscripting@1.8.0\Editor\VisualScripting.Core\Dependencies\DotNetZip\Unity.VisualScripting.IonicZip.dll
- Loaded All Assemblies, in  0.506 seconds
Refreshing native plugins compatible for Editor in 0.46 ms, found 3 plugins.
Native extension for UWP target not found
Native extension for WindowsStandalone target not found
Native extension for WebGL target not found
Mono: successfully reloaded assembly
- Finished resetting the current domain, in  0.458 seconds
Domain Reload Profiling: 963ms
	BeginReloadAssembly (170ms)
		ExecutionOrderSort (0ms)
		DisableScriptedObjects (6ms)
		BackupInstance (0ms)
		ReleaseScriptingObjects (0ms)
		CreateAndSetChildDomain (39ms)
	RebuildCommonClasses (30ms)
	RebuildNativeTypeToScriptingClass (10ms)
	initialDomainReloadingComplete (24ms)
	LoadAllAssembliesAndSetupDomain (271ms)
		LoadAssemblies (258ms)
		RebuildTransferFunctionScriptingTraits (0ms)
		AnalyzeDomain (104ms)
			TypeCache.Refresh (5ms)
				TypeCache.ScanAssembly (0ms)
			BuildScriptInfoCaches (93ms)
			ResolveRequiredComponents (3ms)
	FinalizeReload (459ms)
		ReleaseScriptCaches (0ms)
		RebuildScriptCaches (0ms)
		SetupLoadedEditorAssemblies (298ms)
			LogAssemblyErrors (0ms)
			InitializePlatformSupportModulesInManaged (3ms)
			SetLoadedEditorAssemblies (2ms)
			BeforeProcessingInitializeOnLoad (33ms)
			ProcessInitializeOnLoadAttributes (238ms)
			ProcessInitializeOnLoadMethodAttributes (16ms)
			AfterProcessingInitializeOnLoad (7ms)
			EditorAssembliesLoaded (0ms)
		ExecutionOrderSort2 (0ms)
		AwakeInstancesAfterBackupRestoration (8ms)
Refreshing native plugins compatible for Editor in 0.50 ms, found 3 plugins.
Preloading 0 native plugins for Editor in 0.00 ms.
Unloading 0 Unused Serialized files (Serialized files now loaded: 0)
Unloading 3388 unused Assets / (0.6 MB). Loaded Objects now: 4071.
Memory consumption went from 174.5 MB to 173.9 MB.
Total: 4.863600 ms (FindLiveObjects: 0.357200 ms CreateObjectMapping: 0.155100 ms MarkObjects: 3.746600 ms  DeleteObjects: 0.604000 ms)

Prepare: number of updated asset objects reloaded= 0
========================================================================
Received Prepare
Refreshing native plugins compatible for Editor in 0.52 ms, found 3 plugins.
Preloading 0 native plugins for Editor in 0.00 ms.
Unloading 0 Unused Serialized files (Serialized files now loaded: 0)
Unloading 3383 unused Assets / (1.0 MB). Loaded Objects now: 4071.
Memory consumption went from 174.7 MB to 173.7 MB.
Total: 6.492900 ms (FindLiveObjects: 0.382100 ms CreateObjectMapping: 0.168600 ms MarkObjects: 4.778000 ms  DeleteObjects: 1.162600 ms)

Prepare: number of updated asset objects reloaded= 0
========================================================================
Received Prepare
Begin MonoManager ReloadAssembly
Symbol file data-000001AA217F6010 doesn't match image D:\Desktop\projet recherche\Unity-dynamic-destruction-asset\destruction\Library\ScriptAssemblies\RuntimeAssembly.dll
Symbol file LoadedFromMemory is not a mono symbol file
Symbol file LoadedFromMemory doesn't match image D:\Desktop\projet recherche\Unity-dynamic-destruction-asset\destruction\Library\PackageCache\com.unity.visualscripting@1.8.0\Editor\VisualScripting.Core\Dependencies\YamlDotNet\Unity.VisualScripting.YamlDotNet.dll
Symbol file LoadedFromMemory doesn't match image D:\Desktop\projet recherche\Unity-dynamic-destruction-asset\destruction\Library\PackageCache\com.unity.visualscripting@1.8.0\Editor\VisualScripting.Core\Dependencies\DotNetZip\Unity.VisualScripting.IonicZip.dll
- Loaded All Assemblies, in  0.590 seconds
Refreshing native plugins compatible for Editor in 0.49 ms, found 3 plugins.
Native extension for UWP target not found
Native extension for WindowsStandalone target not found
Native extension for WebGL target not found
Mono: successfully reloaded assembly
- Finished resetting the current domain, in  0.572 seconds
Domain Reload Profiling: 1161ms
	BeginReloadAssembly (170ms)
		ExecutionOrderSort (0ms)
		DisableScriptedObjects (5ms)
		BackupInstance (0ms)
		ReleaseScriptingObjects (0ms)
		CreateAndSetChildDomain (39ms)
	RebuildCommonClasses (35ms)
	RebuildNativeTypeToScriptingClass (13ms)
	initialDomainReloadingComplete (29ms)
	LoadAllAssembliesAndSetupDomain (341ms)
		LoadAssemblies (315ms)
		RebuildTransferFunctionScriptingTraits (0ms)
		AnalyzeDomain (115ms)
			TypeCache.Refresh (9ms)
				TypeCache.ScanAssembly (0ms)
			BuildScriptInfoCaches (100ms)
			ResolveRequiredComponents (3ms)
	FinalizeReload (573ms)
		ReleaseScriptCaches (0ms)
		RebuildScriptCaches (0ms)
		SetupLoadedEditorAssemblies (377ms)
			LogAssemblyErrors (0ms)
			InitializePlatformSupportModulesInManaged (3ms)
			SetLoadedEditorAssemblies (3ms)
			BeforeProcessingInitializeOnLoad (40ms)
			ProcessInitializeOnLoadAttributes (303ms)
			ProcessInitializeOnLoadMethodAttributes (19ms)
			AfterProcessingInitializeOnLoad (8ms)
			EditorAssembliesLoaded (0ms)
		ExecutionOrderSort2 (0ms)
		AwakeInstancesAfterBackupRestoration (10ms)
Refreshing native plugins compatible for Editor in 0.49 ms, found 3 plugins.
Preloading 0 native plugins for Editor in 0.00 ms.
Unloading 0 Unused Serialized files (Serialized files now loaded: 0)
Unloading 3388 unused Assets / (1.0 MB). Loaded Objects now: 4072.
Memory consumption went from 176.5 MB to 175.4 MB.
Total: 7.087300 ms (FindLiveObjects: 0.723300 ms CreateObjectMapping: 0.192500 ms MarkObjects: 4.842800 ms  DeleteObjects: 1.327200 ms)

Prepare: number of updated asset objects reloaded= 0
