{"cameraMode":{"drawMode":0,"name":"Shaded","section":"Shading Mode"},"sceneLighting":true,"audioPlay":false,"sceneViewState":{"m_AlwaysRefresh":false,"showFog":true,"showSkybox":true,"showFlares":true,"showImageEffects":true,"showParticleSystems":true,"showVisualEffectGraphs":true,"m_FxEnabled":true},"in2DMode":false,"pivot":{"x":0.005085945129394531,"y":6.073052406311035,"z":-3.362461566925049},"rotation":{"x":-0.011536243371665478,"y":-0.9848494529724121,"z":0.07222023606300354,"w":-0.15732192993164063},"size":10.914928436279297,"orthographic":false}