{"cameraMode":{"drawMode":0,"name":"Shaded","section":"Shading Mode"},"sceneLighting":true,"audioPlay":false,"sceneViewState":{"m_AlwaysRefresh":false,"showFog":true,"showSkybox":true,"showFlares":true,"showImageEffects":true,"showParticleSystems":true,"showVisualEffectGraphs":true,"m_FxEnabled":true},"in2DMode":false,"pivot":{"x":2.422701358795166,"y":4.1989946365356449,"z":-0.8774744868278503},"rotation":{"x":0.008922280743718148,"y":-0.7369229197502136,"z":0.009727447293698788,"w":0.6758525371551514},"size":3.1818721294403078,"orthographic":false}