{"cameraMode":{"drawMode":0,"name":"Shaded","section":"Shading Mode"},"sceneLighting":true,"audioPlay":false,"sceneViewState":{"m_AlwaysRefresh":false,"showFog":true,"showSkybox":true,"showFlares":true,"showImageEffects":true,"showParticleSystems":true,"showVisualEffectGraphs":true,"m_FxEnabled":true},"in2DMode":false,"pivot":{"x":0.8836002349853516,"y":2.1149187088012697,"z":2.538816213607788},"rotation":{"x":-0.03359260782599449,"y":-0.9237381219863892,"z":-0.08222692459821701,"w":0.37313079833984377},"size":3.511629104614258,"orthographic":false}