{"cameraMode":{"drawMode":0,"name":"Shaded","section":"Shading Mode"},"sceneLighting":true,"audioPlay":false,"sceneViewState":{"m_AlwaysRefresh":false,"showFog":true,"showSkybox":true,"showFlares":true,"showImageEffects":true,"showParticleSystems":true,"showVisualEffectGraphs":true,"m_FxEnabled":true},"in2DMode":false,"pivot":{"x":1.6954694986343384,"y":2.165875196456909,"z":2.3384900093078615},"rotation":{"x":0.07234132289886475,"y":-0.9070127010345459,"z":0.1752232164144516,"w":0.3766448199748993},"size":3.6092946529388429,"orthographic":false}