{"cameraMode":{"drawMode":0,"name":"Shaded","section":"Shading Mode"},"sceneLighting":true,"audioPlay":false,"sceneViewState":{"m_AlwaysRefresh":false,"showFog":true,"showSkybox":true,"showFlares":true,"showImageEffects":true,"showParticleSystems":true,"showVisualEffectGraphs":true,"m_FxEnabled":true},"in2DMode":false,"pivot":{"x":1.2559738159179688,"y":1.3416945934295655,"z":-2.4762818813323976},"rotation":{"x":0.06788623332977295,"y":-0.7540215253829956,"z":0.07891135662794113,"w":0.6486185193061829},"size":7.93509578704834,"orthographic":false}