{"cameraMode":{"drawMode":0,"name":"Shaded","section":"Shading Mode"},"sceneLighting":true,"audioPlay":false,"sceneViewState":{"m_AlwaysRefresh":false,"showFog":true,"showSkybox":true,"showFlares":true,"showImageEffects":true,"showParticleSystems":true,"showVisualEffectGraphs":true,"m_FxEnabled":true},"in2DMode":false,"pivot":{"x":0.6790218353271484,"y":3.4048545360565187,"z":1.6951963901519776},"rotation":{"x":-0.04451748728752136,"y":0.6327428817749023,"z":-0.036502886563539508,"w":-0.7722565531730652},"size":4.73461389541626,"orthographic":false}