{"cameraMode":{"drawMode":0,"name":"Shaded","section":"Shading Mode"},"sceneLighting":true,"audioPlay":false,"sceneViewState":{"m_AlwaysRefresh":false,"showFog":true,"showSkybox":true,"showFlares":true,"showImageEffects":true,"showParticleSystems":true,"showVisualEffectGraphs":true,"m_FxEnabled":true},"in2DMode":false,"pivot":{"x":0.029177041724324228,"y":5.785622596740723,"z":-3.376520872116089},"rotation":{"x":0.04039696604013443,"y":-0.9494897723197937,"z":0.13647140562534333,"w":0.2799135446548462},"size":12.4557466506958,"orthographic":false}